Test Size,Method,M,C,theta,SP,SE,Gmean,F1 Score,Precision,Accuracy,AUC,Ma tran nham lan,List of err_w,List of alpha
0.2,EANR-AdaBoost2_DecisionTree | ORIG,10,10,0.3,0.9897959183673469,0.0,0.0,0.0,0.0,0.97,0.49489795918367346,"[[388   4]
 [  8   0]]",None,"[np.float64(5.353593523377052), np.float64(1.70361984527489), np.float64(0.5274555968826944), np.float64(0.3382210801330711), np.float64(0.2509257329980961), np.float64(0.19991708716706552), np.float64(0.16630068876938478), np.float64(0.14242733523749054), np.float64(0.12457872947673355), np.float64(0.11072163246884244)]"
0.2,EANR-AdaBoost2_SVM | ORIG,10,10,0.3,0.0,1.0,0.0,0.0392156862745098,0.02,0.02,0.5,"[[  0 392]
 [  0   8]]",None,"[np.float64(2.5674523993782326), np.float64(0.2776505827152577), np.float64(-0.16633916736702772), np.float64(0.14126586166251642), np.float64(-0.12384192920288616), np.float64(0.1014068491207841), np.float64(-0.08884411715826811), np.float64(0.07354142359638755), np.float64(-0.05427296720262256), np.float64(0.0273267391557312)]"
0.2,EANR-AdaBoost2_DecisionTree | ORIG,10,10,0.5,0.9897959183673469,0.0,0.0,0.0,0.0,0.97,0.49489795918367346,"[[388   4]
 [  8   0]]",None,"[np.float64(5.099169740127595), np.float64(1.7056334646569185), np.float64(0.5275424892898566), np.float64(0.3382549308583026), np.float64(0.25094404950713733), np.float64(0.19992862508358966), np.float64(0.16630863997586284), np.float64(0.14243315309751242), np.float64(0.1245831734659427), np.float64(0.11072513899286766)]"
0.2,EANR-AdaBoost2_WSVM | ORIG,10,10,0.3,0.0,1.0,0.0,0.0392156862745098,0.02,0.02,0.5,"[[  0 392]
 [  0   8]]",None,"[np.float64(2.5674523993782326), np.float64(0.21551280254384925), np.float64(-0.08512585409668072), np.float64(0.29060024672923707), np.float64(0.22175714931243343), np.float64(-0.10071199701059141), np.float64(-4.440892098500628e-16), np.float64(0.05378146802364557), np.float64(-0.0470380391732058), np.float64(2.2204460492503126e-16)]"
0.2,EANR-AdaBoost2_SVM | ORIG,10,10,0.5,0.0,1.0,0.0,0.0392156862745098,0.02,0.02,0.5,"[[  0 392]
 [  0   8]]",None,"[np.float64(2.3110794477571814), np.float64(0.277650582715258), np.float64(-0.1663391673670282), np.float64(0.14126586166251642), np.float64(-0.12384192920288616), np.float64(0.1014068491207841), np.float64(-0.08884411715826811), np.float64(0.07354142359638735), np.float64(-0.05427296720262256), np.float64(0.027326739155731413)]"
0.2,EANR-AdaBoost2_DecisionTree | ORIG,10,10,0.7,0.9846938775510204,0.0,0.0,0.0,0.0,0.965,0.4923469387755102,"[[386   6]
 [  8   0]]",None,"[np.float64(4.9319220162055535), np.float64(1.7076466976455575), np.float64(0.5276290231465877), np.float64(0.33828863679909), np.float64(0.25096228660561476), np.float64(0.19994011261016548), np.float64(0.16631655629517844), np.float64(0.14243894534836882), np.float64(0.12458759784701198), np.float64(0.11072863001684873)]"
0.2,EANR-AdaBoost2_WSVM | ORIG,10,10,0.5,0.0,1.0,0.0,0.0392156862745098,0.02,0.02,0.5,"[[  0 392]
 [  0   8]]",None,"[np.float64(2.3110794477571814), np.float64(0.24642494904845252), np.float64(-0.1599987096310274), np.float64(0.27531891078092163), np.float64(0.22487731967917027), np.float64(-0.08427217145403626), np.float64(2.2204460492503126e-16), np.float64(0.008877080115672375), np.float64(0.00831226217257381), np.float64(0.0072711383943709065)]"
0.2,EANR-AdaBoost2_SVM | ORIG,10,10,0.7,0.0,1.0,0.0,0.0392156862745098,0.02,0.02,0.5,"[[  0 392]
 [  0   8]]",None,"[np.float64(2.141882678782805), np.float64(0.2776505827152583), np.float64(-0.16633916736702795), np.float64(0.141265861662516), np.float64(-0.12384192920288595), np.float64(0.1014068491207841), np.float64(-0.0888441171582679), np.float64(0.07354142359638735), np.float64(-0.05427296720262256), np.float64(0.0273267391557312)]"
0.2,EANR-AdaBoost2_DecisionTree | ORIG,10,10,1,0.9872448979591837,0.0,0.0,0.0,0.0,0.9675,0.49362244897959184,"[[387   5]
 [  8   0]]",None,"[np.float64(4.755065946362282), np.float64(1.7106658235062238), np.float64(0.5277581549968727), np.float64(0.33833892568283064), np.float64(0.250989494169573), np.float64(0.19995724994022945), np.float64(0.1663283657246326), np.float64(0.1424475859761063), np.float64(0.12459419785989481), np.float64(0.11073383765402646)]"
0.2,EANR-AdaBoost2_WSVM | ORIG,10,10,0.7,0.0,1.0,0.0,0.0392156862745098,0.02,0.02,0.5,"[[  0 392]
 [  0   8]]",None,"[np.float64(2.141882678782805), np.float64(0.2208582061667942), np.float64(-0.09129858418423942), np.float64(0.283111314566056), np.float64(0.22427286034462246), np.float64(-0.10635007325582145), np.float64(0.0), np.float64(0.05409142491796125), np.float64(-0.047305062415043946), np.float64(2.2204460492503126e-16)]"
0.2,EANR-AdaBoost2_SVM | ORIG,10,10,1,0.0,1.0,0.0,0.0392156862745098,0.02,0.02,0.5,"[[  0 392]
 [  0   8]]",None,"[np.float64(1.9621032741239401), np.float64(0.2776505827152585), np.float64(-0.16633916736702795), np.float64(0.14126586166251592), np.float64(-0.12384192920288566), np.float64(0.1014068491207841), np.float64(-0.08884411715826811), np.float64(0.07354142359638755), np.float64(-0.054272967202623), np.float64(0.027326739155731413)]"
0.2,EANR-AdaBoost2_DecisionTree | ORIG,10,10,1.5,0.9846938775510204,0.0,0.0,0.0,0.0,0.965,0.4923469387755102,"[[386   6]
 [  8   0]]",None,"[np.float64(4.554799223043223), np.float64(1.715695773496285), np.float64(0.5279716035857713), np.float64(0.3384220258727865), np.float64(0.251034448284824), np.float64(0.19998556356766806), np.float64(0.16634787601669773), np.float64(0.1424618607078538), np.float64(0.12460510117175877), np.float64(0.11074244060463667)]"
0.2,EANR-AdaBoost2_WSVM | ORIG,10,10,1,0.0,1.0,0.0,0.0392156862745098,0.02,0.02,0.5,"[[  0 392]
 [  0   8]]",None,"[np.float64(1.9621032741239401), np.float64(0.2356233187426667), np.float64(-0.1037382728825203), np.float64(0.28097011546468204), np.float64(0.20939393039045556), np.float64(-0.09546686024042285), np.float64(0.0), np.float64(0.06960471528710566), np.float64(-0.05990102969145867), np.float64(2.2204460492503126e-16)]"
0.2,EANR-AdaBoost2_SVM | ORIG,10,10,1.5,0.0,1.0,0.0,0.0392156862745098,0.02,0.02,0.5,"[[  0 392]
 [  0   8]]",None,"[np.float64(1.7569649526986753), np.float64(0.2776505827152583), np.float64(-0.1663391673670282), np.float64(0.14126586166251642), np.float64(-0.12384192920288616), np.float64(0.1014068491207841), np.float64(-0.08884411715826811), np.float64(0.07354142359638735), np.float64(-0.05427296720262256), np.float64(0.027326739155731413)]"
0.2,EANR-AdaBoost2_DecisionTree | ORIG,10,10,2,0.9872448979591837,0.0,0.0,0.0,0.0,0.9675,0.49362244897959184,"[[387   5]
 [  8   0]]",None,"[np.float64(4.4134200500789955), np.float64(1.7207233204906787), np.float64(0.5281828586277605), np.float64(0.3385042415758959), np.float64(0.25107891755142636), np.float64(0.20001356962778646), np.float64(0.1663671734075439), np.float64(0.14247597917894614), np.float64(0.12461588485156369), np.float64(0.11075094899448022)]"
0.2,EANR-AdaBoost2_WSVM | ORIG,10,10,1.5,0.0,1.0,0.0,0.0392156862745098,0.02,0.02,0.5,"[[  0 392]
 [  0   8]]",None,"[np.float64(1.7569649526986753), np.float64(0.23319177931751656), np.float64(-0.11367396776714023), np.float64(0.2707794085210612), np.float64(0.2045530557246335), np.float64(-0.08248562129179089), np.float64(-2.2204460492503136e-16), np.float64(2.2204460492503126e-16), np.float64(-2.2204460492503136e-16), np.float64(2.2204460492503126e-16)]"
0.2,EANR-AdaBoost2_SVM | ORIG,10,10,2,0.0,1.0,0.0,0.0392156862745098,0.02,0.02,0.5,"[[  0 392]
 [  0   8]]",None,"[np.float64(1.6107149744687672), np.float64(0.2776505827152582), np.float64(-0.16633916736702795), np.float64(0.14126586166251634), np.float64(-0.12384192920288616), np.float64(0.1014068491207841), np.float64(-0.0888441171582679), np.float64(0.07354142359638755), np.float64(-0.054272967202623), np.float64(0.027326739155731413)]"
0.2,EANR-AdaBoost2_DecisionTree | ORIG,10,100,0.3,0.9897959183673469,0.0,0.0,0.0,0.0,0.97,0.49489795918367346,"[[388   4]
 [  8   0]]",None,"[np.float64(5.353593523377052), np.float64(1.70361984527489), np.float64(0.5274555968826944), np.float64(0.3382210801330711), np.float64(0.2509257329980961), np.float64(0.19991708716706552), np.float64(0.16630068876938478), np.float64(0.14242733523749054), np.float64(0.12457872947673355), np.float64(0.11072163246884244)]"
0.2,EANR-AdaBoost2_WSVM | ORIG,10,10,2,0.0,1.0,0.0,0.0392156862745098,0.02,0.02,0.5,"[[  0 392]
 [  0   8]]",None,"[np.float64(1.6107149744687672), np.float64(0.2349500306654916), np.float64(-0.10394994180829537), np.float64(0.28053971855187704), np.float64(0.2124237507705579), np.float64(-0.0973226432687538), np.float64(2.2204460492503126e-16), np.float64(0.017272567839021164), np.float64(0.01570560186995909), np.float64(0.015075390532468086)]"
0.2,EANR-AdaBoost2_SVM | ORIG,10,100,0.3,0.0,1.0,0.0,0.0392156862745098,0.02,0.02,0.5,"[[  0 392]
 [  0   8]]",None,"[np.float64(2.5674523993782326), np.float64(-0.001377496296745876), np.float64(2.2204460492503126e-16), np.float64(2.2204460492503126e-16), np.float64(1.1102230246251564e-16), np.float64(-2.2204460492503136e-16), np.float64(1.1102230246251564e-16), np.float64(1.1102230246251564e-16), np.float64(-2.2204460492503136e-16), np.float64(1.1102230246251564e-16)]"
0.2,EANR-AdaBoost2_DecisionTree | ORIG,10,100,0.5,0.9872448979591837,0.0,0.0,0.0,0.0,0.9675,0.49362244897959184,"[[387   5]
 [  8   0]]",None,"[np.float64(5.099169740127595), np.float64(1.7056334646569185), np.float64(0.5275424892898566), np.float64(0.3382549308583026), np.float64(0.25094404950713733), np.float64(0.19992862508358966), np.float64(0.16630863997586284), np.float64(0.14243315309751242), np.float64(0.1245831734659427), np.float64(0.11072513899286766)]"
0.2,EANR-AdaBoost2_WSVM | ORIG,10,100,0.3,0.0,1.0,0.0,0.0392156862745098,0.02,0.02,0.5,"[[  0 392]
 [  0   8]]",None,"[np.float64(2.5674523993782326), np.float64(0.21719269736600247), np.float64(-0.14329896199530268), np.float64(0.03810970315846219), np.float64(-0.01755000605580461), np.float64(-0.0008192302061004131), np.float64(-0.0005800408747225116), np.float64(0.0), np.float64(0.0), np.float64(0.0)]"
0.2,EANR-AdaBoost2_SVM | ORIG,10,100,0.5,0.0,1.0,0.0,0.0392156862745098,0.02,0.02,0.5,"[[  0 392]
 [  0   8]]",None,"[np.float64(2.3110794477571814), np.float64(-0.001377496296745208), np.float64(-2.2204460492503136e-16), np.float64(1.1102230246251564e-16), np.float64(1.1102230246251564e-16), np.float64(-2.2204460492503136e-16), np.float64(1.1102230246251564e-16), np.float64(1.1102230246251564e-16), np.float64(-2.2204460492503136e-16), np.float64(1.1102230246251564e-16)]"
0.2,EANR-AdaBoost2_DecisionTree | ORIG,10,100,0.7,0.9872448979591837,0.0,0.0,0.0,0.0,0.9675,0.49362244897959184,"[[387   5]
 [  8   0]]",None,"[np.float64(4.9319220162055535), np.float64(1.7076466976455575), np.float64(0.5276290231465877), np.float64(0.33828863679909), np.float64(0.25096228660561476), np.float64(0.19994011261016548), np.float64(0.16631655629517844), np.float64(0.14243894534836882), np.float64(0.12458759784701198), np.float64(0.11072863001684873)]"
0.2,EANR-AdaBoost2_WSVM | ORIG,10,100,0.5,0.0,1.0,0.0,0.0392156862745098,0.02,0.02,0.5,"[[  0 392]
 [  0   8]]",None,"[np.float64(2.3110794477571814), np.float64(0.15501591043893848), np.float64(-0.11804082586286256), np.float64(0.05294451193880661), np.float64(-0.024690621147560373), np.float64(-0.0006776294112626134), np.float64(6.72129694989629e-05), np.float64(-0.0013868155517958057), np.float64(0.00011831060051921447), np.float64(0.0)]"
0.2,EANR-AdaBoost2_SVM | ORIG,10,100,0.7,0.0,1.0,0.0,0.0392156862745098,0.02,0.02,0.5,"[[  0 392]
 [  0   8]]",None,"[np.float64(2.141882678782805), np.float64(-0.0013774962967449853), np.float64(-2.2204460492503136e-16), np.float64(-2.2204460492503136e-16), np.float64(1.1102230246251564e-16), np.float64(-2.2204460492503136e-16), np.float64(1.1102230246251564e-16), np.float64(1.1102230246251564e-16), np.float64(-2.2204460492503136e-16), np.float64(1.1102230246251564e-16)]"
0.2,EANR-AdaBoost2_DecisionTree | ORIG,10,100,1,0.9846938775510204,0.0,0.0,0.0,0.0,0.965,0.4923469387755102,"[[386   6]
 [  8   0]]",None,"[np.float64(4.755065946362282), np.float64(1.7106658235062238), np.float64(0.5277581549968727), np.float64(0.33833892568283064), np.float64(0.250989494169573), np.float64(0.19995724994022945), np.float64(0.1663283657246326), np.float64(0.1424475859761063), np.float64(0.12459419785989481), np.float64(0.11073383765402646)]"
0.2,EANR-AdaBoost2_WSVM | ORIG,10,100,0.7,0.0,1.0,0.0,0.0392156862745098,0.02,0.02,0.5,"[[  0 392]
 [  0   8]]",None,"[np.float64(2.141882678782805), np.float64(0.15501591043893873), np.float64(-0.11804082586286298), np.float64(0.05294451193880721), np.float64(-0.024690621147560547), np.float64(-0.000677629411262391), np.float64(6.721296949874088e-05), np.float64(-0.0013868155517958057), np.float64(0.00011831060051921447), np.float64(-4.440892098500628e-16)]"
0.2,EANR-AdaBoost2_SVM | ORIG,10,100,1,0.0,1.0,0.0,0.0392156862745098,0.02,0.02,0.5,"[[  0 392]
 [  0   8]]",None,"[np.float64(1.9621032741239401), np.float64(-0.001377496296745208), np.float64(-2.2204460492503136e-16), np.float64(-2.2204460492503136e-16), np.float64(1.1102230246251564e-16), np.float64(-2.2204460492503136e-16), np.float64(2.2204460492503126e-16), np.float64(-2.2204460492503136e-16), np.float64(2.2204460492503126e-16), np.float64(-2.2204460492503136e-16)]"
0.2,EANR-AdaBoost2_DecisionTree | ORIG,10,100,1.5,0.9897959183673469,0.0,0.0,0.0,0.0,0.97,0.49489795918367346,"[[388   4]
 [  8   0]]",None,"[np.float64(4.554799223043223), np.float64(1.715695773496285), np.float64(0.5279716035857713), np.float64(0.3384220258727865), np.float64(0.251034448284824), np.float64(0.19998556356766806), np.float64(0.16634787601669773), np.float64(0.1424618607078538), np.float64(0.12460510117175877), np.float64(0.11074244060463667)]"
0.2,EANR-AdaBoost2_WSVM | ORIG,10,100,1,0.0,1.0,0.0,0.0392156862745098,0.02,0.02,0.5,"[[  0 392]
 [  0   8]]",None,"[np.float64(1.9621032741239401), np.float64(0.15501591043893864), np.float64(-0.11804082586286277), np.float64(0.05294451193880681), np.float64(-0.024690621147560373), np.float64(-0.000677629411262391), np.float64(6.721296949874088e-05), np.float64(-0.0013868155517960284), np.float64(0.00011831060051921447), np.float64(4.440892098500624e-16)]"
0.2,EANR-AdaBoost2_SVM | ORIG,10,100,1.5,0.0,1.0,0.0,0.0392156862745098,0.02,0.02,0.5,"[[  0 392]
 [  0   8]]",None,"[np.float64(1.7569649526986753), np.float64(-0.001377496296745208), np.float64(-2.2204460492503136e-16), np.float64(1.1102230246251564e-16), np.float64(-2.2204460492503136e-16), np.float64(1.1102230246251564e-16), np.float64(1.1102230246251564e-16), np.float64(-2.2204460492503136e-16), np.float64(1.1102230246251564e-16), np.float64(1.1102230246251564e-16)]"
0.2,EANR-AdaBoost2_DecisionTree | ORIG,10,100,2,0.9872448979591837,0.0,0.0,0.0,0.0,0.9675,0.49362244897959184,"[[387   5]
 [  8   0]]",None,"[np.float64(4.4134200500789955), np.float64(1.7207233204906787), np.float64(0.5281828586277605), np.float64(0.3385042415758959), np.float64(0.25107891755142636), np.float64(0.20001356962778646), np.float64(0.1663671734075439), np.float64(0.14247597917894614), np.float64(0.12461588485156369), np.float64(0.11075094899448022)]"
0.2,EANR-AdaBoost2_WSVM | ORIG,10,100,1.5,0.0,1.0,0.0,0.0392156862745098,0.02,0.02,0.5,"[[  0 392]
 [  0   8]]",None,"[np.float64(1.7569649526986753), np.float64(0.15501591043893848), np.float64(-0.11804082586286256), np.float64(0.05294451193880661), np.float64(-0.024690621147560373), np.float64(-0.0006776294112626134), np.float64(6.72129694989629e-05), np.float64(-0.001386815551795583), np.float64(0.00011831060051888147), np.float64(0.0)]"
0.2,EANR-AdaBoost2_SVM | ORIG,10,100,2,0.0,1.0,0.0,0.0392156862745098,0.02,0.02,0.5,"[[  0 392]
 [  0   8]]",None,"[np.float64(1.6107149744687672), np.float64(-0.0013774962967456534), np.float64(0.0), np.float64(1.1102230246251564e-16), np.float64(0.0), np.float64(1.1102230246251564e-16), np.float64(0.0), np.float64(0.0), np.float64(0.0), np.float64(0.0)]"
0.2,EANR-AdaBoost2_DecisionTree | ORIG,10,1000,0.3,0.9872448979591837,0.0,0.0,0.0,0.0,0.9675,0.49362244897959184,"[[387   5]
 [  8   0]]",None,"[np.float64(5.353593523377052), np.float64(1.70361984527489), np.float64(0.5274555968826944), np.float64(0.3382210801330711), np.float64(0.2509257329980961), np.float64(0.19991708716706552), np.float64(0.16630068876938478), np.float64(0.14242733523749054), np.float64(0.12457872947673355), np.float64(0.11072163246884244)]"
0.2,EANR-AdaBoost2_WSVM | ORIG,10,100,2,0.0,1.0,0.0,0.0392156862745098,0.02,0.02,0.5,"[[  0 392]
 [  0   8]]",None,"[np.float64(1.6107149744687672), np.float64(0.15501591043893806), np.float64(-0.11804082586286256), np.float64(0.052944511938806914), np.float64(-0.024690621147560373), np.float64(-0.000677629411262391), np.float64(6.721296949874088e-05), np.float64(-0.001386815551795583), np.float64(0.00011831060051865948), np.float64(2.2204460492503126e-16)]"
0.2,EANR-AdaBoost2_SVM | ORIG,10,1000,0.3,0.017857142857142856,1.0,0.1336306209562122,0.0399002493765586,0.020356234096692113,0.0375,0.5089285714285714,"[[  7 385]
 [  0   8]]",None,"[np.float64(2.58973342734187), np.float64(0.014390257965201755), np.float64(1.917687497335938e-05), np.float64(-2.2204460492503136e-16), np.float64(2.2204460492503126e-16), np.float64(0.0), np.float64(0.0), np.float64(0.0), np.float64(0.0), np.float64(0.0)]"
0.2,EANR-AdaBoost2_DecisionTree | ORIG,10,1000,0.5,0.9948979591836735,0.0,0.0,0.0,0.0,0.975,0.49744897959183676,"[[390   2]
 [  8   0]]",None,"[np.float64(5.099169740127595), np.float64(1.7056334646569185), np.float64(0.5275424892898566), np.float64(0.3382549308583026), np.float64(0.25094404950713733), np.float64(0.19992862508358966), np.float64(0.16630863997586284), np.float64(0.14243315309751242), np.float64(0.1245831734659427), np.float64(0.11072513899286766)]"
0.2,EANR-AdaBoost2_WSVM | ORIG,10,1000,0.3,0.05102040816326531,0.875,0.21128856368212914,0.03617571059431524,0.018469656992084433,0.0675,0.4630102040816326,"[[ 20 372]
 [  1   7]]",None,"[np.float64(2.58973342734187), np.float64(0.11807933238991224), np.float64(-0.0649881625384589), np.float64(0.10642312546378616), np.float64(-0.010013958931346845), np.float64(-0.00984104652687534), np.float64(0.00031339970382895596), np.float64(-2.2204460492503136e-16), np.float64(-0.0007272816582311873), np.float64(0.0007267531039359766)]"
0.2,EANR-AdaBoost2_SVM | ORIG,10,1000,0.5,0.12244897959183673,0.875,0.32732683535398854,0.03899721448467967,0.019943019943019943,0.1375,0.4987244897959183,"[[ 48 344]
 [  1   7]]",None,"[np.float64(2.3906808345246557), np.float64(0.007763804707994379), np.float64(0.0015158049090950923), np.float64(0.0007532496780723118), np.float64(1.1102230246251564e-16), np.float64(2.2204460492503126e-16), np.float64(0.0), np.float64(0.0), np.float64(0.0), np.float64(0.0)]"
0.2,EANR-AdaBoost2_DecisionTree | ORIG,10,1000,0.7,0.9872448979591837,0.0,0.0,0.0,0.0,0.9675,0.49362244897959184,"[[387   5]
 [  8   0]]",None,"[np.float64(4.9319220162055535), np.float64(1.7076466976455575), np.float64(0.5276290231465877), np.float64(0.33828863679909), np.float64(0.25096228660561476), np.float64(0.19994011261016548), np.float64(0.16631655629517844), np.float64(0.14243894534836882), np.float64(0.12458759784701198), np.float64(0.11072863001684873)]"
0.2,EANR-AdaBoost2_WSVM | ORIG,10,1000,0.5,0.15816326530612246,0.875,0.37201190457142247,0.04057971014492753,0.020771513353115726,0.1725,0.5165816326530612,"[[ 62 330]
 [  1   7]]",None,"[np.float64(2.3906808345246557), np.float64(0.17648035724310301), np.float64(-0.10731315405532418), np.float64(0.059087480048889786), np.float64(0.00856263586518579), np.float64(-0.0009854573958567845), np.float64(-0.0013333140612729981), np.float64(8.026167745891363e-05), np.float64(0.0), np.float64(4.440892098500624e-16)]"
0.2,EANR-AdaBoost2_SVM | ORIG,10,1000,0.7,0.16581632653061223,0.875,0.3809058751375275,0.04093567251461988,0.020958083832335328,0.18,0.5204081632653061,"[[ 65 327]
 [  1   7]]",None,"[np.float64(2.2413975641244526), np.float64(0.061737128986191846), np.float64(-0.043342284777932394), np.float64(-0.01271825569142168), np.float64(0.02674938372792113), np.float64(-0.016904895771290736), np.float64(0.018134712540215266), np.float64(-0.017399292682532545), np.float64(0.016928866661235307), np.float64(-0.016277498882271133)]"
0.2,EANR-AdaBoost2_DecisionTree | ORIG,10,1000,1,0.9897959183673469,0.0,0.0,0.0,0.0,0.97,0.49489795918367346,"[[388   4]
 [  8   0]]",None,"[np.float64(4.755065946362282), np.float64(1.7106658235062238), np.float64(0.5277581549968727), np.float64(0.33833892568283064), np.float64(0.250989494169573), np.float64(0.19995724994022945), np.float64(0.1663283657246326), np.float64(0.1424475859761063), np.float64(0.12459419785989481), np.float64(0.11073383765402646)]"
0.2,EANR-AdaBoost2_WSVM | ORIG,10,1000,0.7,0.17091836734693877,0.875,0.3867215683519235,0.041176470588235294,0.02108433734939759,0.185,0.5229591836734694,"[[ 67 325]
 [  1   7]]",None,"[np.float64(2.2413975641244526), np.float64(0.14690760101155914), np.float64(-0.07871661664673059), np.float64(0.031706623654972), np.float64(0.018636804780094402), np.float64(-0.02376341360473136), np.float64(-0.007874072185439292), np.float64(-0.00045424637280970276), np.float64(2.2204460492503126e-16), np.float64(2.2204460492503126e-16)]"
0.2,EANR-AdaBoost2_SVM | ORIG,10,1000,1,0.08418367346938775,0.75,0.2512722728476837,0.032171581769437,0.01643835616438356,0.0975,0.41709183673469385,"[[ 33 359]
 [  2   6]]",None,"[np.float64(-1.033985748475238), np.float64(0.1965992834581853), np.float64(-0.028715422263713933), np.float64(-0.0002810850120102621), np.float64(4.440892098500624e-16), np.float64(-6.661338147750944e-16), np.float64(6.661338147750935e-16), np.float64(-4.440892098500628e-16), np.float64(5.55111512312578e-16), np.float64(-4.440892098500628e-16)]"
0.2,EANR-AdaBoost2_DecisionTree | ORIG,10,1000,1.5,0.9897959183673469,0.0,0.0,0.0,0.0,0.97,0.49489795918367346,"[[388   4]
 [  8   0]]",None,"[np.float64(4.554799223043223), np.float64(1.715695773496285), np.float64(0.5279716035857713), np.float64(0.3384220258727865), np.float64(0.251034448284824), np.float64(0.19998556356766806), np.float64(0.16634787601669773), np.float64(0.1424618607078538), np.float64(0.12460510117175877), np.float64(0.11074244060463667)]"
0.2,EANR-AdaBoost2_WSVM | ORIG,10,1000,1,0.03571428571428571,0.75,0.16366341767699427,0.030612244897959183,0.015625,0.05,0.39285714285714285,"[[ 14 378]
 [  2   6]]",None,"[np.float64(-1.033985748475238), np.float64(0.30735951088271785), np.float64(-0.11726138349044521), np.float64(-0.009691895684674079), np.float64(0.004151087655896498), np.float64(-0.0008749975736221586), np.float64(0.0001748464816381302), np.float64(2.2204460492503126e-16), np.float64(0.0), np.float64(0.0)]"
0.2,EANR-AdaBoost2_SVM | ORIG,10,1000,1.5,0.14540816326530612,0.75,0.33023646444476656,0.034383954154727794,0.017595307917888565,0.1575,0.4477040816326531,"[[ 57 335]
 [  2   6]]",None,"[np.float64(-0.7527095005001934), np.float64(0.07180606297198643), np.float64(0.00010931896154407692), np.float64(4.440892098500624e-16), np.float64(-2.2204460492503136e-16), np.float64(-2.2204460492503136e-16), np.float64(1.1102230246251564e-16), np.float64(1.1102230246251564e-16), np.float64(1.1102230246251564e-16), np.float64(-2.2204460492503136e-16)]"
0.2,EANR-AdaBoost2_DecisionTree | ORIG,10,1000,2,0.9872448979591837,0.0,0.0,0.0,0.0,0.9675,0.49362244897959184,"[[387   5]
 [  8   0]]",None,"[np.float64(4.4134200500789955), np.float64(1.7207233204906787), np.float64(0.5281828586277605), np.float64(0.3385042415758959), np.float64(0.25107891755142636), np.float64(0.20001356962778646), np.float64(0.1663671734075439), np.float64(0.14247597917894614), np.float64(0.12461588485156369), np.float64(0.11075094899448022)]"
0.2,EANR-AdaBoost2_WSVM | ORIG,10,1000,1.5,0.10714285714285714,0.75,0.2834733547569204,0.03296703296703297,0.016853932584269662,0.12,0.42857142857142855,"[[ 42 350]
 [  2   6]]",None,"[np.float64(-0.7527095005001934), np.float64(0.1783340029673763), np.float64(-0.08462269397215265), np.float64(-0.00853326300838384), np.float64(0.004991148022467503), np.float64(-0.002257421043260276), np.float64(0.0009274313998954902), np.float64(-0.0005294696508792639), np.float64(0.00039689207961197807), np.float64(-2.2204460492503136e-16)]"
0.2,EANR-AdaBoost2_SVM | ORIG,10,1000,2,0.15051020408163265,0.75,0.3359801378969068,0.0345821325648415,0.017699115044247787,0.1625,0.4502551020408163,"[[ 59 333]
 [  2   6]]",None,"[np.float64(-0.7305957260176451), np.float64(0.07011303235463909), np.float64(0.0003874310068904599), np.float64(-2.2204460492503136e-16), np.float64(5.55111512312578e-16), np.float64(0.0), np.float64(0.0), np.float64(0.0), np.float64(0.0), np.float64(0.0)]"
0.2,EANR-AdaBoost2_DecisionTree | ORIG,10,5000,0.3,0.9923469387755102,0.0,0.0,0.0,0.0,0.9725,0.4961734693877551,"[[389   3]
 [  8   0]]",None,"[np.float64(5.353593523377052), np.float64(1.70361984527489), np.float64(0.5274555968826944), np.float64(0.3382210801330711), np.float64(0.2509257329980961), np.float64(0.19991708716706552), np.float64(0.16630068876938478), np.float64(0.14242733523749054), np.float64(0.12457872947673355), np.float64(0.11072163246884244)]"
0.2,EANR-AdaBoost2_WSVM | ORIG,10,1000,2,0.14795918367346939,0.75,0.3331206804674577,0.034482758620689655,0.01764705882352941,0.16,0.4489795918367347,"[[ 58 334]
 [  2   6]]",None,"[np.float64(-0.7305957260176451), np.float64(0.06848651118249338), np.float64(0.0013940626308028671), np.float64(0.0), np.float64(4.440892098500624e-16), np.float64(0.0), np.float64(0.0), np.float64(0.0), np.float64(0.0), np.float64(0.0)]"
0.2,EANR-AdaBoost2_SVM | ORIG,10,5000,0.3,0.14540816326530612,0.75,0.33023646444476656,0.034383954154727794,0.017595307917888565,0.1575,0.4477040816326531,"[[ 57 335]
 [  2   6]]",None,"[np.float64(-0.8092754314660031), np.float64(0.07586737968110054), np.float64(2.4401474522479262e-05), np.float64(0.0), np.float64(-2.2204460492503136e-16), np.float64(0.0), np.float64(0.0), np.float64(0.0), np.float64(0.0), np.float64(0.0)]"
0.2,EANR-AdaBoost2_DecisionTree | ORIG,10,5000,0.5,0.9923469387755102,0.0,0.0,0.0,0.0,0.9725,0.4961734693877551,"[[389   3]
 [  8   0]]",None,"[np.float64(5.099169740127595), np.float64(1.7056334646569185), np.float64(0.5275424892898566), np.float64(0.3382549308583026), np.float64(0.25094404950713733), np.float64(0.19992862508358966), np.float64(0.16630863997586284), np.float64(0.14243315309751242), np.float64(0.1245831734659427), np.float64(0.11072513899286766)]"
0.2,EANR-AdaBoost2_WSVM | ORIG,10,5000,0.3,0.09438775510204081,0.75,0.2660654361741311,0.032520325203252036,0.01662049861495845,0.1075,0.4221938775510204,"[[ 37 355]
 [  2   6]]",None,"[np.float64(-0.8092754314660031), np.float64(0.23119970871960063), np.float64(-0.12250066528286908), np.float64(0.02541420538405283), np.float64(-0.025066398654552683), np.float64(1.1102230246251564e-16), np.float64(1.1102230246251564e-16), np.float64(0.0), np.float64(0.0), np.float64(0.0)]"
0.2,EANR-AdaBoost2_SVM | ORIG,10,5000,0.5,0.14795918367346939,0.75,0.3331206804674577,0.034482758620689655,0.01764705882352941,0.16,0.4489795918367347,"[[ 58 334]
 [  2   6]]",None,"[np.float64(-0.7993657229644952), np.float64(0.07472792303021221), np.float64(0.00011962352542528546), np.float64(4.440892098500624e-16), np.float64(-2.2204460492503136e-16), np.float64(-2.2204460492503136e-16), np.float64(0.0), np.float64(0.0), np.float64(0.0), np.float64(0.0)]"
0.2,EANR-AdaBoost2_DecisionTree | ORIG,10,5000,0.7,0.9872448979591837,0.0,0.0,0.0,0.0,0.9675,0.49362244897959184,"[[387   5]
 [  8   0]]",None,"[np.float64(4.9319220162055535), np.float64(1.7076466976455575), np.float64(0.5276290231465877), np.float64(0.33828863679909), np.float64(0.25096228660561476), np.float64(0.19994011261016548), np.float64(0.16631655629517844), np.float64(0.14243894534836882), np.float64(0.12458759784701198), np.float64(0.11072863001684873)]"
0.2,EANR-AdaBoost2_WSVM | ORIG,10,5000,0.5,0.14540816326530612,0.75,0.33023646444476656,0.034383954154727794,0.017595307917888565,0.1575,0.4477040816326531,"[[ 57 335]
 [  2   6]]",None,"[np.float64(-0.7993657229644952), np.float64(0.07420844863877016), np.float64(0.0007173408216641962), np.float64(-3.976651857236099e-05), np.float64(-3.9825277611232165e-05), np.float64(-2.2204460492503136e-16), np.float64(1.1102230246251564e-16), np.float64(1.1102230246251564e-16), np.float64(-2.2204460492503136e-16), np.float64(1.1102230246251564e-16)]"
0.2,EANR-AdaBoost2_SVM | ORIG,10,5000,0.7,0.16581632653061223,0.75,0.3526503153237768,0.03519061583577713,0.018018018018018018,0.1775,0.45790816326530615,"[[ 65 327]
 [  2   6]]",None,"[np.float64(-0.5918271312632307), np.float64(-0.09603986306363316), np.float64(-0.0002045232739797715), np.float64(-4.440892098500628e-16), np.float64(0.0), np.float64(0.0), np.float64(0.0), np.float64(0.0), np.float64(0.0), np.float64(0.0)]"
0.2,EANR-AdaBoost2_DecisionTree | ORIG,10,5000,1,0.9923469387755102,0.0,0.0,0.0,0.0,0.9725,0.4961734693877551,"[[389   3]
 [  8   0]]",None,"[np.float64(4.755065946362282), np.float64(1.7106658235062238), np.float64(0.5277581549968727), np.float64(0.33833892568283064), np.float64(0.250989494169573), np.float64(0.19995724994022945), np.float64(0.1663283657246326), np.float64(0.1424475859761063), np.float64(0.12459419785989481), np.float64(0.11073383765402646)]"
0.2,EANR-AdaBoost2_WSVM | ORIG,10,5000,0.7,0.16581632653061223,0.75,0.3526503153237768,0.03519061583577713,0.018018018018018018,0.1775,0.45790816326530615,"[[ 65 327]
 [  2   6]]",None,"[np.float64(-0.5918271312632307), np.float64(-0.09656251524897581), np.float64(0.00028025189769243164), np.float64(-3.3730802419575315e-05), np.float64(-3.3731940224521605e-05), np.float64(0.0), np.float64(0.0), np.float64(-4.440892098500628e-16), np.float64(0.0), np.float64(0.0)]"
0.2,EANR-AdaBoost2_SVM | ORIG,10,5000,1,0.1556122448979592,0.75,0.34162725838766056,0.034782608695652174,0.017804154302670624,0.1675,0.4528061224489796,"[[ 61 331]
 [  2   6]]",None,"[np.float64(-0.5818969003174337), np.float64(0.03945692000471601), np.float64(0.000286970509055723), np.float64(-1.6865565089016316e-05), np.float64(-2.2204460492503136e-16), np.float64(6.661338147750935e-16), np.float64(-4.440892098500628e-16), np.float64(-2.2204460492503136e-16), np.float64(6.661338147750935e-16), np.float64(-4.440892098500628e-16)]"
0.2,EANR-AdaBoost2_DecisionTree | ORIG,10,5000,1.5,0.9897959183673469,0.0,0.0,0.0,0.0,0.97,0.49489795918367346,"[[388   4]
 [  8   0]]",None,"[np.float64(4.554799223043223), np.float64(1.715695773496285), np.float64(0.5279716035857713), np.float64(0.3384220258727865), np.float64(0.251034448284824), np.float64(0.19998556356766806), np.float64(0.16634787601669773), np.float64(0.1424618607078538), np.float64(0.12460510117175877), np.float64(0.11074244060463667)]"
0.2,EANR-AdaBoost2_WSVM | ORIG,10,5000,1,0.1556122448979592,0.75,0.34162725838766056,0.034782608695652174,0.017804154302670624,0.1675,0.4528061224489796,"[[ 61 331]
 [  2   6]]",None,"[np.float64(-0.5818969003174337), np.float64(0.038521485468942435), np.float64(0.001019436409136328), np.float64(0.00012289037977393115), np.float64(1.1725536734519414e-05), np.float64(-5.001011045765576e-05), np.float64(-4.440892098500628e-16), np.float64(6.661338147750935e-16), np.float64(-4.440892098500628e-16), np.float64(-2.2204460492503136e-16)]"
0.2,EANR-AdaBoost2_SVM | ORIG,10,5000,1.5,0.16071428571428573,0.75,0.34718253741470684,0.03498542274052478,0.01791044776119403,0.1725,0.45535714285714285,"[[ 63 329]
 [  2   6]]",None,"[np.float64(-0.5659562404203999), np.float64(0.038771637180397625), np.float64(0.00015728904978557564), np.float64(1.1102230246251564e-16), np.float64(-6.661338147750944e-16), np.float64(4.440892098500624e-16), np.float64(1.1102230246251564e-16), np.float64(1.1102230246251564e-16), np.float64(1.1102230246251564e-16), np.float64(-6.661338147750944e-16)]"
0.2,EANR-AdaBoost2_DecisionTree | ORIG,10,5000,2,0.9872448979591837,0.0,0.0,0.0,0.0,0.9675,0.49362244897959184,"[[387   5]
 [  8   0]]",None,"[np.float64(4.4134200500789955), np.float64(1.7207233204906787), np.float64(0.5281828586277605), np.float64(0.3385042415758959), np.float64(0.25107891755142636), np.float64(0.20001356962778646), np.float64(0.1663671734075439), np.float64(0.14247597917894614), np.float64(0.12461588485156369), np.float64(0.11075094899448022)]"
0.2,EANR-AdaBoost2_WSVM | ORIG,10,5000,1.5,0.16071428571428573,0.75,0.34718253741470684,0.03498542274052478,0.01791044776119403,0.1725,0.45535714285714285,"[[ 63 329]
 [  2   6]]",None,"[np.float64(-0.5659562404203999), np.float64(0.037587211814467385), np.float64(0.0014929546804491837), np.float64(-0.000573850826703788), np.float64(0.0004169007182258685), np.float64(-0.00015670628071749832), np.float64(4.440892098500624e-16), np.float64(0.0), np.float64(0.0), np.float64(0.0)]"
0.2,EANR-AdaBoost2_SVM | ORIG,10,5000,2,0.1760204081632653,0.75,0.3633391062388537,0.03560830860534125,0.0182370820668693,0.1875,0.4630102040816326,"[[ 69 323]
 [  2   6]]",None,"[np.float64(-0.470833107246193), np.float64(-0.002493586224058085), np.float64(0.0), np.float64(0.0), np.float64(0.0), np.float64(0.0), np.float64(0.0), np.float64(0.0), np.float64(0.0), np.float64(0.0)]"
0.2,EANR-AdaBoost2_DecisionTree | ORIG,10,10000,0.3,0.9872448979591837,0.0,0.0,0.0,0.0,0.9675,0.49362244897959184,"[[387   5]
 [  8   0]]",None,"[np.float64(5.353593523377052), np.float64(1.70361984527489), np.float64(0.5274555968826944), np.float64(0.3382210801330711), np.float64(0.2509257329980961), np.float64(0.19991708716706552), np.float64(0.16630068876938478), np.float64(0.14242733523749054), np.float64(0.12457872947673355), np.float64(0.11072163246884244)]"
0.2,EANR-AdaBoost2_WSVM | ORIG,10,5000,2,0.1760204081632653,0.75,0.3633391062388537,0.03560830860534125,0.0182370820668693,0.1875,0.4630102040816326,"[[ 69 323]
 [  2   6]]",None,"[np.float64(-0.470833107246193), np.float64(-0.003486318347416667), np.float64(0.0009012042502155334), np.float64(-0.0002073941248724372), np.float64(-2.2204460492503136e-16), np.float64(1.1102230246251564e-16), np.float64(1.1102230246251564e-16), np.float64(0.0), np.float64(0.0), np.float64(0.0)]"
0.2,EANR-AdaBoost2_SVM | ORIG,10,10000,0.3,0.1556122448979592,0.75,0.34162725838766056,0.034782608695652174,0.017804154302670624,0.1675,0.4528061224489796,"[[ 61 331]
 [  2   6]]",None,"[np.float64(-0.8093565065785173), np.float64(0.07580608393690529), np.float64(2.7836169295939713e-05), np.float64(0.0), np.float64(0.0), np.float64(0.0), np.float64(0.0), np.float64(0.0), np.float64(0.0), np.float64(0.0)]"
0.2,EANR-AdaBoost2_DecisionTree | ORIG,10,10000,0.5,0.9897959183673469,0.0,0.0,0.0,0.0,0.97,0.49489795918367346,"[[388   4]
 [  8   0]]",None,"[np.float64(5.099169740127595), np.float64(1.7056334646569185), np.float64(0.5275424892898566), np.float64(0.3382549308583026), np.float64(0.25094404950713733), np.float64(0.19992862508358966), np.float64(0.16630863997586284), np.float64(0.14243315309751242), np.float64(0.1245831734659427), np.float64(0.11072513899286766)]"
0.2,EANR-AdaBoost2_WSVM | ORIG,10,10000,0.3,0.15051020408163265,0.75,0.3359801378969068,0.0345821325648415,0.017699115044247787,0.1625,0.4502551020408163,"[[ 59 333]
 [  2   6]]",None,"[np.float64(-0.8093565065785173), np.float64(0.07555204003072527), np.float64(0.04186687664682828), np.float64(-0.03987899879244401), np.float64(1.9019037483854557e-05), np.float64(-2.448546563858241e-05), np.float64(2.2204460492503126e-16), np.float64(-2.2204460492503136e-16), np.float64(0.0), np.float64(0.0)]"
0.2,EANR-AdaBoost2_SVM | ORIG,10,10000,0.5,0.1556122448979592,0.75,0.34162725838766056,0.034782608695652174,0.017804154302670624,0.1675,0.4528061224489796,"[[ 61 331]
 [  2   6]]",None,"[np.float64(-0.5987425758386796), np.float64(0.0405683743618634), np.float64(0.00011154299193257418), np.float64(6.661338147750935e-16), np.float64(5.55111512312578e-16), np.float64(-6.661338147750944e-16), np.float64(4.440892098500624e-16), np.float64(-6.661338147750944e-16), np.float64(6.661338147750935e-16), np.float64(-6.661338147750944e-16)]"
0.2,EANR-AdaBoost2_DecisionTree | ORIG,10,10000,0.7,0.9897959183673469,0.0,0.0,0.0,0.0,0.97,0.49489795918367346,"[[388   4]
 [  8   0]]",None,"[np.float64(4.9319220162055535), np.float64(1.7076466976455575), np.float64(0.5276290231465877), np.float64(0.33828863679909), np.float64(0.25096228660561476), np.float64(0.19994011261016548), np.float64(0.16631655629517844), np.float64(0.14243894534836882), np.float64(0.12458759784701198), np.float64(0.11072863001684873)]"
0.2,EANR-AdaBoost2_WSVM | ORIG,10,10000,0.5,0.1556122448979592,0.75,0.34162725838766056,0.034782608695652174,0.017804154302670624,0.1675,0.4528061224489796,"[[ 61 331]
 [  2   6]]",None,"[np.float64(-0.5987425758386796), np.float64(0.040059201053736636), np.float64(0.0004245276626125823), np.float64(6.024684689052125e-05), np.float64(3.211352305825537e-05), np.float64(2.786172730005845e-05), np.float64(-2.57329439509239e-05), np.float64(2.573228178323775e-05), np.float64(-2.5731619649825552e-05), np.float64(2.573095755105272e-05)]"
0.2,EANR-AdaBoost2_SVM | ORIG,10,10000,0.7,0.16071428571428573,0.75,0.34718253741470684,0.03498542274052478,0.01791044776119403,0.1725,0.45535714285714285,"[[ 63 329]
 [  2   6]]",None,"[np.float64(-0.592165379150073), np.float64(0.04021810559193386), np.float64(-2.365751834630151e-05), np.float64(2.2204460492503126e-16), np.float64(1.1102230246251564e-16), np.float64(0.0), np.float64(0.0), np.float64(0.0), np.float64(0.0), np.float64(0.0)]"
0.2,EANR-AdaBoost2_DecisionTree | ORIG,10,10000,1,0.9897959183673469,0.0,0.0,0.0,0.0,0.97,0.49489795918367346,"[[388   4]
 [  8   0]]",None,"[np.float64(4.755065946362282), np.float64(1.7106658235062238), np.float64(0.5277581549968727), np.float64(0.33833892568283064), np.float64(0.250989494169573), np.float64(0.19995724994022945), np.float64(0.1663283657246326), np.float64(0.1424475859761063), np.float64(0.12459419785989481), np.float64(0.11073383765402646)]"
0.2,EANR-AdaBoost2_WSVM | ORIG,10,10000,0.7,0.16071428571428573,0.75,0.34718253741470684,0.03498542274052478,0.01791044776119403,0.1725,0.45535714285714285,"[[ 63 329]
 [  2   6]]",None,"[np.float64(-0.592165379150073), np.float64(0.03968783435879722), np.float64(0.0006548588866964945), np.float64(-0.00017445106059657604), np.float64(4.138313988919874e-05), np.float64(-2.2204460492503136e-16), np.float64(3.186836340210281e-09), np.float64(3.850245222151781e-05), np.float64(5.661833980832233e-08), np.float64(-3.855758599561053e-05)]"
0.2,EANR-AdaBoost2_SVM | ORIG,10,10000,1,0.1760204081632653,0.75,0.3633391062388537,0.03560830860534125,0.0182370820668693,0.1875,0.4630102040816326,"[[ 69 323]
 [  2   6]]",None,"[np.float64(-0.49882997141058255), np.float64(-0.0013751177194957674), np.float64(6.661338147750935e-16), np.float64(-8.88178419700126e-16), np.float64(5.55111512312578e-16), np.float64(-6.661338147750944e-16), np.float64(6.661338147750935e-16), np.float64(-6.661338147750944e-16), np.float64(6.661338147750935e-16), np.float64(-6.661338147750944e-16)]"
0.2,EANR-AdaBoost2_DecisionTree | ORIG,10,10000,1.5,0.9897959183673469,0.0,0.0,0.0,0.0,0.97,0.49489795918367346,"[[388   4]
 [  8   0]]",None,"[np.float64(4.554799223043223), np.float64(1.715695773496285), np.float64(0.5279716035857713), np.float64(0.3384220258727865), np.float64(0.251034448284824), np.float64(0.19998556356766806), np.float64(0.16634787601669773), np.float64(0.1424618607078538), np.float64(0.12460510117175877), np.float64(0.11074244060463667)]"
0.2,EANR-AdaBoost2_WSVM | ORIG,10,10000,1,0.1760204081632653,0.75,0.3633391062388537,0.03560830860534125,0.0182370820668693,0.1875,0.4630102040816326,"[[ 69 323]
 [  2   6]]",None,"[np.float64(-0.49882997141058255), np.float64(-0.0016501417210439402), np.float64(0.0003200294649283309), np.float64(-2.886743807775409e-05), np.float64(4.440892098500624e-16), np.float64(0.0), np.float64(0.0), np.float64(0.0), np.float64(0.0), np.float64(0.0)]"
0.2,EANR-AdaBoost2_SVM | ORIG,10,10000,1.5,0.17346938775510204,0.75,0.3606966049415028,0.03550295857988166,0.01818181818181818,0.185,0.461734693877551,"[[ 68 324]
 [  2   6]]",None,"[np.float64(-0.4846889316078737), np.float64(-0.0018765972865799432), np.float64(2.2204460492503126e-16), np.float64(-1.1102230246251577e-15), np.float64(5.55111512312578e-16), np.float64(2.2204460492503126e-16), np.float64(0.0), np.float64(1.1102230246251564e-16), np.float64(0.0), np.float64(0.0)]"
0.2,EANR-AdaBoost2_DecisionTree | ORIG,10,10000,2,0.9872448979591837,0.0,0.0,0.0,0.0,0.9675,0.49362244897959184,"[[387   5]
 [  8   0]]",None,"[np.float64(4.4134200500789955), np.float64(1.7207233204906787), np.float64(0.5281828586277605), np.float64(0.3385042415758959), np.float64(0.25107891755142636), np.float64(0.20001356962778646), np.float64(0.1663671734075439), np.float64(0.14247597917894614), np.float64(0.12461588485156369), np.float64(0.11075094899448022)]"
0.2,EANR-AdaBoost2_WSVM | ORIG,10,10000,1.5,0.17346938775510204,0.75,0.3606966049415028,0.03550295857988166,0.01818181818181818,0.185,0.461734693877551,"[[ 68 324]
 [  2   6]]",None,"[np.float64(-0.4846889316078737), np.float64(-0.0021192608368584614), np.float64(0.00024118943864135658), np.float64(0.00013379130596311874), np.float64(6.692250405054888e-05), np.float64(-8.946464704720968e-09), np.float64(8.945267224643025e-09), np.float64(-8.944070619747835e-09), np.float64(8.942873916911652e-09), np.float64(-8.94167720090854e-09)]"
0.2,EANR-AdaBoost2_SVM | ORIG,10,10000,2,0.1760204081632653,0.75,0.3633391062388537,0.03560830860534125,0.0182370820668693,0.1875,0.4630102040816326,"[[ 69 323]
 [  2   6]]",None,"[np.float64(-0.4707725353006903), np.float64(-0.0012732601737009991), np.float64(1.1102230246251564e-16), np.float64(0.0), np.float64(0.0), np.float64(0.0), np.float64(0.0), np.float64(0.0), np.float64(0.0), np.float64(0.0)]"
0.2,EANR-AdaBoost2_DecisionTree | ORIG,15,10,0.3,0.9923469387755102,0.0,0.0,0.0,0.0,0.9725,0.4961734693877551,"[[389   3]
 [  8   0]]",None,"[np.float64(5.353593523377052), np.float64(1.70361984527489), np.float64(0.5274555968826944), np.float64(0.3382210801330711), np.float64(0.2509257329980961), np.float64(0.19991708716706552), np.float64(0.16630068876938478), np.float64(0.14242733523749054), np.float64(0.12457872947673355), np.float64(0.11072163246884244), np.float64(0.09964782613376948), np.float64(0.09059321215972943), np.float64(0.08305051143741088), np.float64(0.07666954064898089), np.float64(0.07120067695883417)]"
0.2,EANR-AdaBoost2_WSVM | ORIG,10,10000,2,0.1760204081632653,0.75,0.3633391062388537,0.03560830860534125,0.0182370820668693,0.1875,0.4630102040816326,"[[ 69 323]
 [  2   6]]",None,"[np.float64(-0.4707725353006903), np.float64(-0.0026145062507490764), np.float64(0.0006414499426866165), np.float64(-0.00012017980542283489), np.float64(-8.678685002744298e-05), np.float64(8.686993135168006e-05), np.float64(-8.686238562227284e-05), np.float64(8.685484120362862e-05), np.float64(-8.684729809510477e-05), np.float64(8.683975629679544e-05)]"
0.2,EANR-AdaBoost2_SVM | ORIG,15,10,0.3,0.0,1.0,0.0,0.0392156862745098,0.02,0.02,0.5,"[[  0 392]
 [  0   8]]",None,"[np.float64(2.5674523993782326), np.float64(0.2776505827152577), np.float64(-0.16633916736702772), np.float64(0.14126586166251642), np.float64(-0.12384192920288616), np.float64(0.1014068491207841), np.float64(-0.08884411715826811), np.float64(0.07354142359638755), np.float64(-0.05427296720262256), np.float64(0.0273267391557312), np.float64(-0.014593601373869853), np.float64(0.010401876778409055), np.float64(-0.010294787841361149), np.float64(0.010189881504898931), np.float64(-0.010087091713885074)]"
0.2,EANR-AdaBoost2_DecisionTree | ORIG,15,10,0.5,0.9872448979591837,0.0,0.0,0.0,0.0,0.9675,0.49362244897959184,"[[387   5]
 [  8   0]]",None,"[np.float64(5.099169740127595), np.float64(1.7056334646569185), np.float64(0.5275424892898566), np.float64(0.3382549308583026), np.float64(0.25094404950713733), np.float64(0.19992862508358966), np.float64(0.16630863997586284), np.float64(0.14243315309751242), np.float64(0.1245831734659427), np.float64(0.11072513899286766), np.float64(0.09965066411240434), np.float64(0.09059555646641215), np.float64(0.08305248076186678), np.float64(0.07667121840999157), np.float64(0.07120212351370044)]"
0.2,EANR-AdaBoost2_WSVM | ORIG,15,10,0.3,0.0,1.0,0.0,0.0392156862745098,0.02,0.02,0.5,"[[  0 392]
 [  0   8]]",None,"[np.float64(2.5674523993782326), np.float64(0.21551280254384925), np.float64(-0.08512585409668072), np.float64(0.29060024672923707), np.float64(0.22175714931243343), np.float64(-0.10071199701059141), np.float64(-4.440892098500628e-16), np.float64(0.05378146802364557), np.float64(-0.0470380391732058), np.float64(2.2204460492503126e-16), np.float64(0.0), np.float64(0.0), np.float64(0.0), np.float64(0.0), np.float64(0.0)]"
0.2,EANR-AdaBoost2_SVM | ORIG,15,10,0.5,0.0,1.0,0.0,0.0392156862745098,0.02,0.02,0.5,"[[  0 392]
 [  0   8]]",None,"[np.float64(2.3110794477571814), np.float64(0.277650582715258), np.float64(-0.1663391673670282), np.float64(0.14126586166251642), np.float64(-0.12384192920288616), np.float64(0.1014068491207841), np.float64(-0.08884411715826811), np.float64(0.07354142359638735), np.float64(-0.05427296720262256), np.float64(0.027326739155731413), np.float64(-0.014593601373869626), np.float64(0.01040187677840949), np.float64(-0.010294787841362056), np.float64(0.010189881504899148), np.float64(-0.010087091713885074)]"
0.2,EANR-AdaBoost2_DecisionTree | ORIG,15,10,0.7,0.9872448979591837,0.0,0.0,0.0,0.0,0.9675,0.49362244897959184,"[[387   5]
 [  8   0]]",None,"[np.float64(4.9319220162055535), np.float64(1.7076466976455575), np.float64(0.5276290231465877), np.float64(0.33828863679909), np.float64(0.25096228660561476), np.float64(0.19994011261016548), np.float64(0.16631655629517844), np.float64(0.14243894534836882), np.float64(0.12458759784701198), np.float64(0.11072863001684873), np.float64(0.09965348952801477), np.float64(0.09059789038320154), np.float64(0.08305444134980462), np.float64(0.07667288872181183), np.float64(0.07120356364139638)]"
0.2,EANR-AdaBoost2_WSVM | ORIG,15,10,0.5,0.0,1.0,0.0,0.0392156862745098,0.02,0.02,0.5,"[[  0 392]
 [  0   8]]",None,"[np.float64(2.3110794477571814), np.float64(0.24642494904845252), np.float64(-0.1599987096310274), np.float64(0.27531891078092163), np.float64(0.22487731967917027), np.float64(-0.08427217145403626), np.float64(2.2204460492503126e-16), np.float64(0.008877080115672375), np.float64(0.00831226217257381), np.float64(0.0072711383943709065), np.float64(0.007218649675232392), np.float64(0.007166913346341193), np.float64(0.007115913345040821), np.float64(0.0070656340626763705), np.float64(0.007016060328669019)]"
0.2,EANR-AdaBoost2_SVM | ORIG,15,10,0.7,0.0,1.0,0.0,0.0392156862745098,0.02,0.02,0.5,"[[  0 392]
 [  0   8]]",None,"[np.float64(2.141882678782805), np.float64(0.2776505827152583), np.float64(-0.16633916736702795), np.float64(0.141265861662516), np.float64(-0.12384192920288595), np.float64(0.1014068491207841), np.float64(-0.0888441171582679), np.float64(0.07354142359638735), np.float64(-0.05427296720262256), np.float64(0.0273267391557312), np.float64(-0.014593601373869626), np.float64(0.01040187677840949), np.float64(-0.010294787841362056), np.float64(0.010189881504899365), np.float64(-0.0100870917138853)]"
0.2,EANR-AdaBoost2_DecisionTree | ORIG,15,10,1,0.9872448979591837,0.0,0.0,0.0,0.0,0.9675,0.49362244897959184,"[[387   5]
 [  8   0]]",None,"[np.float64(4.755065946362282), np.float64(1.7106658235062238), np.float64(0.5277581549968727), np.float64(0.33833892568283064), np.float64(0.250989494169573), np.float64(0.19995724994022945), np.float64(0.1663283657246326), np.float64(0.1424475859761063), np.float64(0.12459419785989481), np.float64(0.11073383765402646), np.float64(0.09965770422884508), np.float64(0.09060137188762489), np.float64(0.08305736594363734), np.float64(0.07667538030163079), np.float64(0.07120571185051662)]"
0.2,EANR-AdaBoost2_WSVM | ORIG,15,10,0.7,0.0,1.0,0.0,0.0392156862745098,0.02,0.02,0.5,"[[  0 392]
 [  0   8]]",None,"[np.float64(2.141882678782805), np.float64(0.2208582061667942), np.float64(-0.09129858418423942), np.float64(0.283111314566056), np.float64(0.22427286034462246), np.float64(-0.10635007325582145), np.float64(0.0), np.float64(0.05409142491796125), np.float64(-0.047305062415043946), np.float64(2.2204460492503126e-16), np.float64(-4.440892098500628e-16), np.float64(2.2204460492503126e-16), np.float64(0.0), np.float64(0.0), np.float64(0.0)]"
0.2,EANR-AdaBoost2_SVM | ORIG,15,10,1,0.0,1.0,0.0,0.0392156862745098,0.02,0.02,0.5,"[[  0 392]
 [  0   8]]",None,"[np.float64(1.9621032741239401), np.float64(0.2776505827152585), np.float64(-0.16633916736702795), np.float64(0.14126586166251592), np.float64(-0.12384192920288566), np.float64(0.1014068491207841), np.float64(-0.08884411715826811), np.float64(0.07354142359638755), np.float64(-0.054272967202623), np.float64(0.027326739155731413), np.float64(-0.014593601373869626), np.float64(0.010401876778409707), np.float64(-0.010294787841362056), np.float64(0.010189881504899365), np.float64(-0.0100870917138853)]"
0.2,EANR-AdaBoost2_DecisionTree | ORIG,15,10,1.5,0.9872448979591837,0.0,0.0,0.0,0.0,0.9675,0.49362244897959184,"[[387   5]
 [  8   0]]",None,"[np.float64(4.554799223043223), np.float64(1.715695773496285), np.float64(0.5279716035857713), np.float64(0.3384220258727865), np.float64(0.251034448284824), np.float64(0.19998556356766806), np.float64(0.16634787601669773), np.float64(0.1424618607078538), np.float64(0.12460510117175877), np.float64(0.11074244060463667), np.float64(0.0996646667727686), np.float64(0.09060712315627605), np.float64(0.08306219718274933), np.float64(0.07667949619986784), np.float64(0.07120926050475637)]"
0.2,EANR-AdaBoost2_WSVM | ORIG,15,10,1,0.0,1.0,0.0,0.0392156862745098,0.02,0.02,0.5,"[[  0 392]
 [  0   8]]",None,"[np.float64(1.9621032741239401), np.float64(0.2356233187426667), np.float64(-0.1037382728825203), np.float64(0.28097011546468204), np.float64(0.20939393039045556), np.float64(-0.09546686024042285), np.float64(0.0), np.float64(0.06960471528710566), np.float64(-0.05990102969145867), np.float64(2.2204460492503126e-16), np.float64(1.1102230246251564e-16), np.float64(-2.2204460492503136e-16), np.float64(2.2204460492503126e-16), np.float64(-2.2204460492503136e-16), np.float64(2.2204460492503126e-16)]"
0.2,EANR-AdaBoost2_SVM | ORIG,15,10,1.5,0.0,1.0,0.0,0.0392156862745098,0.02,0.02,0.5,"[[  0 392]
 [  0   8]]",None,"[np.float64(1.7569649526986753), np.float64(0.2776505827152583), np.float64(-0.1663391673670282), np.float64(0.14126586166251642), np.float64(-0.12384192920288616), np.float64(0.1014068491207841), np.float64(-0.08884411715826811), np.float64(0.07354142359638735), np.float64(-0.05427296720262256), np.float64(0.027326739155731413), np.float64(-0.014593601373869626), np.float64(0.01040187677840949), np.float64(-0.010294787841362056), np.float64(0.010189881504899148), np.float64(-0.010087091713885074)]"
0.2,EANR-AdaBoost2_DecisionTree | ORIG,15,10,2,0.9872448979591837,0.0,0.0,0.0,0.0,0.9675,0.49362244897959184,"[[387   5]
 [  8   0]]",None,"[np.float64(4.4134200500789955), np.float64(1.7207233204906787), np.float64(0.5281828586277605), np.float64(0.3385042415758959), np.float64(0.25107891755142636), np.float64(0.20001356962778646), np.float64(0.1663671734075439), np.float64(0.14247597917894614), np.float64(0.12461588485156369), np.float64(0.11075094899448022), np.float64(0.09967155267837284), np.float64(0.09061281104650304), np.float64(0.08306697513122327), np.float64(0.07668356666141884), np.float64(0.07121276995732549)]"
0.2,EANR-AdaBoost2_WSVM | ORIG,15,10,1.5,0.0,1.0,0.0,0.0392156862745098,0.02,0.02,0.5,"[[  0 392]
 [  0   8]]",None,"[np.float64(1.7569649526986753), np.float64(0.23319177931751656), np.float64(-0.11367396776714023), np.float64(0.2707794085210612), np.float64(0.2045530557246335), np.float64(-0.08248562129179089), np.float64(-2.2204460492503136e-16), np.float64(2.2204460492503126e-16), np.float64(-2.2204460492503136e-16), np.float64(2.2204460492503126e-16), np.float64(-2.2204460492503136e-16), np.float64(2.2204460492503126e-16), np.float64(-2.2204460492503136e-16), np.float64(2.2204460492503126e-16), np.float64(-2.2204460492503136e-16)]"
0.2,EANR-AdaBoost2_SVM | ORIG,15,10,2,0.0,1.0,0.0,0.0392156862745098,0.02,0.02,0.5,"[[  0 392]
 [  0   8]]",None,"[np.float64(1.6107149744687672), np.float64(0.2776505827152582), np.float64(-0.16633916736702795), np.float64(0.14126586166251634), np.float64(-0.12384192920288616), np.float64(0.1014068491207841), np.float64(-0.0888441171582679), np.float64(0.07354142359638755), np.float64(-0.054272967202623), np.float64(0.027326739155731413), np.float64(-0.014593601373869626), np.float64(0.01040187677840949), np.float64(-0.010294787841362056), np.float64(0.010189881504899365), np.float64(-0.010087091713885074)]"
0.2,EANR-AdaBoost2_DecisionTree | ORIG,15,100,0.3,0.9872448979591837,0.0,0.0,0.0,0.0,0.9675,0.49362244897959184,"[[387   5]
 [  8   0]]",None,"[np.float64(5.353593523377052), np.float64(1.70361984527489), np.float64(0.5274555968826944), np.float64(0.3382210801330711), np.float64(0.2509257329980961), np.float64(0.19991708716706552), np.float64(0.16630068876938478), np.float64(0.14242733523749054), np.float64(0.12457872947673355), np.float64(0.11072163246884244), np.float64(0.09964782613376948), np.float64(0.09059321215972943), np.float64(0.08305051143741088), np.float64(0.07666954064898089), np.float64(0.07120067695883417)]"
0.2,EANR-AdaBoost2_SVM | ORIG,15,100,0.3,0.0,1.0,0.0,0.0392156862745098,0.02,0.02,0.5,"[[  0 392]
 [  0   8]]",None,"[np.float64(2.5674523993782326), np.float64(-0.001377496296745876), np.float64(2.2204460492503126e-16), np.float64(2.2204460492503126e-16), np.float64(1.1102230246251564e-16), np.float64(-2.2204460492503136e-16), np.float64(1.1102230246251564e-16), np.float64(1.1102230246251564e-16), np.float64(-2.2204460492503136e-16), np.float64(1.1102230246251564e-16), np.float64(1.1102230246251564e-16), np.float64(-2.2204460492503136e-16), np.float64(1.1102230246251564e-16), np.float64(1.1102230246251564e-16), np.float64(-2.2204460492503136e-16)]"
0.2,EANR-AdaBoost2_WSVM | ORIG,15,10,2,0.0,1.0,0.0,0.0392156862745098,0.02,0.02,0.5,"[[  0 392]
 [  0   8]]",None,"[np.float64(1.6107149744687672), np.float64(0.2349500306654916), np.float64(-0.10394994180829537), np.float64(0.28053971855187704), np.float64(0.2124237507705579), np.float64(-0.0973226432687538), np.float64(2.2204460492503126e-16), np.float64(0.017272567839021164), np.float64(0.01570560186995909), np.float64(0.015075390532468086), np.float64(0.01485148193265555), np.float64(0.014634127703669087), np.float64(0.014423044182809914), np.float64(0.014217963844311964), np.float64(0.014018634167867833)]"
0.2,EANR-AdaBoost2_DecisionTree | ORIG,15,100,0.5,0.9897959183673469,0.0,0.0,0.0,0.0,0.97,0.49489795918367346,"[[388   4]
 [  8   0]]",None,"[np.float64(5.099169740127595), np.float64(1.7056334646569185), np.float64(0.5275424892898566), np.float64(0.3382549308583026), np.float64(0.25094404950713733), np.float64(0.19992862508358966), np.float64(0.16630863997586284), np.float64(0.14243315309751242), np.float64(0.1245831734659427), np.float64(0.11072513899286766), np.float64(0.09965066411240434), np.float64(0.09059555646641215), np.float64(0.08305248076186678), np.float64(0.07667121840999157), np.float64(0.07120212351370044)]"
0.2,EANR-AdaBoost2_WSVM | ORIG,15,100,0.3,0.0,1.0,0.0,0.0392156862745098,0.02,0.02,0.5,"[[  0 392]
 [  0   8]]",None,"[np.float64(2.5674523993782326), np.float64(0.21719269736600247), np.float64(-0.14329896199530268), np.float64(0.03810970315846219), np.float64(-0.01755000605580461), np.float64(-0.0008192302061004131), np.float64(-0.0005800408747225116), np.float64(0.0), np.float64(0.0), np.float64(0.0), np.float64(0.0), np.float64(0.0), np.float64(0.0), np.float64(0.0), np.float64(0.0)]"
0.2,EANR-AdaBoost2_SVM | ORIG,15,100,0.5,0.0,1.0,0.0,0.0392156862745098,0.02,0.02,0.5,"[[  0 392]
 [  0   8]]",None,"[np.float64(2.3110794477571814), np.float64(-0.001377496296745208), np.float64(-2.2204460492503136e-16), np.float64(1.1102230246251564e-16), np.float64(1.1102230246251564e-16), np.float64(-2.2204460492503136e-16), np.float64(1.1102230246251564e-16), np.float64(1.1102230246251564e-16), np.float64(-2.2204460492503136e-16), np.float64(1.1102230246251564e-16), np.float64(1.1102230246251564e-16), np.float64(-2.2204460492503136e-16), np.float64(1.1102230246251564e-16), np.float64(1.1102230246251564e-16), np.float64(-2.2204460492503136e-16)]"
0.2,EANR-AdaBoost2_DecisionTree | ORIG,15,100,0.7,0.9846938775510204,0.0,0.0,0.0,0.0,0.965,0.4923469387755102,"[[386   6]
 [  8   0]]",None,"[np.float64(4.9319220162055535), np.float64(1.7076466976455575), np.float64(0.5276290231465877), np.float64(0.33828863679909), np.float64(0.25096228660561476), np.float64(0.19994011261016548), np.float64(0.16631655629517844), np.float64(0.14243894534836882), np.float64(0.12458759784701198), np.float64(0.11072863001684873), np.float64(0.09965348952801477), np.float64(0.09059789038320154), np.float64(0.08305444134980462), np.float64(0.07667288872181183), np.float64(0.07120356364139638)]"
0.2,EANR-AdaBoost2_WSVM | ORIG,15,100,0.5,0.0,1.0,0.0,0.0392156862745098,0.02,0.02,0.5,"[[  0 392]
 [  0   8]]",None,"[np.float64(2.3110794477571814), np.float64(0.15501591043893848), np.float64(-0.11804082586286256), np.float64(0.05294451193880661), np.float64(-0.024690621147560373), np.float64(-0.0006776294112626134), np.float64(6.72129694989629e-05), np.float64(-0.0013868155517958057), np.float64(0.00011831060051921447), np.float64(0.0), np.float64(1.1102230246251564e-16), np.float64(0.0), np.float64(0.0), np.float64(0.0), np.float64(0.0)]"
0.2,EANR-AdaBoost2_SVM | ORIG,15,100,0.7,0.0,1.0,0.0,0.0392156862745098,0.02,0.02,0.5,"[[  0 392]
 [  0   8]]",None,"[np.float64(2.141882678782805), np.float64(-0.0013774962967449853), np.float64(-2.2204460492503136e-16), np.float64(-2.2204460492503136e-16), np.float64(1.1102230246251564e-16), np.float64(-2.2204460492503136e-16), np.float64(1.1102230246251564e-16), np.float64(1.1102230246251564e-16), np.float64(-2.2204460492503136e-16), np.float64(1.1102230246251564e-16), np.float64(1.1102230246251564e-16), np.float64(-2.2204460492503136e-16), np.float64(1.1102230246251564e-16), np.float64(1.1102230246251564e-16), np.float64(-2.2204460492503136e-16)]"
0.2,EANR-AdaBoost2_DecisionTree | ORIG,15,100,1,0.9872448979591837,0.0,0.0,0.0,0.0,0.9675,0.49362244897959184,"[[387   5]
 [  8   0]]",None,"[np.float64(4.755065946362282), np.float64(1.7106658235062238), np.float64(0.5277581549968727), np.float64(0.33833892568283064), np.float64(0.250989494169573), np.float64(0.19995724994022945), np.float64(0.1663283657246326), np.float64(0.1424475859761063), np.float64(0.12459419785989481), np.float64(0.11073383765402646), np.float64(0.09965770422884508), np.float64(0.09060137188762489), np.float64(0.08305736594363734), np.float64(0.07667538030163079), np.float64(0.07120571185051662)]"
0.2,EANR-AdaBoost2_WSVM | ORIG,15,100,0.7,0.0,1.0,0.0,0.0392156862745098,0.02,0.02,0.5,"[[  0 392]
 [  0   8]]",None,"[np.float64(2.141882678782805), np.float64(0.15501591043893873), np.float64(-0.11804082586286298), np.float64(0.05294451193880721), np.float64(-0.024690621147560547), np.float64(-0.000677629411262391), np.float64(6.721296949874088e-05), np.float64(-0.0013868155517958057), np.float64(0.00011831060051921447), np.float64(-4.440892098500628e-16), np.float64(4.440892098500624e-16), np.float64(-4.440892098500628e-16), np.float64(4.440892098500624e-16), np.float64(-4.440892098500628e-16), np.float64(4.440892098500624e-16)]"
0.2,EANR-AdaBoost2_SVM | ORIG,15,100,1,0.0,1.0,0.0,0.0392156862745098,0.02,0.02,0.5,"[[  0 392]
 [  0   8]]",None,"[np.float64(1.9621032741239401), np.float64(-0.001377496296745208), np.float64(-2.2204460492503136e-16), np.float64(-2.2204460492503136e-16), np.float64(1.1102230246251564e-16), np.float64(-2.2204460492503136e-16), np.float64(2.2204460492503126e-16), np.float64(-2.2204460492503136e-16), np.float64(2.2204460492503126e-16), np.float64(-2.2204460492503136e-16), np.float64(2.2204460492503126e-16), np.float64(-2.2204460492503136e-16), np.float64(2.2204460492503126e-16), np.float64(-2.2204460492503136e-16), np.float64(2.2204460492503126e-16)]"
0.2,EANR-AdaBoost2_DecisionTree | ORIG,15,100,1.5,0.9897959183673469,0.0,0.0,0.0,0.0,0.97,0.49489795918367346,"[[388   4]
 [  8   0]]",None,"[np.float64(4.554799223043223), np.float64(1.715695773496285), np.float64(0.5279716035857713), np.float64(0.3384220258727865), np.float64(0.251034448284824), np.float64(0.19998556356766806), np.float64(0.16634787601669773), np.float64(0.1424618607078538), np.float64(0.12460510117175877), np.float64(0.11074244060463667), np.float64(0.0996646667727686), np.float64(0.09060712315627605), np.float64(0.08306219718274933), np.float64(0.07667949619986784), np.float64(0.07120926050475637)]"
0.2,EANR-AdaBoost2_WSVM | ORIG,15,100,1,0.0,1.0,0.0,0.0392156862745098,0.02,0.02,0.5,"[[  0 392]
 [  0   8]]",None,"[np.float64(1.9621032741239401), np.float64(0.15501591043893864), np.float64(-0.11804082586286277), np.float64(0.05294451193880681), np.float64(-0.024690621147560373), np.float64(-0.000677629411262391), np.float64(6.721296949874088e-05), np.float64(-0.0013868155517960284), np.float64(0.00011831060051921447), np.float64(4.440892098500624e-16), np.float64(-6.661338147750944e-16), np.float64(4.440892098500624e-16), np.float64(0.0), np.float64(0.0), np.float64(0.0)]"
0.2,EANR-AdaBoost2_SVM | ORIG,15,100,1.5,0.0,1.0,0.0,0.0392156862745098,0.02,0.02,0.5,"[[  0 392]
 [  0   8]]",None,"[np.float64(1.7569649526986753), np.float64(-0.001377496296745208), np.float64(-2.2204460492503136e-16), np.float64(1.1102230246251564e-16), np.float64(-2.2204460492503136e-16), np.float64(1.1102230246251564e-16), np.float64(1.1102230246251564e-16), np.float64(-2.2204460492503136e-16), np.float64(1.1102230246251564e-16), np.float64(1.1102230246251564e-16), np.float64(-2.2204460492503136e-16), np.float64(1.1102230246251564e-16), np.float64(1.1102230246251564e-16), np.float64(-2.2204460492503136e-16), np.float64(1.1102230246251564e-16)]"
0.2,EANR-AdaBoost2_DecisionTree | ORIG,15,100,2,0.9897959183673469,0.0,0.0,0.0,0.0,0.97,0.49489795918367346,"[[388   4]
 [  8   0]]",None,"[np.float64(4.4134200500789955), np.float64(1.7207233204906787), np.float64(0.5281828586277605), np.float64(0.3385042415758959), np.float64(0.25107891755142636), np.float64(0.20001356962778646), np.float64(0.1663671734075439), np.float64(0.14247597917894614), np.float64(0.12461588485156369), np.float64(0.11075094899448022), np.float64(0.09967155267837284), np.float64(0.09061281104650304), np.float64(0.08306697513122327), np.float64(0.07668356666141884), np.float64(0.07121276995732549)]"
0.2,EANR-AdaBoost2_WSVM | ORIG,15,100,1.5,0.0,1.0,0.0,0.0392156862745098,0.02,0.02,0.5,"[[  0 392]
 [  0   8]]",None,"[np.float64(1.7569649526986753), np.float64(0.15501591043893848), np.float64(-0.11804082586286256), np.float64(0.05294451193880661), np.float64(-0.024690621147560373), np.float64(-0.0006776294112626134), np.float64(6.72129694989629e-05), np.float64(-0.001386815551795583), np.float64(0.00011831060051888147), np.float64(0.0), np.float64(1.1102230246251564e-16), np.float64(0.0), np.float64(0.0), np.float64(0.0), np.float64(0.0)]"
0.2,EANR-AdaBoost2_SVM | ORIG,15,100,2,0.0,1.0,0.0,0.0392156862745098,0.02,0.02,0.5,"[[  0 392]
 [  0   8]]",None,"[np.float64(1.6107149744687672), np.float64(-0.0013774962967456534), np.float64(0.0), np.float64(1.1102230246251564e-16), np.float64(0.0), np.float64(1.1102230246251564e-16), np.float64(0.0), np.float64(0.0), np.float64(0.0), np.float64(0.0), np.float64(0.0), np.float64(0.0), np.float64(0.0), np.float64(0.0), np.float64(0.0)]"
0.2,EANR-AdaBoost2_DecisionTree | ORIG,15,1000,0.3,0.9872448979591837,0.0,0.0,0.0,0.0,0.9675,0.49362244897959184,"[[387   5]
 [  8   0]]",None,"[np.float64(5.353593523377052), np.float64(1.70361984527489), np.float64(0.5274555968826944), np.float64(0.3382210801330711), np.float64(0.2509257329980961), np.float64(0.19991708716706552), np.float64(0.16630068876938478), np.float64(0.14242733523749054), np.float64(0.12457872947673355), np.float64(0.11072163246884244), np.float64(0.09964782613376948), np.float64(0.09059321215972943), np.float64(0.08305051143741088), np.float64(0.07666954064898089), np.float64(0.07120067695883417)]"
0.2,EANR-AdaBoost2_WSVM | ORIG,15,100,2,0.0,1.0,0.0,0.0392156862745098,0.02,0.02,0.5,"[[  0 392]
 [  0   8]]",None,"[np.float64(1.6107149744687672), np.float64(0.15501591043893806), np.float64(-0.11804082586286256), np.float64(0.052944511938806914), np.float64(-0.024690621147560373), np.float64(-0.000677629411262391), np.float64(6.721296949874088e-05), np.float64(-0.001386815551795583), np.float64(0.00011831060051865948), np.float64(2.2204460492503126e-16), np.float64(0.0), np.float64(0.0), np.float64(0.0), np.float64(0.0), np.float64(0.0)]"
0.2,EANR-AdaBoost2_SVM | ORIG,15,1000,0.3,0.017857142857142856,1.0,0.1336306209562122,0.0399002493765586,0.020356234096692113,0.0375,0.5089285714285714,"[[  7 385]
 [  0   8]]",None,"[np.float64(2.58973342734187), np.float64(0.014390257965201755), np.float64(1.917687497335938e-05), np.float64(-2.2204460492503136e-16), np.float64(2.2204460492503126e-16), np.float64(0.0), np.float64(0.0), np.float64(0.0), np.float64(0.0), np.float64(0.0), np.float64(0.0), np.float64(0.0), np.float64(0.0), np.float64(0.0), np.float64(0.0)]"
0.2,EANR-AdaBoost2_DecisionTree | ORIG,15,1000,0.5,0.9872448979591837,0.0,0.0,0.0,0.0,0.9675,0.49362244897959184,"[[387   5]
 [  8   0]]",None,"[np.float64(5.099169740127595), np.float64(1.7056334646569185), np.float64(0.5275424892898566), np.float64(0.3382549308583026), np.float64(0.25094404950713733), np.float64(0.19992862508358966), np.float64(0.16630863997586284), np.float64(0.14243315309751242), np.float64(0.1245831734659427), np.float64(0.11072513899286766), np.float64(0.09965066411240434), np.float64(0.09059555646641215), np.float64(0.08305248076186678), np.float64(0.07667121840999157), np.float64(0.07120212351370044)]"
0.2,EANR-AdaBoost2_WSVM | ORIG,15,1000,0.3,0.05102040816326531,0.875,0.21128856368212914,0.03617571059431524,0.018469656992084433,0.0675,0.4630102040816326,"[[ 20 372]
 [  1   7]]",None,"[np.float64(2.58973342734187), np.float64(0.11807933238991224), np.float64(-0.0649881625384589), np.float64(0.10642312546378616), np.float64(-0.010013958931346845), np.float64(-0.00984104652687534), np.float64(0.00031339970382895596), np.float64(-2.2204460492503136e-16), np.float64(-0.0007272816582311873), np.float64(0.0007267531039359766), np.float64(1.5123428622626316e-06), np.float64(0.0006126500228260514), np.float64(-0.0013395664945247997), np.float64(0.0007272085376988639), np.float64(0.0006120673205012512)]"
0.2,EANR-AdaBoost2_SVM | ORIG,15,1000,0.5,0.12244897959183673,0.875,0.32732683535398854,0.03899721448467967,0.019943019943019943,0.1375,0.4987244897959183,"[[ 48 344]
 [  1   7]]",None,"[np.float64(2.3906808345246557), np.float64(0.007763804707994379), np.float64(0.0015158049090950923), np.float64(0.0007532496780723118), np.float64(1.1102230246251564e-16), np.float64(2.2204460492503126e-16), np.float64(0.0), np.float64(0.0), np.float64(0.0), np.float64(0.0), np.float64(0.0), np.float64(0.0), np.float64(0.0), np.float64(0.0), np.float64(0.0)]"
0.2,EANR-AdaBoost2_DecisionTree | ORIG,15,1000,0.7,0.9897959183673469,0.0,0.0,0.0,0.0,0.97,0.49489795918367346,"[[388   4]
 [  8   0]]",None,"[np.float64(4.9319220162055535), np.float64(1.7076466976455575), np.float64(0.5276290231465877), np.float64(0.33828863679909), np.float64(0.25096228660561476), np.float64(0.19994011261016548), np.float64(0.16631655629517844), np.float64(0.14243894534836882), np.float64(0.12458759784701198), np.float64(0.11072863001684873), np.float64(0.09965348952801477), np.float64(0.09059789038320154), np.float64(0.08305444134980462), np.float64(0.07667288872181183), np.float64(0.07120356364139638)]"
0.2,EANR-AdaBoost2_WSVM | ORIG,15,1000,0.5,0.15816326530612246,0.875,0.37201190457142247,0.04057971014492753,0.020771513353115726,0.1725,0.5165816326530612,"[[ 62 330]
 [  1   7]]",None,"[np.float64(2.3906808345246557), np.float64(0.17648035724310301), np.float64(-0.10731315405532418), np.float64(0.059087480048889786), np.float64(0.00856263586518579), np.float64(-0.0009854573958567845), np.float64(-0.0013333140612729981), np.float64(8.026167745891363e-05), np.float64(0.0), np.float64(4.440892098500624e-16), np.float64(-4.440892098500628e-16), np.float64(4.440892098500624e-16), np.float64(-4.440892098500628e-16), np.float64(4.440892098500624e-16), np.float64(-2.2204460492503136e-16)]"
0.2,EANR-AdaBoost2_SVM | ORIG,15,1000,0.7,0.1683673469387755,0.875,0.38382473678936924,0.04105571847507331,0.021021021021021023,0.1825,0.5216836734693877,"[[ 66 326]
 [  1   7]]",None,"[np.float64(2.2413975641244526), np.float64(0.061737128986191846), np.float64(-0.043342284777932394), np.float64(-0.01271825569142168), np.float64(0.02674938372792113), np.float64(-0.016904895771290736), np.float64(0.018134712540215266), np.float64(-0.017399292682532545), np.float64(0.016928866661235307), np.float64(-0.016277498882271133), np.float64(0.016500441809319463), np.float64(-0.016641664587892485), np.float64(0.017004572072463597), np.float64(-0.01548350453794457), np.float64(0.016000127316917974)]"
0.2,EANR-AdaBoost2_DecisionTree | ORIG,15,1000,1,0.9897959183673469,0.0,0.0,0.0,0.0,0.97,0.49489795918367346,"[[388   4]
 [  8   0]]",None,"[np.float64(4.755065946362282), np.float64(1.7106658235062238), np.float64(0.5277581549968727), np.float64(0.33833892568283064), np.float64(0.250989494169573), np.float64(0.19995724994022945), np.float64(0.1663283657246326), np.float64(0.1424475859761063), np.float64(0.12459419785989481), np.float64(0.11073383765402646), np.float64(0.09965770422884508), np.float64(0.09060137188762489), np.float64(0.08305736594363734), np.float64(0.07667538030163079), np.float64(0.07120571185051662)]"
0.2,EANR-AdaBoost2_WSVM | ORIG,15,1000,0.7,0.17091836734693877,0.875,0.3867215683519235,0.041176470588235294,0.02108433734939759,0.185,0.5229591836734694,"[[ 67 325]
 [  1   7]]",None,"[np.float64(2.2413975641244526), np.float64(0.14690760101155914), np.float64(-0.07871661664673059), np.float64(0.031706623654972), np.float64(0.018636804780094402), np.float64(-0.02376341360473136), np.float64(-0.007874072185439292), np.float64(-0.00045424637280970276), np.float64(2.2204460492503126e-16), np.float64(2.2204460492503126e-16), np.float64(0.0), np.float64(0.0), np.float64(0.0), np.float64(0.0), np.float64(0.0)]"
0.2,EANR-AdaBoost2_SVM | ORIG,15,1000,1,0.08418367346938775,0.75,0.2512722728476837,0.032171581769437,0.01643835616438356,0.0975,0.41709183673469385,"[[ 33 359]
 [  2   6]]",None,"[np.float64(-1.033985748475238), np.float64(0.1965992834581853), np.float64(-0.028715422263713933), np.float64(-0.0002810850120102621), np.float64(4.440892098500624e-16), np.float64(-6.661338147750944e-16), np.float64(6.661338147750935e-16), np.float64(-4.440892098500628e-16), np.float64(5.55111512312578e-16), np.float64(-4.440892098500628e-16), np.float64(5.55111512312578e-16), np.float64(-6.661338147750944e-16), np.float64(5.55111512312578e-16), np.float64(-4.440892098500628e-16), np.float64(5.55111512312578e-16)]"
0.2,EANR-AdaBoost2_DecisionTree | ORIG,15,1000,1.5,0.9897959183673469,0.0,0.0,0.0,0.0,0.97,0.49489795918367346,"[[388   4]
 [  8   0]]",None,"[np.float64(4.554799223043223), np.float64(1.715695773496285), np.float64(0.5279716035857713), np.float64(0.3384220258727865), np.float64(0.251034448284824), np.float64(0.19998556356766806), np.float64(0.16634787601669773), np.float64(0.1424618607078538), np.float64(0.12460510117175877), np.float64(0.11074244060463667), np.float64(0.0996646667727686), np.float64(0.09060712315627605), np.float64(0.08306219718274933), np.float64(0.07667949619986784), np.float64(0.07120926050475637)]"
0.2,EANR-AdaBoost2_WSVM | ORIG,15,1000,1,0.03571428571428571,0.75,0.16366341767699427,0.030612244897959183,0.015625,0.05,0.39285714285714285,"[[ 14 378]
 [  2   6]]",None,"[np.float64(-1.033985748475238), np.float64(0.30735951088271785), np.float64(-0.11726138349044521), np.float64(-0.009691895684674079), np.float64(0.004151087655896498), np.float64(-0.0008749975736221586), np.float64(0.0001748464816381302), np.float64(2.2204460492503126e-16), np.float64(0.0), np.float64(0.0), np.float64(0.0), np.float64(0.0), np.float64(0.0), np.float64(0.0), np.float64(0.0)]"
0.2,EANR-AdaBoost2_SVM | ORIG,15,1000,1.5,0.14540816326530612,0.75,0.33023646444476656,0.034383954154727794,0.017595307917888565,0.1575,0.4477040816326531,"[[ 57 335]
 [  2   6]]",None,"[np.float64(-0.7527095005001934), np.float64(0.07180606297198643), np.float64(0.00010931896154407692), np.float64(4.440892098500624e-16), np.float64(-2.2204460492503136e-16), np.float64(-2.2204460492503136e-16), np.float64(1.1102230246251564e-16), np.float64(1.1102230246251564e-16), np.float64(1.1102230246251564e-16), np.float64(-2.2204460492503136e-16), np.float64(1.1102230246251564e-16), np.float64(1.1102230246251564e-16), np.float64(-2.2204460492503136e-16), np.float64(1.1102230246251564e-16), np.float64(1.1102230246251564e-16)]"
0.2,EANR-AdaBoost2_DecisionTree | ORIG,15,1000,2,0.9872448979591837,0.0,0.0,0.0,0.0,0.9675,0.49362244897959184,"[[387   5]
 [  8   0]]",None,"[np.float64(4.4134200500789955), np.float64(1.7207233204906787), np.float64(0.5281828586277605), np.float64(0.3385042415758959), np.float64(0.25107891755142636), np.float64(0.20001356962778646), np.float64(0.1663671734075439), np.float64(0.14247597917894614), np.float64(0.12461588485156369), np.float64(0.11075094899448022), np.float64(0.09967155267837284), np.float64(0.09061281104650304), np.float64(0.08306697513122327), np.float64(0.07668356666141884), np.float64(0.07121276995732549)]"
0.2,EANR-AdaBoost2_WSVM | ORIG,15,1000,1.5,0.10714285714285714,0.75,0.2834733547569204,0.03296703296703297,0.016853932584269662,0.12,0.42857142857142855,"[[ 42 350]
 [  2   6]]",None,"[np.float64(-0.7527095005001934), np.float64(0.1783340029673763), np.float64(-0.08462269397215265), np.float64(-0.00853326300838384), np.float64(0.004991148022467503), np.float64(-0.002257421043260276), np.float64(0.0009274313998954902), np.float64(-0.0005294696508792639), np.float64(0.00039689207961197807), np.float64(-2.2204460492503136e-16), np.float64(0.0), np.float64(0.0), np.float64(0.0), np.float64(0.0), np.float64(0.0)]"
0.2,EANR-AdaBoost2_SVM | ORIG,15,1000,2,0.15051020408163265,0.75,0.3359801378969068,0.0345821325648415,0.017699115044247787,0.1625,0.4502551020408163,"[[ 59 333]
 [  2   6]]",None,"[np.float64(-0.7305957260176451), np.float64(0.07011303235463909), np.float64(0.0003874310068904599), np.float64(-2.2204460492503136e-16), np.float64(5.55111512312578e-16), np.float64(0.0), np.float64(0.0), np.float64(0.0), np.float64(0.0), np.float64(0.0), np.float64(0.0), np.float64(0.0), np.float64(0.0), np.float64(0.0), np.float64(0.0)]"
0.2,EANR-AdaBoost2_DecisionTree | ORIG,15,5000,0.3,0.9846938775510204,0.0,0.0,0.0,0.0,0.965,0.4923469387755102,"[[386   6]
 [  8   0]]",None,"[np.float64(5.353593523377052), np.float64(1.70361984527489), np.float64(0.5274555968826944), np.float64(0.3382210801330711), np.float64(0.2509257329980961), np.float64(0.19991708716706552), np.float64(0.16630068876938478), np.float64(0.14242733523749054), np.float64(0.12457872947673355), np.float64(0.11072163246884244), np.float64(0.09964782613376948), np.float64(0.09059321215972943), np.float64(0.08305051143741088), np.float64(0.07666954064898089), np.float64(0.07120067695883417)]"
0.2,EANR-AdaBoost2_WSVM | ORIG,15,1000,2,0.14795918367346939,0.75,0.3331206804674577,0.034482758620689655,0.01764705882352941,0.16,0.4489795918367347,"[[ 58 334]
 [  2   6]]",None,"[np.float64(-0.7305957260176451), np.float64(0.06848651118249338), np.float64(0.0013940626308028671), np.float64(0.0), np.float64(4.440892098500624e-16), np.float64(0.0), np.float64(0.0), np.float64(0.0), np.float64(0.0), np.float64(0.0), np.float64(0.0), np.float64(0.0), np.float64(0.0), np.float64(0.0), np.float64(0.0)]"
0.2,EANR-AdaBoost2_SVM | ORIG,15,5000,0.3,0.14540816326530612,0.75,0.33023646444476656,0.034383954154727794,0.017595307917888565,0.1575,0.4477040816326531,"[[ 57 335]
 [  2   6]]",None,"[np.float64(-0.8092754314660031), np.float64(0.07586737968110054), np.float64(2.4401474522479262e-05), np.float64(0.0), np.float64(-2.2204460492503136e-16), np.float64(0.0), np.float64(0.0), np.float64(0.0), np.float64(0.0), np.float64(0.0), np.float64(0.0), np.float64(0.0), np.float64(0.0), np.float64(0.0), np.float64(0.0)]"
0.2,EANR-AdaBoost2_DecisionTree | ORIG,15,5000,0.5,0.9897959183673469,0.0,0.0,0.0,0.0,0.97,0.49489795918367346,"[[388   4]
 [  8   0]]",None,"[np.float64(5.099169740127595), np.float64(1.7056334646569185), np.float64(0.5275424892898566), np.float64(0.3382549308583026), np.float64(0.25094404950713733), np.float64(0.19992862508358966), np.float64(0.16630863997586284), np.float64(0.14243315309751242), np.float64(0.1245831734659427), np.float64(0.11072513899286766), np.float64(0.09965066411240434), np.float64(0.09059555646641215), np.float64(0.08305248076186678), np.float64(0.07667121840999157), np.float64(0.07120212351370044)]"
0.2,EANR-AdaBoost2_WSVM | ORIG,15,5000,0.3,0.09438775510204081,0.75,0.2660654361741311,0.032520325203252036,0.01662049861495845,0.1075,0.4221938775510204,"[[ 37 355]
 [  2   6]]",None,"[np.float64(-0.8092754314660031), np.float64(0.23119970871960063), np.float64(-0.12250066528286908), np.float64(0.02541420538405283), np.float64(-0.025066398654552683), np.float64(1.1102230246251564e-16), np.float64(1.1102230246251564e-16), np.float64(0.0), np.float64(0.0), np.float64(0.0), np.float64(0.0), np.float64(0.0), np.float64(0.0), np.float64(0.0), np.float64(0.0)]"
0.2,EANR-AdaBoost2_SVM | ORIG,15,5000,0.5,0.14795918367346939,0.75,0.3331206804674577,0.034482758620689655,0.01764705882352941,0.16,0.4489795918367347,"[[ 58 334]
 [  2   6]]",None,"[np.float64(-0.7993657229644952), np.float64(0.07472792303021221), np.float64(0.00011962352542528546), np.float64(4.440892098500624e-16), np.float64(-2.2204460492503136e-16), np.float64(-2.2204460492503136e-16), np.float64(0.0), np.float64(0.0), np.float64(0.0), np.float64(0.0), np.float64(0.0), np.float64(0.0), np.float64(0.0), np.float64(0.0), np.float64(0.0)]"
0.2,EANR-AdaBoost2_DecisionTree | ORIG,15,5000,0.7,0.9872448979591837,0.0,0.0,0.0,0.0,0.9675,0.49362244897959184,"[[387   5]
 [  8   0]]",None,"[np.float64(4.9319220162055535), np.float64(1.7076466976455575), np.float64(0.5276290231465877), np.float64(0.33828863679909), np.float64(0.25096228660561476), np.float64(0.19994011261016548), np.float64(0.16631655629517844), np.float64(0.14243894534836882), np.float64(0.12458759784701198), np.float64(0.11072863001684873), np.float64(0.09965348952801477), np.float64(0.09059789038320154), np.float64(0.08305444134980462), np.float64(0.07667288872181183), np.float64(0.07120356364139638)]"
0.2,EANR-AdaBoost2_WSVM | ORIG,15,5000,0.5,0.14540816326530612,0.75,0.33023646444476656,0.034383954154727794,0.017595307917888565,0.1575,0.4477040816326531,"[[ 57 335]
 [  2   6]]",None,"[np.float64(-0.7993657229644952), np.float64(0.07420844863877016), np.float64(0.0007173408216641962), np.float64(-3.976651857236099e-05), np.float64(-3.9825277611232165e-05), np.float64(-2.2204460492503136e-16), np.float64(1.1102230246251564e-16), np.float64(1.1102230246251564e-16), np.float64(-2.2204460492503136e-16), np.float64(1.1102230246251564e-16), np.float64(1.1102230246251564e-16), np.float64(-2.2204460492503136e-16), np.float64(1.1102230246251564e-16), np.float64(1.1102230246251564e-16), np.float64(-2.2204460492503136e-16)]"
0.2,EANR-AdaBoost2_SVM | ORIG,15,5000,0.7,0.16581632653061223,0.75,0.3526503153237768,0.03519061583577713,0.018018018018018018,0.1775,0.45790816326530615,"[[ 65 327]
 [  2   6]]",None,"[np.float64(-0.5918271312632307), np.float64(-0.09603986306363316), np.float64(-0.0002045232739797715), np.float64(-4.440892098500628e-16), np.float64(0.0), np.float64(0.0), np.float64(0.0), np.float64(0.0), np.float64(0.0), np.float64(0.0), np.float64(0.0), np.float64(0.0), np.float64(0.0), np.float64(0.0), np.float64(0.0)]"
0.2,EANR-AdaBoost2_DecisionTree | ORIG,15,5000,1,0.9897959183673469,0.0,0.0,0.0,0.0,0.97,0.49489795918367346,"[[388   4]
 [  8   0]]",None,"[np.float64(4.755065946362282), np.float64(1.7106658235062238), np.float64(0.5277581549968727), np.float64(0.33833892568283064), np.float64(0.250989494169573), np.float64(0.19995724994022945), np.float64(0.1663283657246326), np.float64(0.1424475859761063), np.float64(0.12459419785989481), np.float64(0.11073383765402646), np.float64(0.09965770422884508), np.float64(0.09060137188762489), np.float64(0.08305736594363734), np.float64(0.07667538030163079), np.float64(0.07120571185051662)]"
0.2,EANR-AdaBoost2_WSVM | ORIG,15,5000,0.7,0.16581632653061223,0.75,0.3526503153237768,0.03519061583577713,0.018018018018018018,0.1775,0.45790816326530615,"[[ 65 327]
 [  2   6]]",None,"[np.float64(-0.5918271312632307), np.float64(-0.09656251524897581), np.float64(0.00028025189769243164), np.float64(-3.3730802419575315e-05), np.float64(-3.3731940224521605e-05), np.float64(0.0), np.float64(0.0), np.float64(-4.440892098500628e-16), np.float64(0.0), np.float64(0.0), np.float64(0.0), np.float64(0.0), np.float64(0.0), np.float64(0.0), np.float64(0.0)]"
0.2,EANR-AdaBoost2_SVM | ORIG,15,5000,1,0.1556122448979592,0.75,0.34162725838766056,0.034782608695652174,0.017804154302670624,0.1675,0.4528061224489796,"[[ 61 331]
 [  2   6]]",None,"[np.float64(-0.5818969003174337), np.float64(0.03945692000471601), np.float64(0.000286970509055723), np.float64(-1.6865565089016316e-05), np.float64(-2.2204460492503136e-16), np.float64(6.661338147750935e-16), np.float64(-4.440892098500628e-16), np.float64(-2.2204460492503136e-16), np.float64(6.661338147750935e-16), np.float64(-4.440892098500628e-16), np.float64(-2.2204460492503136e-16), np.float64(6.661338147750935e-16), np.float64(-4.440892098500628e-16), np.float64(-2.2204460492503136e-16), np.float64(6.661338147750935e-16)]"
0.2,EANR-AdaBoost2_DecisionTree | ORIG,15,5000,1.5,0.9923469387755102,0.0,0.0,0.0,0.0,0.9725,0.4961734693877551,"[[389   3]
 [  8   0]]",None,"[np.float64(4.554799223043223), np.float64(1.715695773496285), np.float64(0.5279716035857713), np.float64(0.3384220258727865), np.float64(0.251034448284824), np.float64(0.19998556356766806), np.float64(0.16634787601669773), np.float64(0.1424618607078538), np.float64(0.12460510117175877), np.float64(0.11074244060463667), np.float64(0.0996646667727686), np.float64(0.09060712315627605), np.float64(0.08306219718274933), np.float64(0.07667949619986784), np.float64(0.07120926050475637)]"
0.2,EANR-AdaBoost2_WSVM | ORIG,15,5000,1,0.1556122448979592,0.75,0.34162725838766056,0.034782608695652174,0.017804154302670624,0.1675,0.4528061224489796,"[[ 61 331]
 [  2   6]]",None,"[np.float64(-0.5818969003174337), np.float64(0.038521485468942435), np.float64(0.001019436409136328), np.float64(0.00012289037977393115), np.float64(1.1725536734519414e-05), np.float64(-5.001011045765576e-05), np.float64(-4.440892098500628e-16), np.float64(6.661338147750935e-16), np.float64(-4.440892098500628e-16), np.float64(-2.2204460492503136e-16), np.float64(6.661338147750935e-16), np.float64(-4.440892098500628e-16), np.float64(-2.2204460492503136e-16), np.float64(6.661338147750935e-16), np.float64(-4.440892098500628e-16)]"
0.2,EANR-AdaBoost2_SVM | ORIG,15,5000,1.5,0.16071428571428573,0.75,0.34718253741470684,0.03498542274052478,0.01791044776119403,0.1725,0.45535714285714285,"[[ 63 329]
 [  2   6]]",None,"[np.float64(-0.5659562404203999), np.float64(0.038771637180397625), np.float64(0.00015728904978557564), np.float64(1.1102230246251564e-16), np.float64(-6.661338147750944e-16), np.float64(4.440892098500624e-16), np.float64(1.1102230246251564e-16), np.float64(1.1102230246251564e-16), np.float64(1.1102230246251564e-16), np.float64(-6.661338147750944e-16), np.float64(4.440892098500624e-16), np.float64(1.1102230246251564e-16), np.float64(1.1102230246251564e-16), np.float64(1.1102230246251564e-16), np.float64(-6.661338147750944e-16)]"
0.2,EANR-AdaBoost2_DecisionTree | ORIG,15,5000,2,0.9846938775510204,0.0,0.0,0.0,0.0,0.965,0.4923469387755102,"[[386   6]
 [  8   0]]",None,"[np.float64(4.4134200500789955), np.float64(1.7207233204906787), np.float64(0.5281828586277605), np.float64(0.3385042415758959), np.float64(0.25107891755142636), np.float64(0.20001356962778646), np.float64(0.1663671734075439), np.float64(0.14247597917894614), np.float64(0.12461588485156369), np.float64(0.11075094899448022), np.float64(0.09967155267837284), np.float64(0.09061281104650304), np.float64(0.08306697513122327), np.float64(0.07668356666141884), np.float64(0.07121276995732549)]"
0.2,EANR-AdaBoost2_WSVM | ORIG,15,5000,1.5,0.16071428571428573,0.75,0.34718253741470684,0.03498542274052478,0.01791044776119403,0.1725,0.45535714285714285,"[[ 63 329]
 [  2   6]]",None,"[np.float64(-0.5659562404203999), np.float64(0.037587211814467385), np.float64(0.0014929546804491837), np.float64(-0.000573850826703788), np.float64(0.0004169007182258685), np.float64(-0.00015670628071749832), np.float64(4.440892098500624e-16), np.float64(0.0), np.float64(0.0), np.float64(0.0), np.float64(0.0), np.float64(0.0), np.float64(0.0), np.float64(0.0), np.float64(0.0)]"
0.2,EANR-AdaBoost2_SVM | ORIG,15,5000,2,0.1760204081632653,0.75,0.3633391062388537,0.03560830860534125,0.0182370820668693,0.1875,0.4630102040816326,"[[ 69 323]
 [  2   6]]",None,"[np.float64(-0.470833107246193), np.float64(-0.002493586224058085), np.float64(0.0), np.float64(0.0), np.float64(0.0), np.float64(0.0), np.float64(0.0), np.float64(0.0), np.float64(0.0), np.float64(0.0), np.float64(0.0), np.float64(0.0), np.float64(0.0), np.float64(0.0), np.float64(0.0)]"
0.2,EANR-AdaBoost2_DecisionTree | ORIG,15,10000,0.3,0.9923469387755102,0.0,0.0,0.0,0.0,0.9725,0.4961734693877551,"[[389   3]
 [  8   0]]",None,"[np.float64(5.353593523377052), np.float64(1.70361984527489), np.float64(0.5274555968826944), np.float64(0.3382210801330711), np.float64(0.2509257329980961), np.float64(0.19991708716706552), np.float64(0.16630068876938478), np.float64(0.14242733523749054), np.float64(0.12457872947673355), np.float64(0.11072163246884244), np.float64(0.09964782613376948), np.float64(0.09059321215972943), np.float64(0.08305051143741088), np.float64(0.07666954064898089), np.float64(0.07120067695883417)]"
0.2,EANR-AdaBoost2_WSVM | ORIG,15,5000,2,0.1760204081632653,0.75,0.3633391062388537,0.03560830860534125,0.0182370820668693,0.1875,0.4630102040816326,"[[ 69 323]
 [  2   6]]",None,"[np.float64(-0.470833107246193), np.float64(-0.003486318347416667), np.float64(0.0009012042502155334), np.float64(-0.0002073941248724372), np.float64(-2.2204460492503136e-16), np.float64(1.1102230246251564e-16), np.float64(1.1102230246251564e-16), np.float64(0.0), np.float64(0.0), np.float64(0.0), np.float64(0.0), np.float64(0.0), np.float64(0.0), np.float64(0.0), np.float64(0.0)]"
0.2,EANR-AdaBoost2_SVM | ORIG,15,10000,0.3,0.1556122448979592,0.75,0.34162725838766056,0.034782608695652174,0.017804154302670624,0.1675,0.4528061224489796,"[[ 61 331]
 [  2   6]]",None,"[np.float64(-0.8093565065785173), np.float64(0.07580608393690529), np.float64(2.7836169295939713e-05), np.float64(0.0), np.float64(0.0), np.float64(0.0), np.float64(0.0), np.float64(0.0), np.float64(0.0), np.float64(0.0), np.float64(0.0), np.float64(0.0), np.float64(0.0), np.float64(0.0), np.float64(0.0)]"
0.2,EANR-AdaBoost2_DecisionTree | ORIG,15,10000,0.5,0.9897959183673469,0.0,0.0,0.0,0.0,0.97,0.49489795918367346,"[[388   4]
 [  8   0]]",None,"[np.float64(5.099169740127595), np.float64(1.7056334646569185), np.float64(0.5275424892898566), np.float64(0.3382549308583026), np.float64(0.25094404950713733), np.float64(0.19992862508358966), np.float64(0.16630863997586284), np.float64(0.14243315309751242), np.float64(0.1245831734659427), np.float64(0.11072513899286766), np.float64(0.09965066411240434), np.float64(0.09059555646641215), np.float64(0.08305248076186678), np.float64(0.07667121840999157), np.float64(0.07120212351370044)]"
0.2,EANR-AdaBoost2_WSVM | ORIG,15,10000,0.3,0.15051020408163265,0.75,0.3359801378969068,0.0345821325648415,0.017699115044247787,0.1625,0.4502551020408163,"[[ 59 333]
 [  2   6]]",None,"[np.float64(-0.8093565065785173), np.float64(0.07555204003072527), np.float64(0.04186687664682828), np.float64(-0.03987899879244401), np.float64(1.9019037483854557e-05), np.float64(-2.448546563858241e-05), np.float64(2.2204460492503126e-16), np.float64(-2.2204460492503136e-16), np.float64(0.0), np.float64(0.0), np.float64(0.0), np.float64(0.0), np.float64(0.0), np.float64(0.0), np.float64(0.0)]"
0.2,EANR-AdaBoost2_SVM | ORIG,15,10000,0.5,0.1556122448979592,0.75,0.34162725838766056,0.034782608695652174,0.017804154302670624,0.1675,0.4528061224489796,"[[ 61 331]
 [  2   6]]",None,"[np.float64(-0.5987425758386796), np.float64(0.0405683743618634), np.float64(0.00011154299193257418), np.float64(6.661338147750935e-16), np.float64(5.55111512312578e-16), np.float64(-6.661338147750944e-16), np.float64(4.440892098500624e-16), np.float64(-6.661338147750944e-16), np.float64(6.661338147750935e-16), np.float64(-6.661338147750944e-16), np.float64(6.661338147750935e-16), np.float64(-6.661338147750944e-16), np.float64(6.661338147750935e-16), np.float64(-6.661338147750944e-16), np.float64(6.661338147750935e-16)]"
0.2,EANR-AdaBoost2_DecisionTree | ORIG,15,10000,0.7,0.9872448979591837,0.0,0.0,0.0,0.0,0.9675,0.49362244897959184,"[[387   5]
 [  8   0]]",None,"[np.float64(4.9319220162055535), np.float64(1.7076466976455575), np.float64(0.5276290231465877), np.float64(0.33828863679909), np.float64(0.25096228660561476), np.float64(0.19994011261016548), np.float64(0.16631655629517844), np.float64(0.14243894534836882), np.float64(0.12458759784701198), np.float64(0.11072863001684873), np.float64(0.09965348952801477), np.float64(0.09059789038320154), np.float64(0.08305444134980462), np.float64(0.07667288872181183), np.float64(0.07120356364139638)]"
0.2,EANR-AdaBoost2_WSVM | ORIG,15,10000,0.5,0.1556122448979592,0.75,0.34162725838766056,0.034782608695652174,0.017804154302670624,0.1675,0.4528061224489796,"[[ 61 331]
 [  2   6]]",None,"[np.float64(-0.5987425758386796), np.float64(0.040059201053736636), np.float64(0.0004245276626125823), np.float64(6.024684689052125e-05), np.float64(3.211352305825537e-05), np.float64(2.786172730005845e-05), np.float64(-2.57329439509239e-05), np.float64(2.573228178323775e-05), np.float64(-2.5731619649825552e-05), np.float64(2.573095755105272e-05), np.float64(-2.573029548590583e-05), np.float64(2.572963345485951e-05), np.float64(-2.5728971457943417e-05), np.float64(2.572830949476913e-05), np.float64(-2.5727647566049343e-05)]"
0.2,EANR-AdaBoost2_SVM | ORIG,15,10000,0.7,0.16071428571428573,0.75,0.34718253741470684,0.03498542274052478,0.01791044776119403,0.1725,0.45535714285714285,"[[ 63 329]
 [  2   6]]",None,"[np.float64(-0.592165379150073), np.float64(0.04021810559193386), np.float64(-2.365751834630151e-05), np.float64(2.2204460492503126e-16), np.float64(1.1102230246251564e-16), np.float64(0.0), np.float64(0.0), np.float64(0.0), np.float64(0.0), np.float64(0.0), np.float64(0.0), np.float64(0.0), np.float64(0.0), np.float64(0.0), np.float64(0.0)]"
0.2,EANR-AdaBoost2_DecisionTree | ORIG,15,10000,1,0.9897959183673469,0.0,0.0,0.0,0.0,0.97,0.49489795918367346,"[[388   4]
 [  8   0]]",None,"[np.float64(4.755065946362282), np.float64(1.7106658235062238), np.float64(0.5277581549968727), np.float64(0.33833892568283064), np.float64(0.250989494169573), np.float64(0.19995724994022945), np.float64(0.1663283657246326), np.float64(0.1424475859761063), np.float64(0.12459419785989481), np.float64(0.11073383765402646), np.float64(0.09965770422884508), np.float64(0.09060137188762489), np.float64(0.08305736594363734), np.float64(0.07667538030163079), np.float64(0.07120571185051662)]"
0.2,EANR-AdaBoost2_WSVM | ORIG,15,10000,0.7,0.16071428571428573,0.75,0.34718253741470684,0.03498542274052478,0.01791044776119403,0.1725,0.45535714285714285,"[[ 63 329]
 [  2   6]]",None,"[np.float64(-0.592165379150073), np.float64(0.03968783435879722), np.float64(0.0006548588866964945), np.float64(-0.00017445106059657604), np.float64(4.138313988919874e-05), np.float64(-2.2204460492503136e-16), np.float64(3.186836340210281e-09), np.float64(3.850245222151781e-05), np.float64(5.661833980832233e-08), np.float64(-3.855758599561053e-05), np.float64(3.849948757213365e-05), np.float64(-7.700216195458408e-05), np.float64(7.69962330783889e-05), np.float64(6.55063402798395e-08), np.float64(-6.550129373835272e-08)]"
0.2,EANR-AdaBoost2_SVM | ORIG,15,10000,1,0.1760204081632653,0.75,0.3633391062388537,0.03560830860534125,0.0182370820668693,0.1875,0.4630102040816326,"[[ 69 323]
 [  2   6]]",None,"[np.float64(-0.49882997141058255), np.float64(-0.0013751177194957674), np.float64(6.661338147750935e-16), np.float64(-8.88178419700126e-16), np.float64(5.55111512312578e-16), np.float64(-6.661338147750944e-16), np.float64(6.661338147750935e-16), np.float64(-6.661338147750944e-16), np.float64(6.661338147750935e-16), np.float64(-6.661338147750944e-16), np.float64(6.661338147750935e-16), np.float64(-6.661338147750944e-16), np.float64(6.661338147750935e-16), np.float64(-6.661338147750944e-16), np.float64(6.661338147750935e-16)]"
0.2,EANR-AdaBoost2_DecisionTree | ORIG,15,10000,1.5,0.9872448979591837,0.0,0.0,0.0,0.0,0.9675,0.49362244897959184,"[[387   5]
 [  8   0]]",None,"[np.float64(4.554799223043223), np.float64(1.715695773496285), np.float64(0.5279716035857713), np.float64(0.3384220258727865), np.float64(0.251034448284824), np.float64(0.19998556356766806), np.float64(0.16634787601669773), np.float64(0.1424618607078538), np.float64(0.12460510117175877), np.float64(0.11074244060463667), np.float64(0.0996646667727686), np.float64(0.09060712315627605), np.float64(0.08306219718274933), np.float64(0.07667949619986784), np.float64(0.07120926050475637)]"
0.2,EANR-AdaBoost2_WSVM | ORIG,15,10000,1,0.1760204081632653,0.75,0.3633391062388537,0.03560830860534125,0.0182370820668693,0.1875,0.4630102040816326,"[[ 69 323]
 [  2   6]]",None,"[np.float64(-0.49882997141058255), np.float64(-0.0016501417210439402), np.float64(0.0003200294649283309), np.float64(-2.886743807775409e-05), np.float64(4.440892098500624e-16), np.float64(0.0), np.float64(0.0), np.float64(0.0), np.float64(0.0), np.float64(0.0), np.float64(0.0), np.float64(0.0), np.float64(0.0), np.float64(0.0), np.float64(0.0)]"
0.2,EANR-AdaBoost2_SVM | ORIG,15,10000,1.5,0.17346938775510204,0.75,0.3606966049415028,0.03550295857988166,0.01818181818181818,0.185,0.461734693877551,"[[ 68 324]
 [  2   6]]",None,"[np.float64(-0.4846889316078737), np.float64(-0.0018765972865799432), np.float64(2.2204460492503126e-16), np.float64(-1.1102230246251577e-15), np.float64(5.55111512312578e-16), np.float64(2.2204460492503126e-16), np.float64(0.0), np.float64(1.1102230246251564e-16), np.float64(0.0), np.float64(0.0), np.float64(0.0), np.float64(0.0), np.float64(0.0), np.float64(0.0), np.float64(0.0)]"
0.2,EANR-AdaBoost2_DecisionTree | ORIG,15,10000,2,0.9897959183673469,0.0,0.0,0.0,0.0,0.97,0.49489795918367346,"[[388   4]
 [  8   0]]",None,"[np.float64(4.4134200500789955), np.float64(1.7207233204906787), np.float64(0.5281828586277605), np.float64(0.3385042415758959), np.float64(0.25107891755142636), np.float64(0.20001356962778646), np.float64(0.1663671734075439), np.float64(0.14247597917894614), np.float64(0.12461588485156369), np.float64(0.11075094899448022), np.float64(0.09967155267837284), np.float64(0.09061281104650304), np.float64(0.08306697513122327), np.float64(0.07668356666141884), np.float64(0.07121276995732549)]"
0.2,EANR-AdaBoost2_WSVM | ORIG,15,10000,1.5,0.17346938775510204,0.75,0.3606966049415028,0.03550295857988166,0.01818181818181818,0.185,0.461734693877551,"[[ 68 324]
 [  2   6]]",None,"[np.float64(-0.4846889316078737), np.float64(-0.0021192608368584614), np.float64(0.00024118943864135658), np.float64(0.00013379130596311874), np.float64(6.692250405054888e-05), np.float64(-8.946464704720968e-09), np.float64(8.945267224643025e-09), np.float64(-8.944070619747835e-09), np.float64(8.942873916911652e-09), np.float64(-8.94167720090854e-09), np.float64(8.940480831224869e-09), np.float64(-8.939284670247693e-09), np.float64(8.938089410872582e-09), np.float64(-8.936893693899118e-09), np.float64(8.935697546431081e-09)]"
0.2,EANR-AdaBoost2_SVM | ORIG,15,10000,2,0.1760204081632653,0.75,0.3633391062388537,0.03560830860534125,0.0182370820668693,0.1875,0.4630102040816326,"[[ 69 323]
 [  2   6]]",None,"[np.float64(-0.4707725353006903), np.float64(-0.0012732601737009991), np.float64(1.1102230246251564e-16), np.float64(0.0), np.float64(0.0), np.float64(0.0), np.float64(0.0), np.float64(0.0), np.float64(0.0), np.float64(0.0), np.float64(0.0), np.float64(0.0), np.float64(0.0), np.float64(0.0), np.float64(0.0)]"
0.2,EANR-AdaBoost2_DecisionTree | ORIG,20,10,0.3,0.9923469387755102,0.0,0.0,0.0,0.0,0.9725,0.4961734693877551,"[[389   3]
 [  8   0]]",None,"[np.float64(5.353593523377052), np.float64(1.70361984527489), np.float64(0.5274555968826944), np.float64(0.3382210801330711), np.float64(0.2509257329980961), np.float64(0.19991708716706552), np.float64(0.16630068876938478), np.float64(0.14242733523749054), np.float64(0.12457872947673355), np.float64(0.11072163246884244), np.float64(0.09964782613376948), np.float64(0.09059321215972943), np.float64(0.08305051143741088), np.float64(0.07666954064898089), np.float64(0.07120067695883417), np.float64(0.06646113058412291), np.float64(0.0623139543561817), np.float64(0.05865450504525064), np.float64(0.05540143965511441), np.float64(0.05249056667722843)]"
0.2,EANR-AdaBoost2_WSVM | ORIG,15,10000,2,0.1760204081632653,0.75,0.3633391062388537,0.03560830860534125,0.0182370820668693,0.1875,0.4630102040816326,"[[ 69 323]
 [  2   6]]",None,"[np.float64(-0.4707725353006903), np.float64(-0.0026145062507490764), np.float64(0.0006414499426866165), np.float64(-0.00012017980542283489), np.float64(-8.678685002744298e-05), np.float64(8.686993135168006e-05), np.float64(-8.686238562227284e-05), np.float64(8.685484120362862e-05), np.float64(-8.684729809510477e-05), np.float64(8.683975629679544e-05), np.float64(-8.683221580849988e-05), np.float64(8.682467662973798e-05), np.float64(-8.681713875962612e-05), np.float64(8.680960219812756e-05), np.float64(-8.680206694509626e-05)]"
0.2,EANR-AdaBoost2_SVM | ORIG,20,10,0.3,0.0,1.0,0.0,0.0392156862745098,0.02,0.02,0.5,"[[  0 392]
 [  0   8]]",None,"[np.float64(2.5674523993782326), np.float64(0.2776505827152577), np.float64(-0.16633916736702772), np.float64(0.14126586166251642), np.float64(-0.12384192920288616), np.float64(0.1014068491207841), np.float64(-0.08884411715826811), np.float64(0.07354142359638755), np.float64(-0.05427296720262256), np.float64(0.0273267391557312), np.float64(-0.014593601373869853), np.float64(0.010401876778409055), np.float64(-0.010294787841361149), np.float64(0.010189881504898931), np.float64(-0.010087091713885074), np.float64(0.009986355052142964), np.float64(-0.009887610611970764), np.float64(0.00979079987131858), np.float64(-0.009252524710376228), np.float64(0.006588667178200216)]"
0.2,EANR-AdaBoost2_DecisionTree | ORIG,20,10,0.5,0.9872448979591837,0.0,0.0,0.0,0.0,0.9675,0.49362244897959184,"[[387   5]
 [  8   0]]",None,"[np.float64(5.099169740127595), np.float64(1.7056334646569185), np.float64(0.5275424892898566), np.float64(0.3382549308583026), np.float64(0.25094404950713733), np.float64(0.19992862508358966), np.float64(0.16630863997586284), np.float64(0.14243315309751242), np.float64(0.1245831734659427), np.float64(0.11072513899286766), np.float64(0.09965066411240434), np.float64(0.09059555646641215), np.float64(0.08305248076186678), np.float64(0.07667121840999157), np.float64(0.07120212351370044), np.float64(0.06646239069018338), np.float64(0.062315061909050375), np.float64(0.058655486187701576), np.float64(0.05540231487527479), np.float64(0.05249135225993872)]"
0.2,EANR-AdaBoost2_WSVM | ORIG,20,10,0.3,0.0,1.0,0.0,0.0392156862745098,0.02,0.02,0.5,"[[  0 392]
 [  0   8]]",None,"[np.float64(2.5674523993782326), np.float64(0.21551280254384925), np.float64(-0.08512585409668072), np.float64(0.29060024672923707), np.float64(0.22175714931243343), np.float64(-0.10071199701059141), np.float64(-4.440892098500628e-16), np.float64(0.05378146802364557), np.float64(-0.0470380391732058), np.float64(2.2204460492503126e-16), np.float64(0.0), np.float64(0.0), np.float64(0.0), np.float64(0.0), np.float64(0.0), np.float64(0.0), np.float64(0.0), np.float64(0.0), np.float64(0.0), np.float64(0.0)]"
0.2,EANR-AdaBoost2_SVM | ORIG,20,10,0.5,0.0,1.0,0.0,0.0392156862745098,0.02,0.02,0.5,"[[  0 392]
 [  0   8]]",None,"[np.float64(2.3110794477571814), np.float64(0.277650582715258), np.float64(-0.1663391673670282), np.float64(0.14126586166251642), np.float64(-0.12384192920288616), np.float64(0.1014068491207841), np.float64(-0.08884411715826811), np.float64(0.07354142359638735), np.float64(-0.05427296720262256), np.float64(0.027326739155731413), np.float64(-0.014593601373869626), np.float64(0.01040187677840949), np.float64(-0.010294787841362056), np.float64(0.010189881504899148), np.float64(-0.010087091713885074), np.float64(0.009986355052142964), np.float64(-0.009887610611970764), np.float64(0.00979079987131858), np.float64(-0.009252524710376228), np.float64(0.006588667178200216)]"
0.2,EANR-AdaBoost2_DecisionTree | ORIG,20,10,0.7,0.9897959183673469,0.0,0.0,0.0,0.0,0.97,0.49489795918367346,"[[388   4]
 [  8   0]]",None,"[np.float64(4.9319220162055535), np.float64(1.7076466976455575), np.float64(0.5276290231465877), np.float64(0.33828863679909), np.float64(0.25096228660561476), np.float64(0.19994011261016548), np.float64(0.16631655629517844), np.float64(0.14243894534836882), np.float64(0.12458759784701198), np.float64(0.11072863001684873), np.float64(0.09965348952801477), np.float64(0.09059789038320154), np.float64(0.08305444134980462), np.float64(0.07667288872181183), np.float64(0.07120356364139638), np.float64(0.0664636451940692), np.float64(0.06231616453534375), np.float64(0.05865646296382521), np.float64(0.05540318619886677), np.float64(0.05249213434385366)]"
0.2,EANR-AdaBoost2_WSVM | ORIG,20,10,0.5,0.0,1.0,0.0,0.0392156862745098,0.02,0.02,0.5,"[[  0 392]
 [  0   8]]",None,"[np.float64(2.3110794477571814), np.float64(0.24642494904845252), np.float64(-0.1599987096310274), np.float64(0.27531891078092163), np.float64(0.22487731967917027), np.float64(-0.08427217145403626), np.float64(2.2204460492503126e-16), np.float64(0.008877080115672375), np.float64(0.00831226217257381), np.float64(0.0072711383943709065), np.float64(0.007218649675232392), np.float64(0.007166913346341193), np.float64(0.007115913345040821), np.float64(0.0070656340626763705), np.float64(0.007016060328669019), np.float64(0.006967177395250808), np.float64(0.006918970922836997), np.float64(0.00637244329343589), np.float64(0.006332091854430556), np.float64(0.006292248231497954)]"
0.2,EANR-AdaBoost2_SVM | ORIG,20,10,0.7,0.0,1.0,0.0,0.0392156862745098,0.02,0.02,0.5,"[[  0 392]
 [  0   8]]",None,"[np.float64(2.141882678782805), np.float64(0.2776505827152583), np.float64(-0.16633916736702795), np.float64(0.141265861662516), np.float64(-0.12384192920288595), np.float64(0.1014068491207841), np.float64(-0.0888441171582679), np.float64(0.07354142359638735), np.float64(-0.05427296720262256), np.float64(0.0273267391557312), np.float64(-0.014593601373869626), np.float64(0.01040187677840949), np.float64(-0.010294787841362056), np.float64(0.010189881504899365), np.float64(-0.0100870917138853), np.float64(0.009986355052142964), np.float64(-0.009887610611970764), np.float64(0.00979079987131858), np.float64(-0.009252524710376228), np.float64(0.006588667178200216)]"
0.2,EANR-AdaBoost2_DecisionTree | ORIG,20,10,1,0.9897959183673469,0.0,0.0,0.0,0.0,0.97,0.49489795918367346,"[[388   4]
 [  8   0]]",None,"[np.float64(4.755065946362282), np.float64(1.7106658235062238), np.float64(0.5277581549968727), np.float64(0.33833892568283064), np.float64(0.250989494169573), np.float64(0.19995724994022945), np.float64(0.1663283657246326), np.float64(0.1424475859761063), np.float64(0.12459419785989481), np.float64(0.11073383765402646), np.float64(0.09965770422884508), np.float64(0.09060137188762489), np.float64(0.08305736594363734), np.float64(0.07667538030163079), np.float64(0.07120571185051662), np.float64(0.06646551650561132), np.float64(0.06231780929008331), np.float64(0.05865791998782537), np.float64(0.0554044859198746), np.float64(0.052493300946939804)]"
0.2,EANR-AdaBoost2_WSVM | ORIG,20,10,0.7,0.0,1.0,0.0,0.0392156862745098,0.02,0.02,0.5,"[[  0 392]
 [  0   8]]",None,"[np.float64(2.141882678782805), np.float64(0.2208582061667942), np.float64(-0.09129858418423942), np.float64(0.283111314566056), np.float64(0.22427286034462246), np.float64(-0.10635007325582145), np.float64(0.0), np.float64(0.05409142491796125), np.float64(-0.047305062415043946), np.float64(2.2204460492503126e-16), np.float64(-4.440892098500628e-16), np.float64(2.2204460492503126e-16), np.float64(0.0), np.float64(0.0), np.float64(0.0), np.float64(0.0), np.float64(0.0), np.float64(0.0), np.float64(0.0), np.float64(0.0)]"
0.2,EANR-AdaBoost2_SVM | ORIG,20,10,1,0.0,1.0,0.0,0.0392156862745098,0.02,0.02,0.5,"[[  0 392]
 [  0   8]]",None,"[np.float64(1.9621032741239401), np.float64(0.2776505827152585), np.float64(-0.16633916736702795), np.float64(0.14126586166251592), np.float64(-0.12384192920288566), np.float64(0.1014068491207841), np.float64(-0.08884411715826811), np.float64(0.07354142359638755), np.float64(-0.054272967202623), np.float64(0.027326739155731413), np.float64(-0.014593601373869626), np.float64(0.010401876778409707), np.float64(-0.010294787841362056), np.float64(0.010189881504899365), np.float64(-0.0100870917138853), np.float64(0.009986355052143181), np.float64(-0.009887610611971217), np.float64(0.009790799871318798), np.float64(-0.009252524710376228), np.float64(0.006588667178200216)]"
0.2,EANR-AdaBoost2_DecisionTree | ORIG,20,10,1.5,0.9923469387755102,0.0,0.0,0.0,0.0,0.9725,0.4961734693877551,"[[389   3]
 [  8   0]]",None,"[np.float64(4.554799223043223), np.float64(1.715695773496285), np.float64(0.5279716035857713), np.float64(0.3384220258727865), np.float64(0.251034448284824), np.float64(0.19998556356766806), np.float64(0.16634787601669773), np.float64(0.1424618607078538), np.float64(0.12460510117175877), np.float64(0.11074244060463667), np.float64(0.0996646667727686), np.float64(0.09060712315627605), np.float64(0.08306219718274933), np.float64(0.07667949619986784), np.float64(0.07120926050475637), np.float64(0.06646860773259093), np.float64(0.062320526254234516), np.float64(0.058660326830323996), np.float64(0.0554066329073427), np.float64(0.05249522803280296)]"
0.2,EANR-AdaBoost2_WSVM | ORIG,20,10,1,0.0,1.0,0.0,0.0392156862745098,0.02,0.02,0.5,"[[  0 392]
 [  0   8]]",None,"[np.float64(1.9621032741239401), np.float64(0.2356233187426667), np.float64(-0.1037382728825203), np.float64(0.28097011546468204), np.float64(0.20939393039045556), np.float64(-0.09546686024042285), np.float64(0.0), np.float64(0.06960471528710566), np.float64(-0.05990102969145867), np.float64(2.2204460492503126e-16), np.float64(1.1102230246251564e-16), np.float64(-2.2204460492503136e-16), np.float64(2.2204460492503126e-16), np.float64(-2.2204460492503136e-16), np.float64(2.2204460492503126e-16), np.float64(-2.2204460492503136e-16), np.float64(2.2204460492503126e-16), np.float64(-2.2204460492503136e-16), np.float64(2.2204460492503126e-16), np.float64(-2.2204460492503136e-16)]"
0.2,EANR-AdaBoost2_SVM | ORIG,20,10,1.5,0.0,1.0,0.0,0.0392156862745098,0.02,0.02,0.5,"[[  0 392]
 [  0   8]]",None,"[np.float64(1.7569649526986753), np.float64(0.2776505827152583), np.float64(-0.1663391673670282), np.float64(0.14126586166251642), np.float64(-0.12384192920288616), np.float64(0.1014068491207841), np.float64(-0.08884411715826811), np.float64(0.07354142359638735), np.float64(-0.05427296720262256), np.float64(0.027326739155731413), np.float64(-0.014593601373869626), np.float64(0.01040187677840949), np.float64(-0.010294787841362056), np.float64(0.010189881504899148), np.float64(-0.010087091713885074), np.float64(0.009986355052142964), np.float64(-0.00988761061197099), np.float64(0.00979079987131858), np.float64(-0.009252524710376228), np.float64(0.006588667178200436)]"
0.2,EANR-AdaBoost2_DecisionTree | ORIG,20,10,2,0.9923469387755102,0.0,0.0,0.0,0.0,0.9725,0.4961734693877551,"[[389   3]
 [  8   0]]",None,"[np.float64(4.4134200500789955), np.float64(1.7207233204906787), np.float64(0.5281828586277605), np.float64(0.3385042415758959), np.float64(0.25107891755142636), np.float64(0.20001356962778646), np.float64(0.1663671734075439), np.float64(0.14247597917894614), np.float64(0.12461588485156369), np.float64(0.11075094899448022), np.float64(0.09967155267837284), np.float64(0.09061281104650304), np.float64(0.08306697513122327), np.float64(0.07668356666141884), np.float64(0.07121276995732549), np.float64(0.06647166479072948), np.float64(0.062323213170837756), np.float64(0.058662707042788344), np.float64(0.055408756130229164), np.float64(0.05249713378037689)]"
0.2,EANR-AdaBoost2_WSVM | ORIG,20,10,1.5,0.0,1.0,0.0,0.0392156862745098,0.02,0.02,0.5,"[[  0 392]
 [  0   8]]",None,"[np.float64(1.7569649526986753), np.float64(0.23319177931751656), np.float64(-0.11367396776714023), np.float64(0.2707794085210612), np.float64(0.2045530557246335), np.float64(-0.08248562129179089), np.float64(-2.2204460492503136e-16), np.float64(2.2204460492503126e-16), np.float64(-2.2204460492503136e-16), np.float64(2.2204460492503126e-16), np.float64(-2.2204460492503136e-16), np.float64(2.2204460492503126e-16), np.float64(-2.2204460492503136e-16), np.float64(2.2204460492503126e-16), np.float64(-2.2204460492503136e-16), np.float64(2.2204460492503126e-16), np.float64(-2.2204460492503136e-16), np.float64(2.2204460492503126e-16), np.float64(-2.2204460492503136e-16), np.float64(2.2204460492503126e-16)]"
0.2,EANR-AdaBoost2_SVM | ORIG,20,10,2,0.0,1.0,0.0,0.0392156862745098,0.02,0.02,0.5,"[[  0 392]
 [  0   8]]",None,"[np.float64(1.6107149744687672), np.float64(0.2776505827152582), np.float64(-0.16633916736702795), np.float64(0.14126586166251634), np.float64(-0.12384192920288616), np.float64(0.1014068491207841), np.float64(-0.0888441171582679), np.float64(0.07354142359638755), np.float64(-0.054272967202623), np.float64(0.027326739155731413), np.float64(-0.014593601373869626), np.float64(0.01040187677840949), np.float64(-0.010294787841362056), np.float64(0.010189881504899365), np.float64(-0.010087091713885074), np.float64(0.009986355052142964), np.float64(-0.009887610611970537), np.float64(0.009790799871318145), np.float64(-0.009252524710376228), np.float64(0.006588667178200436)]"
0.2,EANR-AdaBoost2_DecisionTree | ORIG,20,100,0.3,0.9897959183673469,0.0,0.0,0.0,0.0,0.97,0.49489795918367346,"[[388   4]
 [  8   0]]",None,"[np.float64(5.353593523377052), np.float64(1.70361984527489), np.float64(0.5274555968826944), np.float64(0.3382210801330711), np.float64(0.2509257329980961), np.float64(0.19991708716706552), np.float64(0.16630068876938478), np.float64(0.14242733523749054), np.float64(0.12457872947673355), np.float64(0.11072163246884244), np.float64(0.09964782613376948), np.float64(0.09059321215972943), np.float64(0.08305051143741088), np.float64(0.07666954064898089), np.float64(0.07120067695883417), np.float64(0.06646113058412291), np.float64(0.0623139543561817), np.float64(0.05865450504525064), np.float64(0.05540143965511441), np.float64(0.05249056667722843)]"
0.2,EANR-AdaBoost2_WSVM | ORIG,20,10,2,0.0,1.0,0.0,0.0392156862745098,0.02,0.02,0.5,"[[  0 392]
 [  0   8]]",None,"[np.float64(1.6107149744687672), np.float64(0.2349500306654916), np.float64(-0.10394994180829537), np.float64(0.28053971855187704), np.float64(0.2124237507705579), np.float64(-0.0973226432687538), np.float64(2.2204460492503126e-16), np.float64(0.017272567839021164), np.float64(0.01570560186995909), np.float64(0.015075390532468086), np.float64(0.01485148193265555), np.float64(0.014634127703669087), np.float64(0.014423044182809914), np.float64(0.014217963844311964), np.float64(0.014018634167867833), np.float64(0.013824816601044518), np.float64(0.013636285606626287), np.float64(0.013452827786881718), np.float64(0.013274241077604358), np.float64(0.013100334005529204)]"
0.2,EANR-AdaBoost2_SVM | ORIG,20,100,0.3,0.0,1.0,0.0,0.0392156862745098,0.02,0.02,0.5,"[[  0 392]
 [  0   8]]",None,"[np.float64(2.5674523993782326), np.float64(-0.001377496296745876), np.float64(2.2204460492503126e-16), np.float64(2.2204460492503126e-16), np.float64(1.1102230246251564e-16), np.float64(-2.2204460492503136e-16), np.float64(1.1102230246251564e-16), np.float64(1.1102230246251564e-16), np.float64(-2.2204460492503136e-16), np.float64(1.1102230246251564e-16), np.float64(1.1102230246251564e-16), np.float64(-2.2204460492503136e-16), np.float64(1.1102230246251564e-16), np.float64(1.1102230246251564e-16), np.float64(-2.2204460492503136e-16), np.float64(1.1102230246251564e-16), np.float64(1.1102230246251564e-16), np.float64(-2.2204460492503136e-16), np.float64(1.1102230246251564e-16), np.float64(1.1102230246251564e-16)]"
0.2,EANR-AdaBoost2_DecisionTree | ORIG,20,100,0.5,0.9846938775510204,0.0,0.0,0.0,0.0,0.965,0.4923469387755102,"[[386   6]
 [  8   0]]",None,"[np.float64(5.099169740127595), np.float64(1.7056334646569185), np.float64(0.5275424892898566), np.float64(0.3382549308583026), np.float64(0.25094404950713733), np.float64(0.19992862508358966), np.float64(0.16630863997586284), np.float64(0.14243315309751242), np.float64(0.1245831734659427), np.float64(0.11072513899286766), np.float64(0.09965066411240434), np.float64(0.09059555646641215), np.float64(0.08305248076186678), np.float64(0.07667121840999157), np.float64(0.07120212351370044), np.float64(0.06646239069018338), np.float64(0.062315061909050375), np.float64(0.058655486187701576), np.float64(0.05540231487527479), np.float64(0.05249135225993872)]"
0.2,EANR-AdaBoost2_WSVM | ORIG,20,100,0.3,0.0,1.0,0.0,0.0392156862745098,0.02,0.02,0.5,"[[  0 392]
 [  0   8]]",None,"[np.float64(2.5674523993782326), np.float64(0.21719269736600247), np.float64(-0.14329896199530268), np.float64(0.03810970315846219), np.float64(-0.01755000605580461), np.float64(-0.0008192302061004131), np.float64(-0.0005800408747225116), np.float64(0.0), np.float64(0.0), np.float64(0.0), np.float64(0.0), np.float64(0.0), np.float64(0.0), np.float64(0.0), np.float64(0.0), np.float64(0.0), np.float64(0.0), np.float64(0.0), np.float64(0.0), np.float64(0.0)]"
0.2,EANR-AdaBoost2_SVM | ORIG,20,100,0.5,0.0,1.0,0.0,0.0392156862745098,0.02,0.02,0.5,"[[  0 392]
 [  0   8]]",None,"[np.float64(2.3110794477571814), np.float64(-0.001377496296745208), np.float64(-2.2204460492503136e-16), np.float64(1.1102230246251564e-16), np.float64(1.1102230246251564e-16), np.float64(-2.2204460492503136e-16), np.float64(1.1102230246251564e-16), np.float64(1.1102230246251564e-16), np.float64(-2.2204460492503136e-16), np.float64(1.1102230246251564e-16), np.float64(1.1102230246251564e-16), np.float64(-2.2204460492503136e-16), np.float64(1.1102230246251564e-16), np.float64(1.1102230246251564e-16), np.float64(-2.2204460492503136e-16), np.float64(1.1102230246251564e-16), np.float64(1.1102230246251564e-16), np.float64(-2.2204460492503136e-16), np.float64(1.1102230246251564e-16), np.float64(1.1102230246251564e-16)]"
0.2,EANR-AdaBoost2_DecisionTree | ORIG,20,100,0.7,0.9872448979591837,0.0,0.0,0.0,0.0,0.9675,0.49362244897959184,"[[387   5]
 [  8   0]]",None,"[np.float64(4.9319220162055535), np.float64(1.7076466976455575), np.float64(0.5276290231465877), np.float64(0.33828863679909), np.float64(0.25096228660561476), np.float64(0.19994011261016548), np.float64(0.16631655629517844), np.float64(0.14243894534836882), np.float64(0.12458759784701198), np.float64(0.11072863001684873), np.float64(0.09965348952801477), np.float64(0.09059789038320154), np.float64(0.08305444134980462), np.float64(0.07667288872181183), np.float64(0.07120356364139638), np.float64(0.0664636451940692), np.float64(0.06231616453534375), np.float64(0.05865646296382521), np.float64(0.05540318619886677), np.float64(0.05249213434385366)]"
0.2,EANR-AdaBoost2_WSVM | ORIG,20,100,0.5,0.0,1.0,0.0,0.0392156862745098,0.02,0.02,0.5,"[[  0 392]
 [  0   8]]",None,"[np.float64(2.3110794477571814), np.float64(0.15501591043893848), np.float64(-0.11804082586286256), np.float64(0.05294451193880661), np.float64(-0.024690621147560373), np.float64(-0.0006776294112626134), np.float64(6.72129694989629e-05), np.float64(-0.0013868155517958057), np.float64(0.00011831060051921447), np.float64(0.0), np.float64(1.1102230246251564e-16), np.float64(0.0), np.float64(0.0), np.float64(0.0), np.float64(0.0), np.float64(0.0), np.float64(0.0), np.float64(0.0), np.float64(0.0), np.float64(0.0)]"
0.2,EANR-AdaBoost2_SVM | ORIG,20,100,0.7,0.0,1.0,0.0,0.0392156862745098,0.02,0.02,0.5,"[[  0 392]
 [  0   8]]",None,"[np.float64(2.141882678782805), np.float64(-0.0013774962967449853), np.float64(-2.2204460492503136e-16), np.float64(-2.2204460492503136e-16), np.float64(1.1102230246251564e-16), np.float64(-2.2204460492503136e-16), np.float64(1.1102230246251564e-16), np.float64(1.1102230246251564e-16), np.float64(-2.2204460492503136e-16), np.float64(1.1102230246251564e-16), np.float64(1.1102230246251564e-16), np.float64(-2.2204460492503136e-16), np.float64(1.1102230246251564e-16), np.float64(1.1102230246251564e-16), np.float64(-2.2204460492503136e-16), np.float64(1.1102230246251564e-16), np.float64(1.1102230246251564e-16), np.float64(-2.2204460492503136e-16), np.float64(1.1102230246251564e-16), np.float64(1.1102230246251564e-16)]"
0.2,EANR-AdaBoost2_DecisionTree | ORIG,20,100,1,0.9846938775510204,0.0,0.0,0.0,0.0,0.965,0.4923469387755102,"[[386   6]
 [  8   0]]",None,"[np.float64(4.755065946362282), np.float64(1.7106658235062238), np.float64(0.5277581549968727), np.float64(0.33833892568283064), np.float64(0.250989494169573), np.float64(0.19995724994022945), np.float64(0.1663283657246326), np.float64(0.1424475859761063), np.float64(0.12459419785989481), np.float64(0.11073383765402646), np.float64(0.09965770422884508), np.float64(0.09060137188762489), np.float64(0.08305736594363734), np.float64(0.07667538030163079), np.float64(0.07120571185051662), np.float64(0.06646551650561132), np.float64(0.06231780929008331), np.float64(0.05865791998782537), np.float64(0.0554044859198746), np.float64(0.052493300946939804)]"
0.2,EANR-AdaBoost2_WSVM | ORIG,20,100,0.7,0.0,1.0,0.0,0.0392156862745098,0.02,0.02,0.5,"[[  0 392]
 [  0   8]]",None,"[np.float64(2.141882678782805), np.float64(0.15501591043893873), np.float64(-0.11804082586286298), np.float64(0.05294451193880721), np.float64(-0.024690621147560547), np.float64(-0.000677629411262391), np.float64(6.721296949874088e-05), np.float64(-0.0013868155517958057), np.float64(0.00011831060051921447), np.float64(-4.440892098500628e-16), np.float64(4.440892098500624e-16), np.float64(-4.440892098500628e-16), np.float64(4.440892098500624e-16), np.float64(-4.440892098500628e-16), np.float64(4.440892098500624e-16), np.float64(-4.440892098500628e-16), np.float64(4.440892098500624e-16), np.float64(-4.440892098500628e-16), np.float64(4.440892098500624e-16), np.float64(-4.440892098500628e-16)]"
0.2,EANR-AdaBoost2_SVM | ORIG,20,100,1,0.0,1.0,0.0,0.0392156862745098,0.02,0.02,0.5,"[[  0 392]
 [  0   8]]",None,"[np.float64(1.9621032741239401), np.float64(-0.001377496296745208), np.float64(-2.2204460492503136e-16), np.float64(-2.2204460492503136e-16), np.float64(1.1102230246251564e-16), np.float64(-2.2204460492503136e-16), np.float64(2.2204460492503126e-16), np.float64(-2.2204460492503136e-16), np.float64(2.2204460492503126e-16), np.float64(-2.2204460492503136e-16), np.float64(2.2204460492503126e-16), np.float64(-2.2204460492503136e-16), np.float64(2.2204460492503126e-16), np.float64(-2.2204460492503136e-16), np.float64(2.2204460492503126e-16), np.float64(-2.2204460492503136e-16), np.float64(2.2204460492503126e-16), np.float64(-2.2204460492503136e-16), np.float64(2.2204460492503126e-16), np.float64(-2.2204460492503136e-16)]"
0.2,EANR-AdaBoost2_DecisionTree | ORIG,20,100,1.5,0.9897959183673469,0.0,0.0,0.0,0.0,0.97,0.49489795918367346,"[[388   4]
 [  8   0]]",None,"[np.float64(4.554799223043223), np.float64(1.715695773496285), np.float64(0.5279716035857713), np.float64(0.3384220258727865), np.float64(0.251034448284824), np.float64(0.19998556356766806), np.float64(0.16634787601669773), np.float64(0.1424618607078538), np.float64(0.12460510117175877), np.float64(0.11074244060463667), np.float64(0.0996646667727686), np.float64(0.09060712315627605), np.float64(0.08306219718274933), np.float64(0.07667949619986784), np.float64(0.07120926050475637), np.float64(0.06646860773259093), np.float64(0.062320526254234516), np.float64(0.058660326830323996), np.float64(0.0554066329073427), np.float64(0.05249522803280296)]"
0.2,EANR-AdaBoost2_WSVM | ORIG,20,100,1,0.0,1.0,0.0,0.0392156862745098,0.02,0.02,0.5,"[[  0 392]
 [  0   8]]",None,"[np.float64(1.9621032741239401), np.float64(0.15501591043893864), np.float64(-0.11804082586286277), np.float64(0.05294451193880681), np.float64(-0.024690621147560373), np.float64(-0.000677629411262391), np.float64(6.721296949874088e-05), np.float64(-0.0013868155517960284), np.float64(0.00011831060051921447), np.float64(4.440892098500624e-16), np.float64(-6.661338147750944e-16), np.float64(4.440892098500624e-16), np.float64(0.0), np.float64(0.0), np.float64(0.0), np.float64(0.0), np.float64(0.0), np.float64(0.0), np.float64(0.0), np.float64(0.0)]"
0.2,EANR-AdaBoost2_SVM | ORIG,20,100,1.5,0.0,1.0,0.0,0.0392156862745098,0.02,0.02,0.5,"[[  0 392]
 [  0   8]]",None,"[np.float64(1.7569649526986753), np.float64(-0.001377496296745208), np.float64(-2.2204460492503136e-16), np.float64(1.1102230246251564e-16), np.float64(-2.2204460492503136e-16), np.float64(1.1102230246251564e-16), np.float64(1.1102230246251564e-16), np.float64(-2.2204460492503136e-16), np.float64(1.1102230246251564e-16), np.float64(1.1102230246251564e-16), np.float64(-2.2204460492503136e-16), np.float64(1.1102230246251564e-16), np.float64(1.1102230246251564e-16), np.float64(-2.2204460492503136e-16), np.float64(1.1102230246251564e-16), np.float64(1.1102230246251564e-16), np.float64(-2.2204460492503136e-16), np.float64(1.1102230246251564e-16), np.float64(1.1102230246251564e-16), np.float64(-2.2204460492503136e-16)]"
0.2,EANR-AdaBoost2_DecisionTree | ORIG,20,100,2,0.9872448979591837,0.0,0.0,0.0,0.0,0.9675,0.49362244897959184,"[[387   5]
 [  8   0]]",None,"[np.float64(4.4134200500789955), np.float64(1.7207233204906787), np.float64(0.5281828586277605), np.float64(0.3385042415758959), np.float64(0.25107891755142636), np.float64(0.20001356962778646), np.float64(0.1663671734075439), np.float64(0.14247597917894614), np.float64(0.12461588485156369), np.float64(0.11075094899448022), np.float64(0.09967155267837284), np.float64(0.09061281104650304), np.float64(0.08306697513122327), np.float64(0.07668356666141884), np.float64(0.07121276995732549), np.float64(0.06647166479072948), np.float64(0.062323213170837756), np.float64(0.058662707042788344), np.float64(0.055408756130229164), np.float64(0.05249713378037689)]"
0.2,EANR-AdaBoost2_WSVM | ORIG,20,100,1.5,0.0,1.0,0.0,0.0392156862745098,0.02,0.02,0.5,"[[  0 392]
 [  0   8]]",None,"[np.float64(1.7569649526986753), np.float64(0.15501591043893848), np.float64(-0.11804082586286256), np.float64(0.05294451193880661), np.float64(-0.024690621147560373), np.float64(-0.0006776294112626134), np.float64(6.72129694989629e-05), np.float64(-0.001386815551795583), np.float64(0.00011831060051888147), np.float64(0.0), np.float64(1.1102230246251564e-16), np.float64(0.0), np.float64(0.0), np.float64(0.0), np.float64(0.0), np.float64(0.0), np.float64(0.0), np.float64(0.0), np.float64(0.0), np.float64(0.0)]"
0.2,EANR-AdaBoost2_SVM | ORIG,20,100,2,0.0,1.0,0.0,0.0392156862745098,0.02,0.02,0.5,"[[  0 392]
 [  0   8]]",None,"[np.float64(1.6107149744687672), np.float64(-0.0013774962967456534), np.float64(0.0), np.float64(1.1102230246251564e-16), np.float64(0.0), np.float64(1.1102230246251564e-16), np.float64(0.0), np.float64(0.0), np.float64(0.0), np.float64(0.0), np.float64(0.0), np.float64(0.0), np.float64(0.0), np.float64(0.0), np.float64(0.0), np.float64(0.0), np.float64(0.0), np.float64(0.0), np.float64(0.0), np.float64(0.0)]"
0.2,EANR-AdaBoost2_DecisionTree | ORIG,20,1000,0.3,0.9872448979591837,0.0,0.0,0.0,0.0,0.9675,0.49362244897959184,"[[387   5]
 [  8   0]]",None,"[np.float64(5.353593523377052), np.float64(1.70361984527489), np.float64(0.5274555968826944), np.float64(0.3382210801330711), np.float64(0.2509257329980961), np.float64(0.19991708716706552), np.float64(0.16630068876938478), np.float64(0.14242733523749054), np.float64(0.12457872947673355), np.float64(0.11072163246884244), np.float64(0.09964782613376948), np.float64(0.09059321215972943), np.float64(0.08305051143741088), np.float64(0.07666954064898089), np.float64(0.07120067695883417), np.float64(0.06646113058412291), np.float64(0.0623139543561817), np.float64(0.05865450504525064), np.float64(0.05540143965511441), np.float64(0.05249056667722843)]"
0.2,EANR-AdaBoost2_WSVM | ORIG,20,100,2,0.0,1.0,0.0,0.0392156862745098,0.02,0.02,0.5,"[[  0 392]
 [  0   8]]",None,"[np.float64(1.6107149744687672), np.float64(0.15501591043893806), np.float64(-0.11804082586286256), np.float64(0.052944511938806914), np.float64(-0.024690621147560373), np.float64(-0.000677629411262391), np.float64(6.721296949874088e-05), np.float64(-0.001386815551795583), np.float64(0.00011831060051865948), np.float64(2.2204460492503126e-16), np.float64(0.0), np.float64(0.0), np.float64(0.0), np.float64(0.0), np.float64(0.0), np.float64(0.0), np.float64(0.0), np.float64(0.0), np.float64(0.0), np.float64(0.0)]"
0.2,EANR-AdaBoost2_WSVM | ORIG,20,1000,0.3,0.05102040816326531,0.875,0.21128856368212914,0.03617571059431524,0.018469656992084433,0.0675,0.4630102040816326,"[[ 20 372]
 [  1   7]]",None,"[np.float64(2.58973342734187), np.float64(0.11807933238991224), np.float64(-0.0649881625384589), np.float64(0.10642312546378616), np.float64(-0.010013958931346845), np.float64(-0.00984104652687534), np.float64(0.00031339970382895596), np.float64(-2.2204460492503136e-16), np.float64(-0.0007272816582311873), np.float64(0.0007267531039359766), np.float64(1.5123428622626316e-06), np.float64(0.0006126500228260514), np.float64(-0.0013395664945247997), np.float64(0.0007272085376988639), np.float64(0.0006120673205012512), np.float64(-0.001337929102030042), np.float64(0.0007261535974842036), np.float64(0.0006114851141489496), np.float64(-0.0013362952628726429), np.float64(0.0007251017127215067)]"
0.2,EANR-AdaBoost2_DecisionTree | ORIG,20,1000,0.5,0.9897959183673469,0.0,0.0,0.0,0.0,0.97,0.49489795918367346,"[[388   4]
 [  8   0]]",None,"[np.float64(5.099169740127595), np.float64(1.7056334646569185), np.float64(0.5275424892898566), np.float64(0.3382549308583026), np.float64(0.25094404950713733), np.float64(0.19992862508358966), np.float64(0.16630863997586284), np.float64(0.14243315309751242), np.float64(0.1245831734659427), np.float64(0.11072513899286766), np.float64(0.09965066411240434), np.float64(0.09059555646641215), np.float64(0.08305248076186678), np.float64(0.07667121840999157), np.float64(0.07120212351370044), np.float64(0.06646239069018338), np.float64(0.062315061909050375), np.float64(0.058655486187701576), np.float64(0.05540231487527479), np.float64(0.05249135225993872)]"
0.2,EANR-AdaBoost2_SVM | ORIG,20,1000,0.3,0.017857142857142856,1.0,0.1336306209562122,0.0399002493765586,0.020356234096692113,0.0375,0.5089285714285714,"[[  7 385]
 [  0   8]]",None,"[np.float64(2.58973342734187), np.float64(0.014390257965201755), np.float64(1.917687497335938e-05), np.float64(-2.2204460492503136e-16), np.float64(2.2204460492503126e-16), np.float64(0.0), np.float64(0.0), np.float64(0.0), np.float64(0.0), np.float64(0.0), np.float64(0.0), np.float64(0.0), np.float64(0.0), np.float64(0.0), np.float64(0.0), np.float64(0.0), np.float64(0.0), np.float64(0.0), np.float64(0.0), np.float64(0.0)]"
0.2,EANR-AdaBoost2_WSVM | ORIG,20,1000,0.5,0.15816326530612246,0.875,0.37201190457142247,0.04057971014492753,0.020771513353115726,0.1725,0.5165816326530612,"[[ 62 330]
 [  1   7]]",None,"[np.float64(2.3906808345246557), np.float64(0.17648035724310301), np.float64(-0.10731315405532418), np.float64(0.059087480048889786), np.float64(0.00856263586518579), np.float64(-0.0009854573958567845), np.float64(-0.0013333140612729981), np.float64(8.026167745891363e-05), np.float64(0.0), np.float64(4.440892098500624e-16), np.float64(-4.440892098500628e-16), np.float64(4.440892098500624e-16), np.float64(-4.440892098500628e-16), np.float64(4.440892098500624e-16), np.float64(-2.2204460492503136e-16), np.float64(0.0), np.float64(0.0), np.float64(0.0), np.float64(0.0), np.float64(0.0)]"
0.2,EANR-AdaBoost2_DecisionTree | ORIG,20,1000,0.7,0.9872448979591837,0.0,0.0,0.0,0.0,0.9675,0.49362244897959184,"[[387   5]
 [  8   0]]",None,"[np.float64(4.9319220162055535), np.float64(1.7076466976455575), np.float64(0.5276290231465877), np.float64(0.33828863679909), np.float64(0.25096228660561476), np.float64(0.19994011261016548), np.float64(0.16631655629517844), np.float64(0.14243894534836882), np.float64(0.12458759784701198), np.float64(0.11072863001684873), np.float64(0.09965348952801477), np.float64(0.09059789038320154), np.float64(0.08305444134980462), np.float64(0.07667288872181183), np.float64(0.07120356364139638), np.float64(0.0664636451940692), np.float64(0.06231616453534375), np.float64(0.05865646296382521), np.float64(0.05540318619886677), np.float64(0.05249213434385366)]"
0.2,EANR-AdaBoost2_SVM | ORIG,20,1000,0.5,0.12244897959183673,0.875,0.32732683535398854,0.03899721448467967,0.019943019943019943,0.1375,0.4987244897959183,"[[ 48 344]
 [  1   7]]",None,"[np.float64(2.3906808345246557), np.float64(0.007763804707994379), np.float64(0.0015158049090950923), np.float64(0.0007532496780723118), np.float64(1.1102230246251564e-16), np.float64(2.2204460492503126e-16), np.float64(0.0), np.float64(0.0), np.float64(0.0), np.float64(0.0), np.float64(0.0), np.float64(0.0), np.float64(0.0), np.float64(0.0), np.float64(0.0), np.float64(0.0), np.float64(0.0), np.float64(0.0), np.float64(0.0), np.float64(0.0)]"
0.2,EANR-AdaBoost2_WSVM | ORIG,20,1000,0.7,0.17091836734693877,0.875,0.3867215683519235,0.041176470588235294,0.02108433734939759,0.185,0.5229591836734694,"[[ 67 325]
 [  1   7]]",None,"[np.float64(2.2413975641244526), np.float64(0.14690760101155914), np.float64(-0.07871661664673059), np.float64(0.031706623654972), np.float64(0.018636804780094402), np.float64(-0.02376341360473136), np.float64(-0.007874072185439292), np.float64(-0.00045424637280970276), np.float64(2.2204460492503126e-16), np.float64(2.2204460492503126e-16), np.float64(0.0), np.float64(0.0), np.float64(0.0), np.float64(0.0), np.float64(0.0), np.float64(0.0), np.float64(0.0), np.float64(0.0), np.float64(0.0), np.float64(0.0)]"
0.2,EANR-AdaBoost2_SVM | ORIG,20,1000,0.7,0.1683673469387755,0.875,0.38382473678936924,0.04105571847507331,0.021021021021021023,0.1825,0.5216836734693877,"[[ 66 326]
 [  1   7]]",None,"[np.float64(2.2413975641244526), np.float64(0.061737128986191846), np.float64(-0.043342284777932394), np.float64(-0.01271825569142168), np.float64(0.02674938372792113), np.float64(-0.016904895771290736), np.float64(0.018134712540215266), np.float64(-0.017399292682532545), np.float64(0.016928866661235307), np.float64(-0.016277498882271133), np.float64(0.016500441809319463), np.float64(-0.016641664587892485), np.float64(0.017004572072463597), np.float64(-0.01548350453794457), np.float64(0.016000127316917974), np.float64(-0.014384471538898758), np.float64(-0.00757396588329789), np.float64(0.019841519177097686), np.float64(-0.01204060076644113), np.float64(0.01524276913689826)]"
0.2,EANR-AdaBoost2_DecisionTree | ORIG,20,1000,1,0.9897959183673469,0.0,0.0,0.0,0.0,0.97,0.49489795918367346,"[[388   4]
 [  8   0]]",None,"[np.float64(4.755065946362282), np.float64(1.7106658235062238), np.float64(0.5277581549968727), np.float64(0.33833892568283064), np.float64(0.250989494169573), np.float64(0.19995724994022945), np.float64(0.1663283657246326), np.float64(0.1424475859761063), np.float64(0.12459419785989481), np.float64(0.11073383765402646), np.float64(0.09965770422884508), np.float64(0.09060137188762489), np.float64(0.08305736594363734), np.float64(0.07667538030163079), np.float64(0.07120571185051662), np.float64(0.06646551650561132), np.float64(0.06231780929008331), np.float64(0.05865791998782537), np.float64(0.0554044859198746), np.float64(0.052493300946939804)]"
0.2,EANR-AdaBoost2_SVM | ORIG,20,1000,1,0.08418367346938775,0.75,0.2512722728476837,0.032171581769437,0.01643835616438356,0.0975,0.41709183673469385,"[[ 33 359]
 [  2   6]]",None,"[np.float64(-1.033985748475238), np.float64(0.1965992834581853), np.float64(-0.028715422263713933), np.float64(-0.0002810850120102621), np.float64(4.440892098500624e-16), np.float64(-6.661338147750944e-16), np.float64(6.661338147750935e-16), np.float64(-4.440892098500628e-16), np.float64(5.55111512312578e-16), np.float64(-4.440892098500628e-16), np.float64(5.55111512312578e-16), np.float64(-6.661338147750944e-16), np.float64(5.55111512312578e-16), np.float64(-4.440892098500628e-16), np.float64(5.55111512312578e-16), np.float64(-4.440892098500628e-16), np.float64(5.55111512312578e-16), np.float64(-4.440892098500628e-16), np.float64(5.55111512312578e-16), np.float64(-6.661338147750944e-16)]"
0.2,EANR-AdaBoost2_DecisionTree | ORIG,20,1000,1.5,0.9872448979591837,0.0,0.0,0.0,0.0,0.9675,0.49362244897959184,"[[387   5]
 [  8   0]]",None,"[np.float64(4.554799223043223), np.float64(1.715695773496285), np.float64(0.5279716035857713), np.float64(0.3384220258727865), np.float64(0.251034448284824), np.float64(0.19998556356766806), np.float64(0.16634787601669773), np.float64(0.1424618607078538), np.float64(0.12460510117175877), np.float64(0.11074244060463667), np.float64(0.0996646667727686), np.float64(0.09060712315627605), np.float64(0.08306219718274933), np.float64(0.07667949619986784), np.float64(0.07120926050475637), np.float64(0.06646860773259093), np.float64(0.062320526254234516), np.float64(0.058660326830323996), np.float64(0.0554066329073427), np.float64(0.05249522803280296)]"
0.2,EANR-AdaBoost2_WSVM | ORIG,20,1000,1,0.03571428571428571,0.75,0.16366341767699427,0.030612244897959183,0.015625,0.05,0.39285714285714285,"[[ 14 378]
 [  2   6]]",None,"[np.float64(-1.033985748475238), np.float64(0.30735951088271785), np.float64(-0.11726138349044521), np.float64(-0.009691895684674079), np.float64(0.004151087655896498), np.float64(-0.0008749975736221586), np.float64(0.0001748464816381302), np.float64(2.2204460492503126e-16), np.float64(0.0), np.float64(0.0), np.float64(0.0), np.float64(0.0), np.float64(0.0), np.float64(0.0), np.float64(0.0), np.float64(0.0), np.float64(0.0), np.float64(0.0), np.float64(0.0), np.float64(0.0)]"
0.2,EANR-AdaBoost2_SVM | ORIG,20,1000,1.5,0.14540816326530612,0.75,0.33023646444476656,0.034383954154727794,0.017595307917888565,0.1575,0.4477040816326531,"[[ 57 335]
 [  2   6]]",None,"[np.float64(-0.7527095005001934), np.float64(0.07180606297198643), np.float64(0.00010931896154407692), np.float64(4.440892098500624e-16), np.float64(-2.2204460492503136e-16), np.float64(-2.2204460492503136e-16), np.float64(1.1102230246251564e-16), np.float64(1.1102230246251564e-16), np.float64(1.1102230246251564e-16), np.float64(-2.2204460492503136e-16), np.float64(1.1102230246251564e-16), np.float64(1.1102230246251564e-16), np.float64(-2.2204460492503136e-16), np.float64(1.1102230246251564e-16), np.float64(1.1102230246251564e-16), np.float64(-2.2204460492503136e-16), np.float64(1.1102230246251564e-16), np.float64(1.1102230246251564e-16), np.float64(-2.2204460492503136e-16), np.float64(1.1102230246251564e-16)]"
0.2,EANR-AdaBoost2_DecisionTree | ORIG,20,1000,2,0.9897959183673469,0.0,0.0,0.0,0.0,0.97,0.49489795918367346,"[[388   4]
 [  8   0]]",None,"[np.float64(4.4134200500789955), np.float64(1.7207233204906787), np.float64(0.5281828586277605), np.float64(0.3385042415758959), np.float64(0.25107891755142636), np.float64(0.20001356962778646), np.float64(0.1663671734075439), np.float64(0.14247597917894614), np.float64(0.12461588485156369), np.float64(0.11075094899448022), np.float64(0.09967155267837284), np.float64(0.09061281104650304), np.float64(0.08306697513122327), np.float64(0.07668356666141884), np.float64(0.07121276995732549), np.float64(0.06647166479072948), np.float64(0.062323213170837756), np.float64(0.058662707042788344), np.float64(0.055408756130229164), np.float64(0.05249713378037689)]"
0.2,EANR-AdaBoost2_WSVM | ORIG,20,1000,1.5,0.10714285714285714,0.75,0.2834733547569204,0.03296703296703297,0.016853932584269662,0.12,0.42857142857142855,"[[ 42 350]
 [  2   6]]",None,"[np.float64(-0.7527095005001934), np.float64(0.1783340029673763), np.float64(-0.08462269397215265), np.float64(-0.00853326300838384), np.float64(0.004991148022467503), np.float64(-0.002257421043260276), np.float64(0.0009274313998954902), np.float64(-0.0005294696508792639), np.float64(0.00039689207961197807), np.float64(-2.2204460492503136e-16), np.float64(0.0), np.float64(0.0), np.float64(0.0), np.float64(0.0), np.float64(0.0), np.float64(0.0), np.float64(0.0), np.float64(0.0), np.float64(0.0), np.float64(0.0)]"
0.2,EANR-AdaBoost2_SVM | ORIG,20,1000,2,0.15051020408163265,0.75,0.3359801378969068,0.0345821325648415,0.017699115044247787,0.1625,0.4502551020408163,"[[ 59 333]
 [  2   6]]",None,"[np.float64(-0.7305957260176451), np.float64(0.07011303235463909), np.float64(0.0003874310068904599), np.float64(-2.2204460492503136e-16), np.float64(5.55111512312578e-16), np.float64(0.0), np.float64(0.0), np.float64(0.0), np.float64(0.0), np.float64(0.0), np.float64(0.0), np.float64(0.0), np.float64(0.0), np.float64(0.0), np.float64(0.0), np.float64(0.0), np.float64(0.0), np.float64(0.0), np.float64(0.0), np.float64(0.0)]"
0.2,EANR-AdaBoost2_DecisionTree | ORIG,20,5000,0.3,0.9872448979591837,0.0,0.0,0.0,0.0,0.9675,0.49362244897959184,"[[387   5]
 [  8   0]]",None,"[np.float64(5.353593523377052), np.float64(1.70361984527489), np.float64(0.5274555968826944), np.float64(0.3382210801330711), np.float64(0.2509257329980961), np.float64(0.19991708716706552), np.float64(0.16630068876938478), np.float64(0.14242733523749054), np.float64(0.12457872947673355), np.float64(0.11072163246884244), np.float64(0.09964782613376948), np.float64(0.09059321215972943), np.float64(0.08305051143741088), np.float64(0.07666954064898089), np.float64(0.07120067695883417), np.float64(0.06646113058412291), np.float64(0.0623139543561817), np.float64(0.05865450504525064), np.float64(0.05540143965511441), np.float64(0.05249056667722843)]"
0.2,EANR-AdaBoost2_WSVM | ORIG,20,1000,2,0.14795918367346939,0.75,0.3331206804674577,0.034482758620689655,0.01764705882352941,0.16,0.4489795918367347,"[[ 58 334]
 [  2   6]]",None,"[np.float64(-0.7305957260176451), np.float64(0.06848651118249338), np.float64(0.0013940626308028671), np.float64(0.0), np.float64(4.440892098500624e-16), np.float64(0.0), np.float64(0.0), np.float64(0.0), np.float64(0.0), np.float64(0.0), np.float64(0.0), np.float64(0.0), np.float64(0.0), np.float64(0.0), np.float64(0.0), np.float64(0.0), np.float64(0.0), np.float64(0.0), np.float64(0.0), np.float64(0.0)]"
0.2,EANR-AdaBoost2_SVM | ORIG,20,5000,0.3,0.14540816326530612,0.75,0.33023646444476656,0.034383954154727794,0.017595307917888565,0.1575,0.4477040816326531,"[[ 57 335]
 [  2   6]]",None,"[np.float64(-0.8092754314660031), np.float64(0.07586737968110054), np.float64(2.4401474522479262e-05), np.float64(0.0), np.float64(-2.2204460492503136e-16), np.float64(0.0), np.float64(0.0), np.float64(0.0), np.float64(0.0), np.float64(0.0), np.float64(0.0), np.float64(0.0), np.float64(0.0), np.float64(0.0), np.float64(0.0), np.float64(0.0), np.float64(0.0), np.float64(0.0), np.float64(0.0), np.float64(0.0)]"
0.2,EANR-AdaBoost2_DecisionTree | ORIG,20,5000,0.5,0.9948979591836735,0.0,0.0,0.0,0.0,0.975,0.49744897959183676,"[[390   2]
 [  8   0]]",None,"[np.float64(5.099169740127595), np.float64(1.7056334646569185), np.float64(0.5275424892898566), np.float64(0.3382549308583026), np.float64(0.25094404950713733), np.float64(0.19992862508358966), np.float64(0.16630863997586284), np.float64(0.14243315309751242), np.float64(0.1245831734659427), np.float64(0.11072513899286766), np.float64(0.09965066411240434), np.float64(0.09059555646641215), np.float64(0.08305248076186678), np.float64(0.07667121840999157), np.float64(0.07120212351370044), np.float64(0.06646239069018338), np.float64(0.062315061909050375), np.float64(0.058655486187701576), np.float64(0.05540231487527479), np.float64(0.05249135225993872)]"
0.2,EANR-AdaBoost2_WSVM | ORIG,20,5000,0.3,0.09438775510204081,0.75,0.2660654361741311,0.032520325203252036,0.01662049861495845,0.1075,0.4221938775510204,"[[ 37 355]
 [  2   6]]",None,"[np.float64(-0.8092754314660031), np.float64(0.23119970871960063), np.float64(-0.12250066528286908), np.float64(0.02541420538405283), np.float64(-0.025066398654552683), np.float64(1.1102230246251564e-16), np.float64(1.1102230246251564e-16), np.float64(0.0), np.float64(0.0), np.float64(0.0), np.float64(0.0), np.float64(0.0), np.float64(0.0), np.float64(0.0), np.float64(0.0), np.float64(0.0), np.float64(0.0), np.float64(0.0), np.float64(0.0), np.float64(0.0)]"
0.2,EANR-AdaBoost2_SVM | ORIG,20,5000,0.5,0.14795918367346939,0.75,0.3331206804674577,0.034482758620689655,0.01764705882352941,0.16,0.4489795918367347,"[[ 58 334]
 [  2   6]]",None,"[np.float64(-0.7993657229644952), np.float64(0.07472792303021221), np.float64(0.00011962352542528546), np.float64(4.440892098500624e-16), np.float64(-2.2204460492503136e-16), np.float64(-2.2204460492503136e-16), np.float64(0.0), np.float64(0.0), np.float64(0.0), np.float64(0.0), np.float64(0.0), np.float64(0.0), np.float64(0.0), np.float64(0.0), np.float64(0.0), np.float64(0.0), np.float64(0.0), np.float64(0.0), np.float64(0.0), np.float64(0.0)]"
0.2,EANR-AdaBoost2_DecisionTree | ORIG,20,5000,0.7,0.9872448979591837,0.0,0.0,0.0,0.0,0.9675,0.49362244897959184,"[[387   5]
 [  8   0]]",None,"[np.float64(4.9319220162055535), np.float64(1.7076466976455575), np.float64(0.5276290231465877), np.float64(0.33828863679909), np.float64(0.25096228660561476), np.float64(0.19994011261016548), np.float64(0.16631655629517844), np.float64(0.14243894534836882), np.float64(0.12458759784701198), np.float64(0.11072863001684873), np.float64(0.09965348952801477), np.float64(0.09059789038320154), np.float64(0.08305444134980462), np.float64(0.07667288872181183), np.float64(0.07120356364139638), np.float64(0.0664636451940692), np.float64(0.06231616453534375), np.float64(0.05865646296382521), np.float64(0.05540318619886677), np.float64(0.05249213434385366)]"
0.2,EANR-AdaBoost2_WSVM | ORIG,20,5000,0.5,0.14540816326530612,0.75,0.33023646444476656,0.034383954154727794,0.017595307917888565,0.1575,0.4477040816326531,"[[ 57 335]
 [  2   6]]",None,"[np.float64(-0.7993657229644952), np.float64(0.07420844863877016), np.float64(0.0007173408216641962), np.float64(-3.976651857236099e-05), np.float64(-3.9825277611232165e-05), np.float64(-2.2204460492503136e-16), np.float64(1.1102230246251564e-16), np.float64(1.1102230246251564e-16), np.float64(-2.2204460492503136e-16), np.float64(1.1102230246251564e-16), np.float64(1.1102230246251564e-16), np.float64(-2.2204460492503136e-16), np.float64(1.1102230246251564e-16), np.float64(1.1102230246251564e-16), np.float64(-2.2204460492503136e-16), np.float64(1.1102230246251564e-16), np.float64(1.1102230246251564e-16), np.float64(-2.2204460492503136e-16), np.float64(1.1102230246251564e-16), np.float64(1.1102230246251564e-16)]"
0.2,EANR-AdaBoost2_SVM | ORIG,20,5000,0.7,0.16581632653061223,0.75,0.3526503153237768,0.03519061583577713,0.018018018018018018,0.1775,0.45790816326530615,"[[ 65 327]
 [  2   6]]",None,"[np.float64(-0.5918271312632307), np.float64(-0.09603986306363316), np.float64(-0.0002045232739797715), np.float64(-4.440892098500628e-16), np.float64(0.0), np.float64(0.0), np.float64(0.0), np.float64(0.0), np.float64(0.0), np.float64(0.0), np.float64(0.0), np.float64(0.0), np.float64(0.0), np.float64(0.0), np.float64(0.0), np.float64(0.0), np.float64(0.0), np.float64(0.0), np.float64(0.0), np.float64(0.0)]"
0.2,EANR-AdaBoost2_DecisionTree | ORIG,20,5000,1,0.9872448979591837,0.0,0.0,0.0,0.0,0.9675,0.49362244897959184,"[[387   5]
 [  8   0]]",None,"[np.float64(4.755065946362282), np.float64(1.7106658235062238), np.float64(0.5277581549968727), np.float64(0.33833892568283064), np.float64(0.250989494169573), np.float64(0.19995724994022945), np.float64(0.1663283657246326), np.float64(0.1424475859761063), np.float64(0.12459419785989481), np.float64(0.11073383765402646), np.float64(0.09965770422884508), np.float64(0.09060137188762489), np.float64(0.08305736594363734), np.float64(0.07667538030163079), np.float64(0.07120571185051662), np.float64(0.06646551650561132), np.float64(0.06231780929008331), np.float64(0.05865791998782537), np.float64(0.0554044859198746), np.float64(0.052493300946939804)]"
0.2,EANR-AdaBoost2_WSVM | ORIG,20,5000,0.7,0.16581632653061223,0.75,0.3526503153237768,0.03519061583577713,0.018018018018018018,0.1775,0.45790816326530615,"[[ 65 327]
 [  2   6]]",None,"[np.float64(-0.5918271312632307), np.float64(-0.09656251524897581), np.float64(0.00028025189769243164), np.float64(-3.3730802419575315e-05), np.float64(-3.3731940224521605e-05), np.float64(0.0), np.float64(0.0), np.float64(-4.440892098500628e-16), np.float64(0.0), np.float64(0.0), np.float64(0.0), np.float64(0.0), np.float64(0.0), np.float64(0.0), np.float64(0.0), np.float64(0.0), np.float64(0.0), np.float64(0.0), np.float64(0.0), np.float64(0.0)]"
0.2,EANR-AdaBoost2_SVM | ORIG,20,5000,1,0.1556122448979592,0.75,0.34162725838766056,0.034782608695652174,0.017804154302670624,0.1675,0.4528061224489796,"[[ 61 331]
 [  2   6]]",None,"[np.float64(-0.5818969003174337), np.float64(0.03945692000471601), np.float64(0.000286970509055723), np.float64(-1.6865565089016316e-05), np.float64(-2.2204460492503136e-16), np.float64(6.661338147750935e-16), np.float64(-4.440892098500628e-16), np.float64(-2.2204460492503136e-16), np.float64(6.661338147750935e-16), np.float64(-4.440892098500628e-16), np.float64(-2.2204460492503136e-16), np.float64(6.661338147750935e-16), np.float64(-4.440892098500628e-16), np.float64(-2.2204460492503136e-16), np.float64(6.661338147750935e-16), np.float64(-4.440892098500628e-16), np.float64(-2.2204460492503136e-16), np.float64(6.661338147750935e-16), np.float64(-4.440892098500628e-16), np.float64(-2.2204460492503136e-16)]"
0.2,EANR-AdaBoost2_DecisionTree | ORIG,20,5000,1.5,0.9872448979591837,0.0,0.0,0.0,0.0,0.9675,0.49362244897959184,"[[387   5]
 [  8   0]]",None,"[np.float64(4.554799223043223), np.float64(1.715695773496285), np.float64(0.5279716035857713), np.float64(0.3384220258727865), np.float64(0.251034448284824), np.float64(0.19998556356766806), np.float64(0.16634787601669773), np.float64(0.1424618607078538), np.float64(0.12460510117175877), np.float64(0.11074244060463667), np.float64(0.0996646667727686), np.float64(0.09060712315627605), np.float64(0.08306219718274933), np.float64(0.07667949619986784), np.float64(0.07120926050475637), np.float64(0.06646860773259093), np.float64(0.062320526254234516), np.float64(0.058660326830323996), np.float64(0.0554066329073427), np.float64(0.05249522803280296)]"
0.2,EANR-AdaBoost2_WSVM | ORIG,20,5000,1,0.1556122448979592,0.75,0.34162725838766056,0.034782608695652174,0.017804154302670624,0.1675,0.4528061224489796,"[[ 61 331]
 [  2   6]]",None,"[np.float64(-0.5818969003174337), np.float64(0.038521485468942435), np.float64(0.001019436409136328), np.float64(0.00012289037977393115), np.float64(1.1725536734519414e-05), np.float64(-5.001011045765576e-05), np.float64(-4.440892098500628e-16), np.float64(6.661338147750935e-16), np.float64(-4.440892098500628e-16), np.float64(-2.2204460492503136e-16), np.float64(6.661338147750935e-16), np.float64(-4.440892098500628e-16), np.float64(-2.2204460492503136e-16), np.float64(6.661338147750935e-16), np.float64(-4.440892098500628e-16), np.float64(-2.2204460492503136e-16), np.float64(6.661338147750935e-16), np.float64(-4.440892098500628e-16), np.float64(-2.2204460492503136e-16), np.float64(6.661338147750935e-16)]"
0.2,EANR-AdaBoost2_WSVM | ORIG,20,5000,1.5,0.16071428571428573,0.75,0.34718253741470684,0.03498542274052478,0.01791044776119403,0.1725,0.45535714285714285,"[[ 63 329]
 [  2   6]]",None,"[np.float64(-0.5659562404203999), np.float64(0.037587211814467385), np.float64(0.0014929546804491837), np.float64(-0.000573850826703788), np.float64(0.0004169007182258685), np.float64(-0.00015670628071749832), np.float64(4.440892098500624e-16), np.float64(0.0), np.float64(0.0), np.float64(0.0), np.float64(0.0), np.float64(0.0), np.float64(0.0), np.float64(0.0), np.float64(0.0), np.float64(0.0), np.float64(0.0), np.float64(0.0), np.float64(0.0), np.float64(0.0)]"
0.2,EANR-AdaBoost2_DecisionTree | ORIG,20,5000,2,0.9872448979591837,0.0,0.0,0.0,0.0,0.9675,0.49362244897959184,"[[387   5]
 [  8   0]]",None,"[np.float64(4.4134200500789955), np.float64(1.7207233204906787), np.float64(0.5281828586277605), np.float64(0.3385042415758959), np.float64(0.25107891755142636), np.float64(0.20001356962778646), np.float64(0.1663671734075439), np.float64(0.14247597917894614), np.float64(0.12461588485156369), np.float64(0.11075094899448022), np.float64(0.09967155267837284), np.float64(0.09061281104650304), np.float64(0.08306697513122327), np.float64(0.07668356666141884), np.float64(0.07121276995732549), np.float64(0.06647166479072948), np.float64(0.062323213170837756), np.float64(0.058662707042788344), np.float64(0.055408756130229164), np.float64(0.05249713378037689)]"
0.2,EANR-AdaBoost2_SVM | ORIG,20,5000,1.5,0.16071428571428573,0.75,0.34718253741470684,0.03498542274052478,0.01791044776119403,0.1725,0.45535714285714285,"[[ 63 329]
 [  2   6]]",None,"[np.float64(-0.5659562404203999), np.float64(0.038771637180397625), np.float64(0.00015728904978557564), np.float64(1.1102230246251564e-16), np.float64(-6.661338147750944e-16), np.float64(4.440892098500624e-16), np.float64(1.1102230246251564e-16), np.float64(1.1102230246251564e-16), np.float64(1.1102230246251564e-16), np.float64(-6.661338147750944e-16), np.float64(4.440892098500624e-16), np.float64(1.1102230246251564e-16), np.float64(1.1102230246251564e-16), np.float64(1.1102230246251564e-16), np.float64(-6.661338147750944e-16), np.float64(4.440892098500624e-16), np.float64(1.1102230246251564e-16), np.float64(1.1102230246251564e-16), np.float64(1.1102230246251564e-16), np.float64(-6.661338147750944e-16)]"
0.2,EANR-AdaBoost2_WSVM | ORIG,20,5000,2,0.1760204081632653,0.75,0.3633391062388537,0.03560830860534125,0.0182370820668693,0.1875,0.4630102040816326,"[[ 69 323]
 [  2   6]]",None,"[np.float64(-0.470833107246193), np.float64(-0.003486318347416667), np.float64(0.0009012042502155334), np.float64(-0.0002073941248724372), np.float64(-2.2204460492503136e-16), np.float64(1.1102230246251564e-16), np.float64(1.1102230246251564e-16), np.float64(0.0), np.float64(0.0), np.float64(0.0), np.float64(0.0), np.float64(0.0), np.float64(0.0), np.float64(0.0), np.float64(0.0), np.float64(0.0), np.float64(0.0), np.float64(0.0), np.float64(0.0), np.float64(0.0)]"
0.2,EANR-AdaBoost2_SVM | ORIG,20,5000,2,0.1760204081632653,0.75,0.3633391062388537,0.03560830860534125,0.0182370820668693,0.1875,0.4630102040816326,"[[ 69 323]
 [  2   6]]",None,"[np.float64(-0.470833107246193), np.float64(-0.002493586224058085), np.float64(0.0), np.float64(0.0), np.float64(0.0), np.float64(0.0), np.float64(0.0), np.float64(0.0), np.float64(0.0), np.float64(0.0), np.float64(0.0), np.float64(0.0), np.float64(0.0), np.float64(0.0), np.float64(0.0), np.float64(0.0), np.float64(0.0), np.float64(0.0), np.float64(0.0), np.float64(0.0)]"
0.2,EANR-AdaBoost2_DecisionTree | ORIG,20,10000,0.3,0.9923469387755102,0.0,0.0,0.0,0.0,0.9725,0.4961734693877551,"[[389   3]
 [  8   0]]",None,"[np.float64(5.353593523377052), np.float64(1.70361984527489), np.float64(0.5274555968826944), np.float64(0.3382210801330711), np.float64(0.2509257329980961), np.float64(0.19991708716706552), np.float64(0.16630068876938478), np.float64(0.14242733523749054), np.float64(0.12457872947673355), np.float64(0.11072163246884244), np.float64(0.09964782613376948), np.float64(0.09059321215972943), np.float64(0.08305051143741088), np.float64(0.07666954064898089), np.float64(0.07120067695883417), np.float64(0.06646113058412291), np.float64(0.0623139543561817), np.float64(0.05865450504525064), np.float64(0.05540143965511441), np.float64(0.05249056667722843)]"
0.2,EANR-AdaBoost2_SVM | ORIG,20,10000,0.3,0.1556122448979592,0.75,0.34162725838766056,0.034782608695652174,0.017804154302670624,0.1675,0.4528061224489796,"[[ 61 331]
 [  2   6]]",None,"[np.float64(-0.8093565065785173), np.float64(0.07580608393690529), np.float64(2.7836169295939713e-05), np.float64(0.0), np.float64(0.0), np.float64(0.0), np.float64(0.0), np.float64(0.0), np.float64(0.0), np.float64(0.0), np.float64(0.0), np.float64(0.0), np.float64(0.0), np.float64(0.0), np.float64(0.0), np.float64(0.0), np.float64(0.0), np.float64(0.0), np.float64(0.0), np.float64(0.0)]"
0.2,EANR-AdaBoost2_DecisionTree | ORIG,20,10000,0.5,0.9897959183673469,0.0,0.0,0.0,0.0,0.97,0.49489795918367346,"[[388   4]
 [  8   0]]",None,"[np.float64(5.099169740127595), np.float64(1.7056334646569185), np.float64(0.5275424892898566), np.float64(0.3382549308583026), np.float64(0.25094404950713733), np.float64(0.19992862508358966), np.float64(0.16630863997586284), np.float64(0.14243315309751242), np.float64(0.1245831734659427), np.float64(0.11072513899286766), np.float64(0.09965066411240434), np.float64(0.09059555646641215), np.float64(0.08305248076186678), np.float64(0.07667121840999157), np.float64(0.07120212351370044), np.float64(0.06646239069018338), np.float64(0.062315061909050375), np.float64(0.058655486187701576), np.float64(0.05540231487527479), np.float64(0.05249135225993872)]"
0.2,EANR-AdaBoost2_WSVM | ORIG,20,10000,0.3,0.15051020408163265,0.75,0.3359801378969068,0.0345821325648415,0.017699115044247787,0.1625,0.4502551020408163,"[[ 59 333]
 [  2   6]]",None,"[np.float64(-0.8093565065785173), np.float64(0.07555204003072527), np.float64(0.04186687664682828), np.float64(-0.03987899879244401), np.float64(1.9019037483854557e-05), np.float64(-2.448546563858241e-05), np.float64(2.2204460492503126e-16), np.float64(-2.2204460492503136e-16), np.float64(0.0), np.float64(0.0), np.float64(0.0), np.float64(0.0), np.float64(0.0), np.float64(0.0), np.float64(0.0), np.float64(0.0), np.float64(0.0), np.float64(0.0), np.float64(0.0), np.float64(0.0)]"
0.2,EANR-AdaBoost2_SVM | ORIG,20,10000,0.5,0.1556122448979592,0.75,0.34162725838766056,0.034782608695652174,0.017804154302670624,0.1675,0.4528061224489796,"[[ 61 331]
 [  2   6]]",None,"[np.float64(-0.5987425758386796), np.float64(0.0405683743618634), np.float64(0.00011154299193257418), np.float64(6.661338147750935e-16), np.float64(5.55111512312578e-16), np.float64(-6.661338147750944e-16), np.float64(4.440892098500624e-16), np.float64(-6.661338147750944e-16), np.float64(6.661338147750935e-16), np.float64(-6.661338147750944e-16), np.float64(6.661338147750935e-16), np.float64(-6.661338147750944e-16), np.float64(6.661338147750935e-16), np.float64(-6.661338147750944e-16), np.float64(6.661338147750935e-16), np.float64(-6.661338147750944e-16), np.float64(6.661338147750935e-16), np.float64(-6.661338147750944e-16), np.float64(6.661338147750935e-16), np.float64(-6.661338147750944e-16)]"
0.2,EANR-AdaBoost2_DecisionTree | ORIG,20,10000,0.7,0.9872448979591837,0.0,0.0,0.0,0.0,0.9675,0.49362244897959184,"[[387   5]
 [  8   0]]",None,"[np.float64(4.9319220162055535), np.float64(1.7076466976455575), np.float64(0.5276290231465877), np.float64(0.33828863679909), np.float64(0.25096228660561476), np.float64(0.19994011261016548), np.float64(0.16631655629517844), np.float64(0.14243894534836882), np.float64(0.12458759784701198), np.float64(0.11072863001684873), np.float64(0.09965348952801477), np.float64(0.09059789038320154), np.float64(0.08305444134980462), np.float64(0.07667288872181183), np.float64(0.07120356364139638), np.float64(0.0664636451940692), np.float64(0.06231616453534375), np.float64(0.05865646296382521), np.float64(0.05540318619886677), np.float64(0.05249213434385366)]"
0.2,EANR-AdaBoost2_WSVM | ORIG,20,10000,0.5,0.1556122448979592,0.75,0.34162725838766056,0.034782608695652174,0.017804154302670624,0.1675,0.4528061224489796,"[[ 61 331]
 [  2   6]]",None,"[np.float64(-0.5987425758386796), np.float64(0.040059201053736636), np.float64(0.0004245276626125823), np.float64(6.024684689052125e-05), np.float64(3.211352305825537e-05), np.float64(2.786172730005845e-05), np.float64(-2.57329439509239e-05), np.float64(2.573228178323775e-05), np.float64(-2.5731619649825552e-05), np.float64(2.573095755105272e-05), np.float64(-2.573029548590583e-05), np.float64(2.572963345485951e-05), np.float64(-2.5728971457943417e-05), np.float64(2.572830949476913e-05), np.float64(-2.5727647566049343e-05), np.float64(2.572698567067057e-05), np.float64(-2.5726323810057067e-05), np.float64(2.5725661984118057e-05), np.float64(-2.5725000192187143e-05), np.float64(2.5724338433557362e-05)]"
0.2,EANR-AdaBoost2_SVM | ORIG,20,10000,0.7,0.16071428571428573,0.75,0.34718253741470684,0.03498542274052478,0.01791044776119403,0.1725,0.45535714285714285,"[[ 63 329]
 [  2   6]]",None,"[np.float64(-0.592165379150073), np.float64(0.04021810559193386), np.float64(-2.365751834630151e-05), np.float64(2.2204460492503126e-16), np.float64(1.1102230246251564e-16), np.float64(0.0), np.float64(0.0), np.float64(0.0), np.float64(0.0), np.float64(0.0), np.float64(0.0), np.float64(0.0), np.float64(0.0), np.float64(0.0), np.float64(0.0), np.float64(0.0), np.float64(0.0), np.float64(0.0), np.float64(0.0), np.float64(0.0)]"
0.2,EANR-AdaBoost2_DecisionTree | ORIG,20,10000,1,0.9897959183673469,0.0,0.0,0.0,0.0,0.97,0.49489795918367346,"[[388   4]
 [  8   0]]",None,"[np.float64(4.755065946362282), np.float64(1.7106658235062238), np.float64(0.5277581549968727), np.float64(0.33833892568283064), np.float64(0.250989494169573), np.float64(0.19995724994022945), np.float64(0.1663283657246326), np.float64(0.1424475859761063), np.float64(0.12459419785989481), np.float64(0.11073383765402646), np.float64(0.09965770422884508), np.float64(0.09060137188762489), np.float64(0.08305736594363734), np.float64(0.07667538030163079), np.float64(0.07120571185051662), np.float64(0.06646551650561132), np.float64(0.06231780929008331), np.float64(0.05865791998782537), np.float64(0.0554044859198746), np.float64(0.052493300946939804)]"
0.2,EANR-AdaBoost2_WSVM | ORIG,20,10000,0.7,0.16071428571428573,0.75,0.34718253741470684,0.03498542274052478,0.01791044776119403,0.1725,0.45535714285714285,"[[ 63 329]
 [  2   6]]",None,"[np.float64(-0.592165379150073), np.float64(0.03968783435879722), np.float64(0.0006548588866964945), np.float64(-0.00017445106059657604), np.float64(4.138313988919874e-05), np.float64(-2.2204460492503136e-16), np.float64(3.186836340210281e-09), np.float64(3.850245222151781e-05), np.float64(5.661833980832233e-08), np.float64(-3.855758599561053e-05), np.float64(3.849948757213365e-05), np.float64(-7.700216195458408e-05), np.float64(7.69962330783889e-05), np.float64(6.55063402798395e-08), np.float64(-6.550129373835272e-08), np.float64(-3.849208251460711e-05), np.float64(-9.108530845934359e-09), np.float64(3.8565202135516917e-05), np.float64(-3.85607461228819e-05), np.float64(3.169879459973761e-09)]"
0.2,EANR-AdaBoost2_SVM | ORIG,20,10000,1,0.1760204081632653,0.75,0.3633391062388537,0.03560830860534125,0.0182370820668693,0.1875,0.4630102040816326,"[[ 69 323]
 [  2   6]]",None,"[np.float64(-0.49882997141058255), np.float64(-0.0013751177194957674), np.float64(6.661338147750935e-16), np.float64(-8.88178419700126e-16), np.float64(5.55111512312578e-16), np.float64(-6.661338147750944e-16), np.float64(6.661338147750935e-16), np.float64(-6.661338147750944e-16), np.float64(6.661338147750935e-16), np.float64(-6.661338147750944e-16), np.float64(6.661338147750935e-16), np.float64(-6.661338147750944e-16), np.float64(6.661338147750935e-16), np.float64(-6.661338147750944e-16), np.float64(6.661338147750935e-16), np.float64(-6.661338147750944e-16), np.float64(6.661338147750935e-16), np.float64(-6.661338147750944e-16), np.float64(6.661338147750935e-16), np.float64(-6.661338147750944e-16)]"
0.2,EANR-AdaBoost2_DecisionTree | ORIG,20,10000,1.5,0.9846938775510204,0.0,0.0,0.0,0.0,0.965,0.4923469387755102,"[[386   6]
 [  8   0]]",None,"[np.float64(4.554799223043223), np.float64(1.715695773496285), np.float64(0.5279716035857713), np.float64(0.3384220258727865), np.float64(0.251034448284824), np.float64(0.19998556356766806), np.float64(0.16634787601669773), np.float64(0.1424618607078538), np.float64(0.12460510117175877), np.float64(0.11074244060463667), np.float64(0.0996646667727686), np.float64(0.09060712315627605), np.float64(0.08306219718274933), np.float64(0.07667949619986784), np.float64(0.07120926050475637), np.float64(0.06646860773259093), np.float64(0.062320526254234516), np.float64(0.058660326830323996), np.float64(0.0554066329073427), np.float64(0.05249522803280296)]"
0.2,EANR-AdaBoost2_WSVM | ORIG,20,10000,1,0.1760204081632653,0.75,0.3633391062388537,0.03560830860534125,0.0182370820668693,0.1875,0.4630102040816326,"[[ 69 323]
 [  2   6]]",None,"[np.float64(-0.49882997141058255), np.float64(-0.0016501417210439402), np.float64(0.0003200294649283309), np.float64(-2.886743807775409e-05), np.float64(4.440892098500624e-16), np.float64(0.0), np.float64(0.0), np.float64(0.0), np.float64(0.0), np.float64(0.0), np.float64(0.0), np.float64(0.0), np.float64(0.0), np.float64(0.0), np.float64(0.0), np.float64(0.0), np.float64(0.0), np.float64(0.0), np.float64(0.0), np.float64(0.0)]"
0.2,EANR-AdaBoost2_SVM | ORIG,20,10000,1.5,0.17346938775510204,0.75,0.3606966049415028,0.03550295857988166,0.01818181818181818,0.185,0.461734693877551,"[[ 68 324]
 [  2   6]]",None,"[np.float64(-0.4846889316078737), np.float64(-0.0018765972865799432), np.float64(2.2204460492503126e-16), np.float64(-1.1102230246251577e-15), np.float64(5.55111512312578e-16), np.float64(2.2204460492503126e-16), np.float64(0.0), np.float64(1.1102230246251564e-16), np.float64(0.0), np.float64(0.0), np.float64(0.0), np.float64(0.0), np.float64(0.0), np.float64(0.0), np.float64(0.0), np.float64(0.0), np.float64(0.0), np.float64(0.0), np.float64(0.0), np.float64(0.0)]"
0.2,EANR-AdaBoost2_DecisionTree | ORIG,20,10000,2,0.9897959183673469,0.0,0.0,0.0,0.0,0.97,0.49489795918367346,"[[388   4]
 [  8   0]]",None,"[np.float64(4.4134200500789955), np.float64(1.7207233204906787), np.float64(0.5281828586277605), np.float64(0.3385042415758959), np.float64(0.25107891755142636), np.float64(0.20001356962778646), np.float64(0.1663671734075439), np.float64(0.14247597917894614), np.float64(0.12461588485156369), np.float64(0.11075094899448022), np.float64(0.09967155267837284), np.float64(0.09061281104650304), np.float64(0.08306697513122327), np.float64(0.07668356666141884), np.float64(0.07121276995732549), np.float64(0.06647166479072948), np.float64(0.062323213170837756), np.float64(0.058662707042788344), np.float64(0.055408756130229164), np.float64(0.05249713378037689)]"
0.2,EANR-AdaBoost2_WSVM | ORIG,20,10000,1.5,0.17346938775510204,0.75,0.3606966049415028,0.03550295857988166,0.01818181818181818,0.185,0.461734693877551,"[[ 68 324]
 [  2   6]]",None,"[np.float64(-0.4846889316078737), np.float64(-0.0021192608368584614), np.float64(0.00024118943864135658), np.float64(0.00013379130596311874), np.float64(6.692250405054888e-05), np.float64(-8.946464704720968e-09), np.float64(8.945267224643025e-09), np.float64(-8.944070619747835e-09), np.float64(8.942873916911652e-09), np.float64(-8.94167720090854e-09), np.float64(8.940480831224869e-09), np.float64(-8.939284670247693e-09), np.float64(8.938089410872582e-09), np.float64(-8.936893693899118e-09), np.float64(8.935697546431081e-09), np.float64(-8.93450182937212e-09), np.float64(8.933307236301776e-09), np.float64(-8.932111963246613e-09), np.float64(8.930916260038655e-09), np.float64(-8.929720986898073e-09)]"
0.2,EANR-AdaBoost2_SVM | ORIG,20,10000,2,0.1760204081632653,0.75,0.3633391062388537,0.03560830860534125,0.0182370820668693,0.1875,0.4630102040816326,"[[ 69 323]
 [  2   6]]",None,"[np.float64(-0.4707725353006903), np.float64(-0.0012732601737009991), np.float64(1.1102230246251564e-16), np.float64(0.0), np.float64(0.0), np.float64(0.0), np.float64(0.0), np.float64(0.0), np.float64(0.0), np.float64(0.0), np.float64(0.0), np.float64(0.0), np.float64(0.0), np.float64(0.0), np.float64(0.0), np.float64(0.0), np.float64(0.0), np.float64(0.0), np.float64(0.0), np.float64(0.0)]"
0.2,EANR-AdaBoost2_DecisionTree | ORIG,25,10,0.3,0.9897959183673469,0.0,0.0,0.0,0.0,0.97,0.49489795918367346,"[[388   4]
 [  8   0]]",None,"[np.float64(5.353593523377052), np.float64(1.70361984527489), np.float64(0.5274555968826944), np.float64(0.3382210801330711), np.float64(0.2509257329980961), np.float64(0.19991708716706552), np.float64(0.16630068876938478), np.float64(0.14242733523749054), np.float64(0.12457872947673355), np.float64(0.11072163246884244), np.float64(0.09964782613376948), np.float64(0.09059321215972943), np.float64(0.08305051143741088), np.float64(0.07666954064898089), np.float64(0.07120067695883417), np.float64(0.06646113058412291), np.float64(0.0623139543561817), np.float64(0.05865450504525064), np.float64(0.05540143965511441), np.float64(0.05249056667722843), np.float64(0.04987054836095262), np.float64(0.047499834504898794), np.float64(0.04534443456266683), np.float64(0.0433762721610078), np.float64(0.041571951721434325)]"
0.2,EANR-AdaBoost2_WSVM | ORIG,20,10000,2,0.1760204081632653,0.75,0.3633391062388537,0.03560830860534125,0.0182370820668693,0.1875,0.4630102040816326,"[[ 69 323]
 [  2   6]]",None,"[np.float64(-0.4707725353006903), np.float64(-0.0026145062507490764), np.float64(0.0006414499426866165), np.float64(-0.00012017980542283489), np.float64(-8.678685002744298e-05), np.float64(8.686993135168006e-05), np.float64(-8.686238562227284e-05), np.float64(8.685484120362862e-05), np.float64(-8.684729809510477e-05), np.float64(8.683975629679544e-05), np.float64(-8.683221580849988e-05), np.float64(8.682467662973798e-05), np.float64(-8.681713875962612e-05), np.float64(8.680960219812756e-05), np.float64(-8.680206694509626e-05), np.float64(8.679453300041064e-05), np.float64(-8.678700036318868e-05), np.float64(8.67794690334796e-05), np.float64(-8.677193901046061e-05), np.float64(8.676441029455984e-05)]"
0.2,EANR-AdaBoost2_SVM | ORIG,25,10,0.3,0.0,1.0,0.0,0.0392156862745098,0.02,0.02,0.5,"[[  0 392]
 [  0   8]]",None,"[np.float64(2.5674523993782326), np.float64(0.2776505827152577), np.float64(-0.16633916736702772), np.float64(0.14126586166251642), np.float64(-0.12384192920288616), np.float64(0.1014068491207841), np.float64(-0.08884411715826811), np.float64(0.07354142359638755), np.float64(-0.05427296720262256), np.float64(0.0273267391557312), np.float64(-0.014593601373869853), np.float64(0.010401876778409055), np.float64(-0.010294787841361149), np.float64(0.010189881504898931), np.float64(-0.010087091713885074), np.float64(0.009986355052142964), np.float64(-0.009887610611970764), np.float64(0.00979079987131858), np.float64(-0.009252524710376228), np.float64(0.006588667178200216), np.float64(-0.004800031107294313), np.float64(0.00477710070006559), np.float64(-0.004538276737556092), np.float64(0.004517773690189146), np.float64(-0.0044974550683944264)]"
0.2,EANR-AdaBoost2_DecisionTree | ORIG,25,10,0.5,0.9897959183673469,0.0,0.0,0.0,0.0,0.97,0.49489795918367346,"[[388   4]
 [  8   0]]",None,"[np.float64(5.099169740127595), np.float64(1.7056334646569185), np.float64(0.5275424892898566), np.float64(0.3382549308583026), np.float64(0.25094404950713733), np.float64(0.19992862508358966), np.float64(0.16630863997586284), np.float64(0.14243315309751242), np.float64(0.1245831734659427), np.float64(0.11072513899286766), np.float64(0.09965066411240434), np.float64(0.09059555646641215), np.float64(0.08305248076186678), np.float64(0.07667121840999157), np.float64(0.07120212351370044), np.float64(0.06646239069018338), np.float64(0.062315061909050375), np.float64(0.058655486187701576), np.float64(0.05540231487527479), np.float64(0.05249135225993872), np.float64(0.049871257413689946), np.float64(0.04750047769705168), np.float64(0.04534502066748668), np.float64(0.043376808459087354), np.float64(0.04157244430533073)]"
0.2,EANR-AdaBoost2_WSVM | ORIG,25,10,0.3,0.0,1.0,0.0,0.0392156862745098,0.02,0.02,0.5,"[[  0 392]
 [  0   8]]",None,"[np.float64(2.5674523993782326), np.float64(0.21551280254384925), np.float64(-0.08512585409668072), np.float64(0.29060024672923707), np.float64(0.22175714931243343), np.float64(-0.10071199701059141), np.float64(-4.440892098500628e-16), np.float64(0.05378146802364557), np.float64(-0.0470380391732058), np.float64(2.2204460492503126e-16), np.float64(0.0), np.float64(0.0), np.float64(0.0), np.float64(0.0), np.float64(0.0), np.float64(0.0), np.float64(0.0), np.float64(0.0), np.float64(0.0), np.float64(0.0), np.float64(0.0), np.float64(0.0), np.float64(0.0), np.float64(0.0), np.float64(0.0)]"
0.2,EANR-AdaBoost2_SVM | ORIG,25,10,0.5,0.0,1.0,0.0,0.0392156862745098,0.02,0.02,0.5,"[[  0 392]
 [  0   8]]",None,"[np.float64(2.3110794477571814), np.float64(0.277650582715258), np.float64(-0.1663391673670282), np.float64(0.14126586166251642), np.float64(-0.12384192920288616), np.float64(0.1014068491207841), np.float64(-0.08884411715826811), np.float64(0.07354142359638735), np.float64(-0.05427296720262256), np.float64(0.027326739155731413), np.float64(-0.014593601373869626), np.float64(0.01040187677840949), np.float64(-0.010294787841362056), np.float64(0.010189881504899148), np.float64(-0.010087091713885074), np.float64(0.009986355052142964), np.float64(-0.009887610611970764), np.float64(0.00979079987131858), np.float64(-0.009252524710376228), np.float64(0.006588667178200216), np.float64(-0.004800031107294761), np.float64(0.00477710070006603), np.float64(-0.004538276737556092), np.float64(0.004517773690188707), np.float64(-0.004497455068393978)]"
0.2,EANR-AdaBoost2_DecisionTree | ORIG,25,10,0.7,0.9846938775510204,0.0,0.0,0.0,0.0,0.965,0.4923469387755102,"[[386   6]
 [  8   0]]",None,"[np.float64(4.9319220162055535), np.float64(1.7076466976455575), np.float64(0.5276290231465877), np.float64(0.33828863679909), np.float64(0.25096228660561476), np.float64(0.19994011261016548), np.float64(0.16631655629517844), np.float64(0.14243894534836882), np.float64(0.12458759784701198), np.float64(0.11072863001684873), np.float64(0.09965348952801477), np.float64(0.09059789038320154), np.float64(0.08305444134980462), np.float64(0.07667288872181183), np.float64(0.07120356364139638), np.float64(0.0664636451940692), np.float64(0.06231616453534375), np.float64(0.05865646296382521), np.float64(0.05540318619886677), np.float64(0.05249213434385366), np.float64(0.04987196330742108), np.float64(0.04750111802275621), np.float64(0.045345604159554076), np.float64(0.043377342365845985), np.float64(0.04157293469232036)]"
0.2,EANR-AdaBoost2_WSVM | ORIG,25,10,0.5,0.0,1.0,0.0,0.0392156862745098,0.02,0.02,0.5,"[[  0 392]
 [  0   8]]",None,"[np.float64(2.3110794477571814), np.float64(0.24642494904845252), np.float64(-0.1599987096310274), np.float64(0.27531891078092163), np.float64(0.22487731967917027), np.float64(-0.08427217145403626), np.float64(2.2204460492503126e-16), np.float64(0.008877080115672375), np.float64(0.00831226217257381), np.float64(0.0072711383943709065), np.float64(0.007218649675232392), np.float64(0.007166913346341193), np.float64(0.007115913345040821), np.float64(0.0070656340626763705), np.float64(0.007016060328669019), np.float64(0.006967177395250808), np.float64(0.006918970922836997), np.float64(0.00637244329343589), np.float64(0.006332091854430556), np.float64(0.006292248231497954), np.float64(0.00625290289828643), np.float64(0.00621404656524738), np.float64(0.006175670172319326), np.float64(0.006137764881886156), np.float64(0.006100322071992533)]"
0.2,EANR-AdaBoost2_SVM | ORIG,25,10,0.7,0.0,1.0,0.0,0.0392156862745098,0.02,0.02,0.5,"[[  0 392]
 [  0   8]]",None,"[np.float64(2.141882678782805), np.float64(0.2776505827152583), np.float64(-0.16633916736702795), np.float64(0.141265861662516), np.float64(-0.12384192920288595), np.float64(0.1014068491207841), np.float64(-0.0888441171582679), np.float64(0.07354142359638735), np.float64(-0.05427296720262256), np.float64(0.0273267391557312), np.float64(-0.014593601373869626), np.float64(0.01040187677840949), np.float64(-0.010294787841362056), np.float64(0.010189881504899365), np.float64(-0.0100870917138853), np.float64(0.009986355052142964), np.float64(-0.009887610611970764), np.float64(0.00979079987131858), np.float64(-0.009252524710376228), np.float64(0.006588667178200216), np.float64(-0.004800031107294313), np.float64(0.00477710070006559), np.float64(-0.004538276737555868), np.float64(0.004517773690188707), np.float64(-0.004497455068393978)]"
0.2,EANR-AdaBoost2_DecisionTree | ORIG,25,10,1,0.9872448979591837,0.0,0.0,0.0,0.0,0.9675,0.49362244897959184,"[[387   5]
 [  8   0]]",None,"[np.float64(4.755065946362282), np.float64(1.7106658235062238), np.float64(0.5277581549968727), np.float64(0.33833892568283064), np.float64(0.250989494169573), np.float64(0.19995724994022945), np.float64(0.1663283657246326), np.float64(0.1424475859761063), np.float64(0.12459419785989481), np.float64(0.11073383765402646), np.float64(0.09965770422884508), np.float64(0.09060137188762489), np.float64(0.08305736594363734), np.float64(0.07667538030163079), np.float64(0.07120571185051662), np.float64(0.06646551650561132), np.float64(0.06231780929008331), np.float64(0.05865791998782537), np.float64(0.0554044859198746), np.float64(0.052493300946939804), np.float64(0.04987301625871833), np.float64(0.04750207316744347), np.float64(0.045346474526763006), np.float64(0.04337813876790774), np.float64(0.041573666177179704)]"
0.2,EANR-AdaBoost2_WSVM | ORIG,25,10,0.7,0.0,1.0,0.0,0.0392156862745098,0.02,0.02,0.5,"[[  0 392]
 [  0   8]]",None,"[np.float64(2.141882678782805), np.float64(0.2208582061667942), np.float64(-0.09129858418423942), np.float64(0.283111314566056), np.float64(0.22427286034462246), np.float64(-0.10635007325582145), np.float64(0.0), np.float64(0.05409142491796125), np.float64(-0.047305062415043946), np.float64(2.2204460492503126e-16), np.float64(-4.440892098500628e-16), np.float64(2.2204460492503126e-16), np.float64(0.0), np.float64(0.0), np.float64(0.0), np.float64(0.0), np.float64(0.0), np.float64(0.0), np.float64(0.0), np.float64(0.0), np.float64(0.0), np.float64(0.0), np.float64(0.0), np.float64(0.0), np.float64(0.0)]"
0.2,EANR-AdaBoost2_SVM | ORIG,25,10,1,0.0,1.0,0.0,0.0392156862745098,0.02,0.02,0.5,"[[  0 392]
 [  0   8]]",None,"[np.float64(1.9621032741239401), np.float64(0.2776505827152585), np.float64(-0.16633916736702795), np.float64(0.14126586166251592), np.float64(-0.12384192920288566), np.float64(0.1014068491207841), np.float64(-0.08884411715826811), np.float64(0.07354142359638755), np.float64(-0.054272967202623), np.float64(0.027326739155731413), np.float64(-0.014593601373869626), np.float64(0.010401876778409707), np.float64(-0.010294787841362056), np.float64(0.010189881504899365), np.float64(-0.0100870917138853), np.float64(0.009986355052143181), np.float64(-0.009887610611971217), np.float64(0.009790799871318798), np.float64(-0.009252524710376228), np.float64(0.006588667178200216), np.float64(-0.004800031107294313), np.float64(0.00477710070006559), np.float64(-0.004538276737555868), np.float64(0.004517773690188707), np.float64(-0.004497455068393978)]"
0.2,EANR-AdaBoost2_DecisionTree | ORIG,25,10,1.5,0.9923469387755102,0.0,0.0,0.0,0.0,0.9725,0.4961734693877551,"[[389   3]
 [  8   0]]",None,"[np.float64(4.554799223043223), np.float64(1.715695773496285), np.float64(0.5279716035857713), np.float64(0.3384220258727865), np.float64(0.251034448284824), np.float64(0.19998556356766806), np.float64(0.16634787601669773), np.float64(0.1424618607078538), np.float64(0.12460510117175877), np.float64(0.11074244060463667), np.float64(0.0996646667727686), np.float64(0.09060712315627605), np.float64(0.08306219718274933), np.float64(0.07667949619986784), np.float64(0.07120926050475637), np.float64(0.06646860773259093), np.float64(0.062320526254234516), np.float64(0.058660326830323996), np.float64(0.0554066329073427), np.float64(0.05249522803280296), np.float64(0.04987475560056257), np.float64(0.047503650940970525), np.float64(0.04534791225554379), np.float64(0.043379454313365144), np.float64(0.04157487448599061)]"
0.2,EANR-AdaBoost2_WSVM | ORIG,25,10,1,0.0,1.0,0.0,0.0392156862745098,0.02,0.02,0.5,"[[  0 392]
 [  0   8]]",None,"[np.float64(1.9621032741239401), np.float64(0.2356233187426667), np.float64(-0.1037382728825203), np.float64(0.28097011546468204), np.float64(0.20939393039045556), np.float64(-0.09546686024042285), np.float64(0.0), np.float64(0.06960471528710566), np.float64(-0.05990102969145867), np.float64(2.2204460492503126e-16), np.float64(1.1102230246251564e-16), np.float64(-2.2204460492503136e-16), np.float64(2.2204460492503126e-16), np.float64(-2.2204460492503136e-16), np.float64(2.2204460492503126e-16), np.float64(-2.2204460492503136e-16), np.float64(2.2204460492503126e-16), np.float64(-2.2204460492503136e-16), np.float64(2.2204460492503126e-16), np.float64(-2.2204460492503136e-16), np.float64(2.2204460492503126e-16), np.float64(-2.2204460492503136e-16), np.float64(2.2204460492503126e-16), np.float64(0.0), np.float64(0.0)]"
0.2,EANR-AdaBoost2_SVM | ORIG,25,10,1.5,0.0,1.0,0.0,0.0392156862745098,0.02,0.02,0.5,"[[  0 392]
 [  0   8]]",None,"[np.float64(1.7569649526986753), np.float64(0.2776505827152583), np.float64(-0.1663391673670282), np.float64(0.14126586166251642), np.float64(-0.12384192920288616), np.float64(0.1014068491207841), np.float64(-0.08884411715826811), np.float64(0.07354142359638735), np.float64(-0.05427296720262256), np.float64(0.027326739155731413), np.float64(-0.014593601373869626), np.float64(0.01040187677840949), np.float64(-0.010294787841362056), np.float64(0.010189881504899148), np.float64(-0.010087091713885074), np.float64(0.009986355052142964), np.float64(-0.00988761061197099), np.float64(0.00979079987131858), np.float64(-0.009252524710376228), np.float64(0.006588667178200436), np.float64(-0.004800031107294761), np.float64(0.00477710070006603), np.float64(-0.004538276737556092), np.float64(0.004517773690188707), np.float64(-0.004497455068393978)]"
0.2,EANR-AdaBoost2_DecisionTree | ORIG,25,10,2,0.9897959183673469,0.0,0.0,0.0,0.0,0.97,0.49489795918367346,"[[388   4]
 [  8   0]]",None,"[np.float64(4.4134200500789955), np.float64(1.7207233204906787), np.float64(0.5281828586277605), np.float64(0.3385042415758959), np.float64(0.25107891755142636), np.float64(0.20001356962778646), np.float64(0.1663671734075439), np.float64(0.14247597917894614), np.float64(0.12461588485156369), np.float64(0.11075094899448022), np.float64(0.09967155267837284), np.float64(0.09061281104650304), np.float64(0.08306697513122327), np.float64(0.07668356666141884), np.float64(0.07121276995732549), np.float64(0.06647166479072948), np.float64(0.062323213170837756), np.float64(0.058662707042788344), np.float64(0.055408756130229164), np.float64(0.05249713378037689), np.float64(0.04987647567667864), np.float64(0.047505211233207015), np.float64(0.04534933405041286), np.float64(0.04338075527545968), np.float64(0.04157606939719359)]"
0.2,EANR-AdaBoost2_WSVM | ORIG,25,10,1.5,0.0,1.0,0.0,0.0392156862745098,0.02,0.02,0.5,"[[  0 392]
 [  0   8]]",None,"[np.float64(1.7569649526986753), np.float64(0.23319177931751656), np.float64(-0.11367396776714023), np.float64(0.2707794085210612), np.float64(0.2045530557246335), np.float64(-0.08248562129179089), np.float64(-2.2204460492503136e-16), np.float64(2.2204460492503126e-16), np.float64(-2.2204460492503136e-16), np.float64(2.2204460492503126e-16), np.float64(-2.2204460492503136e-16), np.float64(2.2204460492503126e-16), np.float64(-2.2204460492503136e-16), np.float64(2.2204460492503126e-16), np.float64(-2.2204460492503136e-16), np.float64(2.2204460492503126e-16), np.float64(-2.2204460492503136e-16), np.float64(2.2204460492503126e-16), np.float64(-2.2204460492503136e-16), np.float64(2.2204460492503126e-16), np.float64(-2.2204460492503136e-16), np.float64(2.2204460492503126e-16), np.float64(-2.2204460492503136e-16), np.float64(2.2204460492503126e-16), np.float64(-2.2204460492503136e-16)]"
0.2,EANR-AdaBoost2_SVM | ORIG,25,10,2,0.0,1.0,0.0,0.0392156862745098,0.02,0.02,0.5,"[[  0 392]
 [  0   8]]",None,"[np.float64(1.6107149744687672), np.float64(0.2776505827152582), np.float64(-0.16633916736702795), np.float64(0.14126586166251634), np.float64(-0.12384192920288616), np.float64(0.1014068491207841), np.float64(-0.0888441171582679), np.float64(0.07354142359638755), np.float64(-0.054272967202623), np.float64(0.027326739155731413), np.float64(-0.014593601373869626), np.float64(0.01040187677840949), np.float64(-0.010294787841362056), np.float64(0.010189881504899365), np.float64(-0.010087091713885074), np.float64(0.009986355052142964), np.float64(-0.009887610611970537), np.float64(0.009790799871318145), np.float64(-0.009252524710376228), np.float64(0.006588667178200436), np.float64(-0.004800031107294761), np.float64(0.00477710070006603), np.float64(-0.004538276737555868), np.float64(0.004517773690188707), np.float64(-0.004497455068393978)]"
0.2,EANR-AdaBoost2_DecisionTree | ORIG,25,100,0.3,0.9897959183673469,0.0,0.0,0.0,0.0,0.97,0.49489795918367346,"[[388   4]
 [  8   0]]",None,"[np.float64(5.353593523377052), np.float64(1.70361984527489), np.float64(0.5274555968826944), np.float64(0.3382210801330711), np.float64(0.2509257329980961), np.float64(0.19991708716706552), np.float64(0.16630068876938478), np.float64(0.14242733523749054), np.float64(0.12457872947673355), np.float64(0.11072163246884244), np.float64(0.09964782613376948), np.float64(0.09059321215972943), np.float64(0.08305051143741088), np.float64(0.07666954064898089), np.float64(0.07120067695883417), np.float64(0.06646113058412291), np.float64(0.0623139543561817), np.float64(0.05865450504525064), np.float64(0.05540143965511441), np.float64(0.05249056667722843), np.float64(0.04987054836095262), np.float64(0.047499834504898794), np.float64(0.04534443456266683), np.float64(0.0433762721610078), np.float64(0.041571951721434325)]"
0.2,EANR-AdaBoost2_WSVM | ORIG,25,10,2,0.0,1.0,0.0,0.0392156862745098,0.02,0.02,0.5,"[[  0 392]
 [  0   8]]",None,"[np.float64(1.6107149744687672), np.float64(0.2349500306654916), np.float64(-0.10394994180829537), np.float64(0.28053971855187704), np.float64(0.2124237507705579), np.float64(-0.0973226432687538), np.float64(2.2204460492503126e-16), np.float64(0.017272567839021164), np.float64(0.01570560186995909), np.float64(0.015075390532468086), np.float64(0.01485148193265555), np.float64(0.014634127703669087), np.float64(0.014423044182809914), np.float64(0.014217963844311964), np.float64(0.014018634167867833), np.float64(0.013824816601044518), np.float64(0.013636285606626287), np.float64(0.013452827786881718), np.float64(0.013274241077604358), np.float64(0.013100334005529204), np.float64(0.012930925003378774), np.float64(0.006390663254694541), np.float64(0.006350081473409528), np.float64(0.0063100118488908855), np.float64(0.006270444746402373)]"
0.2,EANR-AdaBoost2_SVM | ORIG,25,100,0.3,0.0,1.0,0.0,0.0392156862745098,0.02,0.02,0.5,"[[  0 392]
 [  0   8]]",None,"[np.float64(2.5674523993782326), np.float64(-0.001377496296745876), np.float64(2.2204460492503126e-16), np.float64(2.2204460492503126e-16), np.float64(1.1102230246251564e-16), np.float64(-2.2204460492503136e-16), np.float64(1.1102230246251564e-16), np.float64(1.1102230246251564e-16), np.float64(-2.2204460492503136e-16), np.float64(1.1102230246251564e-16), np.float64(1.1102230246251564e-16), np.float64(-2.2204460492503136e-16), np.float64(1.1102230246251564e-16), np.float64(1.1102230246251564e-16), np.float64(-2.2204460492503136e-16), np.float64(1.1102230246251564e-16), np.float64(1.1102230246251564e-16), np.float64(-2.2204460492503136e-16), np.float64(1.1102230246251564e-16), np.float64(1.1102230246251564e-16), np.float64(-2.2204460492503136e-16), np.float64(1.1102230246251564e-16), np.float64(1.1102230246251564e-16), np.float64(-2.2204460492503136e-16), np.float64(1.1102230246251564e-16)]"
0.2,EANR-AdaBoost2_DecisionTree | ORIG,25,100,0.5,0.9897959183673469,0.0,0.0,0.0,0.0,0.97,0.49489795918367346,"[[388   4]
 [  8   0]]",None,"[np.float64(5.099169740127595), np.float64(1.7056334646569185), np.float64(0.5275424892898566), np.float64(0.3382549308583026), np.float64(0.25094404950713733), np.float64(0.19992862508358966), np.float64(0.16630863997586284), np.float64(0.14243315309751242), np.float64(0.1245831734659427), np.float64(0.11072513899286766), np.float64(0.09965066411240434), np.float64(0.09059555646641215), np.float64(0.08305248076186678), np.float64(0.07667121840999157), np.float64(0.07120212351370044), np.float64(0.06646239069018338), np.float64(0.062315061909050375), np.float64(0.058655486187701576), np.float64(0.05540231487527479), np.float64(0.05249135225993872), np.float64(0.049871257413689946), np.float64(0.04750047769705168), np.float64(0.04534502066748668), np.float64(0.043376808459087354), np.float64(0.04157244430533073)]"
0.2,EANR-AdaBoost2_WSVM | ORIG,25,100,0.3,0.0,1.0,0.0,0.0392156862745098,0.02,0.02,0.5,"[[  0 392]
 [  0   8]]",None,"[np.float64(2.5674523993782326), np.float64(0.21719269736600247), np.float64(-0.14329896199530268), np.float64(0.03810970315846219), np.float64(-0.01755000605580461), np.float64(-0.0008192302061004131), np.float64(-0.0005800408747225116), np.float64(0.0), np.float64(0.0), np.float64(0.0), np.float64(0.0), np.float64(0.0), np.float64(0.0), np.float64(0.0), np.float64(0.0), np.float64(0.0), np.float64(0.0), np.float64(0.0), np.float64(0.0), np.float64(0.0), np.float64(0.0), np.float64(0.0), np.float64(0.0), np.float64(0.0), np.float64(0.0)]"
0.2,EANR-AdaBoost2_SVM | ORIG,25,100,0.5,0.0,1.0,0.0,0.0392156862745098,0.02,0.02,0.5,"[[  0 392]
 [  0   8]]",None,"[np.float64(2.3110794477571814), np.float64(-0.001377496296745208), np.float64(-2.2204460492503136e-16), np.float64(1.1102230246251564e-16), np.float64(1.1102230246251564e-16), np.float64(-2.2204460492503136e-16), np.float64(1.1102230246251564e-16), np.float64(1.1102230246251564e-16), np.float64(-2.2204460492503136e-16), np.float64(1.1102230246251564e-16), np.float64(1.1102230246251564e-16), np.float64(-2.2204460492503136e-16), np.float64(1.1102230246251564e-16), np.float64(1.1102230246251564e-16), np.float64(-2.2204460492503136e-16), np.float64(1.1102230246251564e-16), np.float64(1.1102230246251564e-16), np.float64(-2.2204460492503136e-16), np.float64(1.1102230246251564e-16), np.float64(1.1102230246251564e-16), np.float64(-2.2204460492503136e-16), np.float64(1.1102230246251564e-16), np.float64(1.1102230246251564e-16), np.float64(-2.2204460492503136e-16), np.float64(1.1102230246251564e-16)]"
0.2,EANR-AdaBoost2_DecisionTree | ORIG,25,100,0.7,0.9897959183673469,0.0,0.0,0.0,0.0,0.97,0.49489795918367346,"[[388   4]
 [  8   0]]",None,"[np.float64(4.9319220162055535), np.float64(1.7076466976455575), np.float64(0.5276290231465877), np.float64(0.33828863679909), np.float64(0.25096228660561476), np.float64(0.19994011261016548), np.float64(0.16631655629517844), np.float64(0.14243894534836882), np.float64(0.12458759784701198), np.float64(0.11072863001684873), np.float64(0.09965348952801477), np.float64(0.09059789038320154), np.float64(0.08305444134980462), np.float64(0.07667288872181183), np.float64(0.07120356364139638), np.float64(0.0664636451940692), np.float64(0.06231616453534375), np.float64(0.05865646296382521), np.float64(0.05540318619886677), np.float64(0.05249213434385366), np.float64(0.04987196330742108), np.float64(0.04750111802275621), np.float64(0.045345604159554076), np.float64(0.043377342365845985), np.float64(0.04157293469232036)]"
0.2,EANR-AdaBoost2_WSVM | ORIG,25,100,0.5,0.0,1.0,0.0,0.0392156862745098,0.02,0.02,0.5,"[[  0 392]
 [  0   8]]",None,"[np.float64(2.3110794477571814), np.float64(0.15501591043893848), np.float64(-0.11804082586286256), np.float64(0.05294451193880661), np.float64(-0.024690621147560373), np.float64(-0.0006776294112626134), np.float64(6.72129694989629e-05), np.float64(-0.0013868155517958057), np.float64(0.00011831060051921447), np.float64(0.0), np.float64(1.1102230246251564e-16), np.float64(0.0), np.float64(0.0), np.float64(0.0), np.float64(0.0), np.float64(0.0), np.float64(0.0), np.float64(0.0), np.float64(0.0), np.float64(0.0), np.float64(0.0), np.float64(0.0), np.float64(0.0), np.float64(0.0), np.float64(0.0)]"
0.2,EANR-AdaBoost2_SVM | ORIG,25,100,0.7,0.0,1.0,0.0,0.0392156862745098,0.02,0.02,0.5,"[[  0 392]
 [  0   8]]",None,"[np.float64(2.141882678782805), np.float64(-0.0013774962967449853), np.float64(-2.2204460492503136e-16), np.float64(-2.2204460492503136e-16), np.float64(1.1102230246251564e-16), np.float64(-2.2204460492503136e-16), np.float64(1.1102230246251564e-16), np.float64(1.1102230246251564e-16), np.float64(-2.2204460492503136e-16), np.float64(1.1102230246251564e-16), np.float64(1.1102230246251564e-16), np.float64(-2.2204460492503136e-16), np.float64(1.1102230246251564e-16), np.float64(1.1102230246251564e-16), np.float64(-2.2204460492503136e-16), np.float64(1.1102230246251564e-16), np.float64(1.1102230246251564e-16), np.float64(-2.2204460492503136e-16), np.float64(1.1102230246251564e-16), np.float64(1.1102230246251564e-16), np.float64(-2.2204460492503136e-16), np.float64(1.1102230246251564e-16), np.float64(1.1102230246251564e-16), np.float64(-2.2204460492503136e-16), np.float64(1.1102230246251564e-16)]"
0.2,EANR-AdaBoost2_DecisionTree | ORIG,25,100,1,0.9872448979591837,0.0,0.0,0.0,0.0,0.9675,0.49362244897959184,"[[387   5]
 [  8   0]]",None,"[np.float64(4.755065946362282), np.float64(1.7106658235062238), np.float64(0.5277581549968727), np.float64(0.33833892568283064), np.float64(0.250989494169573), np.float64(0.19995724994022945), np.float64(0.1663283657246326), np.float64(0.1424475859761063), np.float64(0.12459419785989481), np.float64(0.11073383765402646), np.float64(0.09965770422884508), np.float64(0.09060137188762489), np.float64(0.08305736594363734), np.float64(0.07667538030163079), np.float64(0.07120571185051662), np.float64(0.06646551650561132), np.float64(0.06231780929008331), np.float64(0.05865791998782537), np.float64(0.0554044859198746), np.float64(0.052493300946939804), np.float64(0.04987301625871833), np.float64(0.04750207316744347), np.float64(0.045346474526763006), np.float64(0.04337813876790774), np.float64(0.041573666177179704)]"
0.2,EANR-AdaBoost2_WSVM | ORIG,25,100,0.7,0.0,1.0,0.0,0.0392156862745098,0.02,0.02,0.5,"[[  0 392]
 [  0   8]]",None,"[np.float64(2.141882678782805), np.float64(0.15501591043893873), np.float64(-0.11804082586286298), np.float64(0.05294451193880721), np.float64(-0.024690621147560547), np.float64(-0.000677629411262391), np.float64(6.721296949874088e-05), np.float64(-0.0013868155517958057), np.float64(0.00011831060051921447), np.float64(-4.440892098500628e-16), np.float64(4.440892098500624e-16), np.float64(-4.440892098500628e-16), np.float64(4.440892098500624e-16), np.float64(-4.440892098500628e-16), np.float64(4.440892098500624e-16), np.float64(-4.440892098500628e-16), np.float64(4.440892098500624e-16), np.float64(-4.440892098500628e-16), np.float64(4.440892098500624e-16), np.float64(-4.440892098500628e-16), np.float64(4.440892098500624e-16), np.float64(-4.440892098500628e-16), np.float64(4.440892098500624e-16), np.float64(-4.440892098500628e-16), np.float64(4.440892098500624e-16)]"
0.2,EANR-AdaBoost2_SVM | ORIG,25,100,1,0.0,1.0,0.0,0.0392156862745098,0.02,0.02,0.5,"[[  0 392]
 [  0   8]]",None,"[np.float64(1.9621032741239401), np.float64(-0.001377496296745208), np.float64(-2.2204460492503136e-16), np.float64(-2.2204460492503136e-16), np.float64(1.1102230246251564e-16), np.float64(-2.2204460492503136e-16), np.float64(2.2204460492503126e-16), np.float64(-2.2204460492503136e-16), np.float64(2.2204460492503126e-16), np.float64(-2.2204460492503136e-16), np.float64(2.2204460492503126e-16), np.float64(-2.2204460492503136e-16), np.float64(2.2204460492503126e-16), np.float64(-2.2204460492503136e-16), np.float64(2.2204460492503126e-16), np.float64(-2.2204460492503136e-16), np.float64(2.2204460492503126e-16), np.float64(-2.2204460492503136e-16), np.float64(2.2204460492503126e-16), np.float64(-2.2204460492503136e-16), np.float64(2.2204460492503126e-16), np.float64(-2.2204460492503136e-16), np.float64(2.2204460492503126e-16), np.float64(-2.2204460492503136e-16), np.float64(2.2204460492503126e-16)]"
0.2,EANR-AdaBoost2_DecisionTree | ORIG,25,100,1.5,0.9872448979591837,0.0,0.0,0.0,0.0,0.9675,0.49362244897959184,"[[387   5]
 [  8   0]]",None,"[np.float64(4.554799223043223), np.float64(1.715695773496285), np.float64(0.5279716035857713), np.float64(0.3384220258727865), np.float64(0.251034448284824), np.float64(0.19998556356766806), np.float64(0.16634787601669773), np.float64(0.1424618607078538), np.float64(0.12460510117175877), np.float64(0.11074244060463667), np.float64(0.0996646667727686), np.float64(0.09060712315627605), np.float64(0.08306219718274933), np.float64(0.07667949619986784), np.float64(0.07120926050475637), np.float64(0.06646860773259093), np.float64(0.062320526254234516), np.float64(0.058660326830323996), np.float64(0.0554066329073427), np.float64(0.05249522803280296), np.float64(0.04987475560056257), np.float64(0.047503650940970525), np.float64(0.04534791225554379), np.float64(0.043379454313365144), np.float64(0.04157487448599061)]"
0.2,EANR-AdaBoost2_WSVM | ORIG,25,100,1,0.0,1.0,0.0,0.0392156862745098,0.02,0.02,0.5,"[[  0 392]
 [  0   8]]",None,"[np.float64(1.9621032741239401), np.float64(0.15501591043893864), np.float64(-0.11804082586286277), np.float64(0.05294451193880681), np.float64(-0.024690621147560373), np.float64(-0.000677629411262391), np.float64(6.721296949874088e-05), np.float64(-0.0013868155517960284), np.float64(0.00011831060051921447), np.float64(4.440892098500624e-16), np.float64(-6.661338147750944e-16), np.float64(4.440892098500624e-16), np.float64(0.0), np.float64(0.0), np.float64(0.0), np.float64(0.0), np.float64(0.0), np.float64(0.0), np.float64(0.0), np.float64(0.0), np.float64(0.0), np.float64(0.0), np.float64(0.0), np.float64(0.0), np.float64(0.0)]"
0.2,EANR-AdaBoost2_SVM | ORIG,25,100,1.5,0.0,1.0,0.0,0.0392156862745098,0.02,0.02,0.5,"[[  0 392]
 [  0   8]]",None,"[np.float64(1.7569649526986753), np.float64(-0.001377496296745208), np.float64(-2.2204460492503136e-16), np.float64(1.1102230246251564e-16), np.float64(-2.2204460492503136e-16), np.float64(1.1102230246251564e-16), np.float64(1.1102230246251564e-16), np.float64(-2.2204460492503136e-16), np.float64(1.1102230246251564e-16), np.float64(1.1102230246251564e-16), np.float64(-2.2204460492503136e-16), np.float64(1.1102230246251564e-16), np.float64(1.1102230246251564e-16), np.float64(-2.2204460492503136e-16), np.float64(1.1102230246251564e-16), np.float64(1.1102230246251564e-16), np.float64(-2.2204460492503136e-16), np.float64(1.1102230246251564e-16), np.float64(1.1102230246251564e-16), np.float64(-2.2204460492503136e-16), np.float64(1.1102230246251564e-16), np.float64(1.1102230246251564e-16), np.float64(-2.2204460492503136e-16), np.float64(1.1102230246251564e-16), np.float64(1.1102230246251564e-16)]"
0.2,EANR-AdaBoost2_DecisionTree | ORIG,25,100,2,0.9872448979591837,0.0,0.0,0.0,0.0,0.9675,0.49362244897959184,"[[387   5]
 [  8   0]]",None,"[np.float64(4.4134200500789955), np.float64(1.7207233204906787), np.float64(0.5281828586277605), np.float64(0.3385042415758959), np.float64(0.25107891755142636), np.float64(0.20001356962778646), np.float64(0.1663671734075439), np.float64(0.14247597917894614), np.float64(0.12461588485156369), np.float64(0.11075094899448022), np.float64(0.09967155267837284), np.float64(0.09061281104650304), np.float64(0.08306697513122327), np.float64(0.07668356666141884), np.float64(0.07121276995732549), np.float64(0.06647166479072948), np.float64(0.062323213170837756), np.float64(0.058662707042788344), np.float64(0.055408756130229164), np.float64(0.05249713378037689), np.float64(0.04987647567667864), np.float64(0.047505211233207015), np.float64(0.04534933405041286), np.float64(0.04338075527545968), np.float64(0.04157606939719359)]"
0.2,EANR-AdaBoost2_WSVM | ORIG,25,100,1.5,0.0,1.0,0.0,0.0392156862745098,0.02,0.02,0.5,"[[  0 392]
 [  0   8]]",None,"[np.float64(1.7569649526986753), np.float64(0.15501591043893848), np.float64(-0.11804082586286256), np.float64(0.05294451193880661), np.float64(-0.024690621147560373), np.float64(-0.0006776294112626134), np.float64(6.72129694989629e-05), np.float64(-0.001386815551795583), np.float64(0.00011831060051888147), np.float64(0.0), np.float64(1.1102230246251564e-16), np.float64(0.0), np.float64(0.0), np.float64(0.0), np.float64(0.0), np.float64(0.0), np.float64(0.0), np.float64(0.0), np.float64(0.0), np.float64(0.0), np.float64(0.0), np.float64(0.0), np.float64(0.0), np.float64(0.0), np.float64(0.0)]"
0.2,EANR-AdaBoost2_SVM | ORIG,25,100,2,0.0,1.0,0.0,0.0392156862745098,0.02,0.02,0.5,"[[  0 392]
 [  0   8]]",None,"[np.float64(1.6107149744687672), np.float64(-0.0013774962967456534), np.float64(0.0), np.float64(1.1102230246251564e-16), np.float64(0.0), np.float64(1.1102230246251564e-16), np.float64(0.0), np.float64(0.0), np.float64(0.0), np.float64(0.0), np.float64(0.0), np.float64(0.0), np.float64(0.0), np.float64(0.0), np.float64(0.0), np.float64(0.0), np.float64(0.0), np.float64(0.0), np.float64(0.0), np.float64(0.0), np.float64(0.0), np.float64(0.0), np.float64(0.0), np.float64(0.0), np.float64(0.0)]"
0.2,EANR-AdaBoost2_DecisionTree | ORIG,25,1000,0.3,0.9872448979591837,0.0,0.0,0.0,0.0,0.9675,0.49362244897959184,"[[387   5]
 [  8   0]]",None,"[np.float64(5.353593523377052), np.float64(1.70361984527489), np.float64(0.5274555968826944), np.float64(0.3382210801330711), np.float64(0.2509257329980961), np.float64(0.19991708716706552), np.float64(0.16630068876938478), np.float64(0.14242733523749054), np.float64(0.12457872947673355), np.float64(0.11072163246884244), np.float64(0.09964782613376948), np.float64(0.09059321215972943), np.float64(0.08305051143741088), np.float64(0.07666954064898089), np.float64(0.07120067695883417), np.float64(0.06646113058412291), np.float64(0.0623139543561817), np.float64(0.05865450504525064), np.float64(0.05540143965511441), np.float64(0.05249056667722843), np.float64(0.04987054836095262), np.float64(0.047499834504898794), np.float64(0.04534443456266683), np.float64(0.0433762721610078), np.float64(0.041571951721434325)]"
0.2,EANR-AdaBoost2_WSVM | ORIG,25,100,2,0.0,1.0,0.0,0.0392156862745098,0.02,0.02,0.5,"[[  0 392]
 [  0   8]]",None,"[np.float64(1.6107149744687672), np.float64(0.15501591043893806), np.float64(-0.11804082586286256), np.float64(0.052944511938806914), np.float64(-0.024690621147560373), np.float64(-0.000677629411262391), np.float64(6.721296949874088e-05), np.float64(-0.001386815551795583), np.float64(0.00011831060051865948), np.float64(2.2204460492503126e-16), np.float64(0.0), np.float64(0.0), np.float64(0.0), np.float64(0.0), np.float64(0.0), np.float64(0.0), np.float64(0.0), np.float64(0.0), np.float64(0.0), np.float64(0.0), np.float64(0.0), np.float64(0.0), np.float64(0.0), np.float64(0.0), np.float64(0.0)]"
0.2,EANR-AdaBoost2_SVM | ORIG,25,1000,0.3,0.017857142857142856,1.0,0.1336306209562122,0.0399002493765586,0.020356234096692113,0.0375,0.5089285714285714,"[[  7 385]
 [  0   8]]",None,"[np.float64(2.58973342734187), np.float64(0.014390257965201755), np.float64(1.917687497335938e-05), np.float64(-2.2204460492503136e-16), np.float64(2.2204460492503126e-16), np.float64(0.0), np.float64(0.0), np.float64(0.0), np.float64(0.0), np.float64(0.0), np.float64(0.0), np.float64(0.0), np.float64(0.0), np.float64(0.0), np.float64(0.0), np.float64(0.0), np.float64(0.0), np.float64(0.0), np.float64(0.0), np.float64(0.0), np.float64(0.0), np.float64(0.0), np.float64(0.0), np.float64(0.0), np.float64(0.0)]"
0.2,EANR-AdaBoost2_DecisionTree | ORIG,25,1000,0.5,0.9897959183673469,0.0,0.0,0.0,0.0,0.97,0.49489795918367346,"[[388   4]
 [  8   0]]",None,"[np.float64(5.099169740127595), np.float64(1.7056334646569185), np.float64(0.5275424892898566), np.float64(0.3382549308583026), np.float64(0.25094404950713733), np.float64(0.19992862508358966), np.float64(0.16630863997586284), np.float64(0.14243315309751242), np.float64(0.1245831734659427), np.float64(0.11072513899286766), np.float64(0.09965066411240434), np.float64(0.09059555646641215), np.float64(0.08305248076186678), np.float64(0.07667121840999157), np.float64(0.07120212351370044), np.float64(0.06646239069018338), np.float64(0.062315061909050375), np.float64(0.058655486187701576), np.float64(0.05540231487527479), np.float64(0.05249135225993872), np.float64(0.049871257413689946), np.float64(0.04750047769705168), np.float64(0.04534502066748668), np.float64(0.043376808459087354), np.float64(0.04157244430533073)]"
0.2,EANR-AdaBoost2_WSVM | ORIG,25,1000,0.3,0.05102040816326531,0.875,0.21128856368212914,0.03617571059431524,0.018469656992084433,0.0675,0.4630102040816326,"[[ 20 372]
 [  1   7]]",None,"[np.float64(2.58973342734187), np.float64(0.11807933238991224), np.float64(-0.0649881625384589), np.float64(0.10642312546378616), np.float64(-0.010013958931346845), np.float64(-0.00984104652687534), np.float64(0.00031339970382895596), np.float64(-2.2204460492503136e-16), np.float64(-0.0007272816582311873), np.float64(0.0007267531039359766), np.float64(1.5123428622626316e-06), np.float64(0.0006126500228260514), np.float64(-0.0013395664945247997), np.float64(0.0007272085376988639), np.float64(0.0006120673205012512), np.float64(-0.001337929102030042), np.float64(0.0007261535974842036), np.float64(0.0006114851141489496), np.float64(-0.0013362952628726429), np.float64(0.0007251017127215067), np.float64(0.000610903407606452), np.float64(-0.0013346649676059274), np.float64(0.0007240528701559317), np.float64(0.0006103222046521998), np.float64(-0.0013330382067990596)]"
0.2,EANR-AdaBoost2_SVM | ORIG,25,1000,0.5,0.12244897959183673,0.875,0.32732683535398854,0.03899721448467967,0.019943019943019943,0.1375,0.4987244897959183,"[[ 48 344]
 [  1   7]]",None,"[np.float64(2.3906808345246557), np.float64(0.007763804707994379), np.float64(0.0015158049090950923), np.float64(0.0007532496780723118), np.float64(1.1102230246251564e-16), np.float64(2.2204460492503126e-16), np.float64(0.0), np.float64(0.0), np.float64(0.0), np.float64(0.0), np.float64(0.0), np.float64(0.0), np.float64(0.0), np.float64(0.0), np.float64(0.0), np.float64(0.0), np.float64(0.0), np.float64(0.0), np.float64(0.0), np.float64(0.0), np.float64(0.0), np.float64(0.0), np.float64(0.0), np.float64(0.0), np.float64(0.0)]"
0.2,EANR-AdaBoost2_DecisionTree | ORIG,25,1000,0.7,0.9897959183673469,0.0,0.0,0.0,0.0,0.97,0.49489795918367346,"[[388   4]
 [  8   0]]",None,"[np.float64(4.9319220162055535), np.float64(1.7076466976455575), np.float64(0.5276290231465877), np.float64(0.33828863679909), np.float64(0.25096228660561476), np.float64(0.19994011261016548), np.float64(0.16631655629517844), np.float64(0.14243894534836882), np.float64(0.12458759784701198), np.float64(0.11072863001684873), np.float64(0.09965348952801477), np.float64(0.09059789038320154), np.float64(0.08305444134980462), np.float64(0.07667288872181183), np.float64(0.07120356364139638), np.float64(0.0664636451940692), np.float64(0.06231616453534375), np.float64(0.05865646296382521), np.float64(0.05540318619886677), np.float64(0.05249213434385366), np.float64(0.04987196330742108), np.float64(0.04750111802275621), np.float64(0.045345604159554076), np.float64(0.043377342365845985), np.float64(0.04157293469232036)]"
0.2,EANR-AdaBoost2_WSVM | ORIG,25,1000,0.5,0.15816326530612246,0.875,0.37201190457142247,0.04057971014492753,0.020771513353115726,0.1725,0.5165816326530612,"[[ 62 330]
 [  1   7]]",None,"[np.float64(2.3906808345246557), np.float64(0.17648035724310301), np.float64(-0.10731315405532418), np.float64(0.059087480048889786), np.float64(0.00856263586518579), np.float64(-0.0009854573958567845), np.float64(-0.0013333140612729981), np.float64(8.026167745891363e-05), np.float64(0.0), np.float64(4.440892098500624e-16), np.float64(-4.440892098500628e-16), np.float64(4.440892098500624e-16), np.float64(-4.440892098500628e-16), np.float64(4.440892098500624e-16), np.float64(-2.2204460492503136e-16), np.float64(0.0), np.float64(0.0), np.float64(0.0), np.float64(0.0), np.float64(0.0), np.float64(0.0), np.float64(0.0), np.float64(0.0), np.float64(0.0), np.float64(0.0)]"
0.2,EANR-AdaBoost2_SVM | ORIG,25,1000,0.7,0.1683673469387755,0.875,0.38382473678936924,0.04105571847507331,0.021021021021021023,0.1825,0.5216836734693877,"[[ 66 326]
 [  1   7]]",None,"[np.float64(2.2413975641244526), np.float64(0.061737128986191846), np.float64(-0.043342284777932394), np.float64(-0.01271825569142168), np.float64(0.02674938372792113), np.float64(-0.016904895771290736), np.float64(0.018134712540215266), np.float64(-0.017399292682532545), np.float64(0.016928866661235307), np.float64(-0.016277498882271133), np.float64(0.016500441809319463), np.float64(-0.016641664587892485), np.float64(0.017004572072463597), np.float64(-0.01548350453794457), np.float64(0.016000127316917974), np.float64(-0.014384471538898758), np.float64(-0.00757396588329789), np.float64(0.019841519177097686), np.float64(-0.01204060076644113), np.float64(0.01524276913689826), np.float64(-0.014083527074760656), np.float64(0.01357306781475896), np.float64(-0.009718999837946924), np.float64(-0.006526296969657561), np.float64(0.01459109569857816)]"
0.2,EANR-AdaBoost2_DecisionTree | ORIG,25,1000,1,0.9897959183673469,0.0,0.0,0.0,0.0,0.97,0.49489795918367346,"[[388   4]
 [  8   0]]",None,"[np.float64(4.755065946362282), np.float64(1.7106658235062238), np.float64(0.5277581549968727), np.float64(0.33833892568283064), np.float64(0.250989494169573), np.float64(0.19995724994022945), np.float64(0.1663283657246326), np.float64(0.1424475859761063), np.float64(0.12459419785989481), np.float64(0.11073383765402646), np.float64(0.09965770422884508), np.float64(0.09060137188762489), np.float64(0.08305736594363734), np.float64(0.07667538030163079), np.float64(0.07120571185051662), np.float64(0.06646551650561132), np.float64(0.06231780929008331), np.float64(0.05865791998782537), np.float64(0.0554044859198746), np.float64(0.052493300946939804), np.float64(0.04987301625871833), np.float64(0.04750207316744347), np.float64(0.045346474526763006), np.float64(0.04337813876790774), np.float64(0.041573666177179704)]"
0.2,EANR-AdaBoost2_WSVM | ORIG,25,1000,0.7,0.17091836734693877,0.875,0.3867215683519235,0.041176470588235294,0.02108433734939759,0.185,0.5229591836734694,"[[ 67 325]
 [  1   7]]",None,"[np.float64(2.2413975641244526), np.float64(0.14690760101155914), np.float64(-0.07871661664673059), np.float64(0.031706623654972), np.float64(0.018636804780094402), np.float64(-0.02376341360473136), np.float64(-0.007874072185439292), np.float64(-0.00045424637280970276), np.float64(2.2204460492503126e-16), np.float64(2.2204460492503126e-16), np.float64(0.0), np.float64(0.0), np.float64(0.0), np.float64(0.0), np.float64(0.0), np.float64(0.0), np.float64(0.0), np.float64(0.0), np.float64(0.0), np.float64(0.0), np.float64(0.0), np.float64(0.0), np.float64(0.0), np.float64(0.0), np.float64(0.0)]"
0.2,EANR-AdaBoost2_SVM | ORIG,25,1000,1,0.08418367346938775,0.75,0.2512722728476837,0.032171581769437,0.01643835616438356,0.0975,0.41709183673469385,"[[ 33 359]
 [  2   6]]",None,"[np.float64(-1.033985748475238), np.float64(0.1965992834581853), np.float64(-0.028715422263713933), np.float64(-0.0002810850120102621), np.float64(4.440892098500624e-16), np.float64(-6.661338147750944e-16), np.float64(6.661338147750935e-16), np.float64(-4.440892098500628e-16), np.float64(5.55111512312578e-16), np.float64(-4.440892098500628e-16), np.float64(5.55111512312578e-16), np.float64(-6.661338147750944e-16), np.float64(5.55111512312578e-16), np.float64(-4.440892098500628e-16), np.float64(5.55111512312578e-16), np.float64(-4.440892098500628e-16), np.float64(5.55111512312578e-16), np.float64(-4.440892098500628e-16), np.float64(5.55111512312578e-16), np.float64(-6.661338147750944e-16), np.float64(5.55111512312578e-16), np.float64(-4.440892098500628e-16), np.float64(5.55111512312578e-16), np.float64(-4.440892098500628e-16), np.float64(5.55111512312578e-16)]"
0.2,EANR-AdaBoost2_DecisionTree | ORIG,25,1000,1.5,0.9846938775510204,0.0,0.0,0.0,0.0,0.965,0.4923469387755102,"[[386   6]
 [  8   0]]",None,"[np.float64(4.554799223043223), np.float64(1.715695773496285), np.float64(0.5279716035857713), np.float64(0.3384220258727865), np.float64(0.251034448284824), np.float64(0.19998556356766806), np.float64(0.16634787601669773), np.float64(0.1424618607078538), np.float64(0.12460510117175877), np.float64(0.11074244060463667), np.float64(0.0996646667727686), np.float64(0.09060712315627605), np.float64(0.08306219718274933), np.float64(0.07667949619986784), np.float64(0.07120926050475637), np.float64(0.06646860773259093), np.float64(0.062320526254234516), np.float64(0.058660326830323996), np.float64(0.0554066329073427), np.float64(0.05249522803280296), np.float64(0.04987475560056257), np.float64(0.047503650940970525), np.float64(0.04534791225554379), np.float64(0.043379454313365144), np.float64(0.04157487448599061)]"
0.2,EANR-AdaBoost2_WSVM | ORIG,25,1000,1,0.03571428571428571,0.75,0.16366341767699427,0.030612244897959183,0.015625,0.05,0.39285714285714285,"[[ 14 378]
 [  2   6]]",None,"[np.float64(-1.033985748475238), np.float64(0.30735951088271785), np.float64(-0.11726138349044521), np.float64(-0.009691895684674079), np.float64(0.004151087655896498), np.float64(-0.0008749975736221586), np.float64(0.0001748464816381302), np.float64(2.2204460492503126e-16), np.float64(0.0), np.float64(0.0), np.float64(0.0), np.float64(0.0), np.float64(0.0), np.float64(0.0), np.float64(0.0), np.float64(0.0), np.float64(0.0), np.float64(0.0), np.float64(0.0), np.float64(0.0), np.float64(0.0), np.float64(0.0), np.float64(0.0), np.float64(0.0), np.float64(0.0)]"
0.2,EANR-AdaBoost2_SVM | ORIG,25,1000,1.5,0.14540816326530612,0.75,0.33023646444476656,0.034383954154727794,0.017595307917888565,0.1575,0.4477040816326531,"[[ 57 335]
 [  2   6]]",None,"[np.float64(-0.7527095005001934), np.float64(0.07180606297198643), np.float64(0.00010931896154407692), np.float64(4.440892098500624e-16), np.float64(-2.2204460492503136e-16), np.float64(-2.2204460492503136e-16), np.float64(1.1102230246251564e-16), np.float64(1.1102230246251564e-16), np.float64(1.1102230246251564e-16), np.float64(-2.2204460492503136e-16), np.float64(1.1102230246251564e-16), np.float64(1.1102230246251564e-16), np.float64(-2.2204460492503136e-16), np.float64(1.1102230246251564e-16), np.float64(1.1102230246251564e-16), np.float64(-2.2204460492503136e-16), np.float64(1.1102230246251564e-16), np.float64(1.1102230246251564e-16), np.float64(-2.2204460492503136e-16), np.float64(1.1102230246251564e-16), np.float64(1.1102230246251564e-16), np.float64(-2.2204460492503136e-16), np.float64(1.1102230246251564e-16), np.float64(1.1102230246251564e-16), np.float64(-2.2204460492503136e-16)]"
0.2,EANR-AdaBoost2_DecisionTree | ORIG,25,1000,2,0.9897959183673469,0.0,0.0,0.0,0.0,0.97,0.49489795918367346,"[[388   4]
 [  8   0]]",None,"[np.float64(4.4134200500789955), np.float64(1.7207233204906787), np.float64(0.5281828586277605), np.float64(0.3385042415758959), np.float64(0.25107891755142636), np.float64(0.20001356962778646), np.float64(0.1663671734075439), np.float64(0.14247597917894614), np.float64(0.12461588485156369), np.float64(0.11075094899448022), np.float64(0.09967155267837284), np.float64(0.09061281104650304), np.float64(0.08306697513122327), np.float64(0.07668356666141884), np.float64(0.07121276995732549), np.float64(0.06647166479072948), np.float64(0.062323213170837756), np.float64(0.058662707042788344), np.float64(0.055408756130229164), np.float64(0.05249713378037689), np.float64(0.04987647567667864), np.float64(0.047505211233207015), np.float64(0.04534933405041286), np.float64(0.04338075527545968), np.float64(0.04157606939719359)]"
0.2,EANR-AdaBoost2_WSVM | ORIG,25,1000,1.5,0.10714285714285714,0.75,0.2834733547569204,0.03296703296703297,0.016853932584269662,0.12,0.42857142857142855,"[[ 42 350]
 [  2   6]]",None,"[np.float64(-0.7527095005001934), np.float64(0.1783340029673763), np.float64(-0.08462269397215265), np.float64(-0.00853326300838384), np.float64(0.004991148022467503), np.float64(-0.002257421043260276), np.float64(0.0009274313998954902), np.float64(-0.0005294696508792639), np.float64(0.00039689207961197807), np.float64(-2.2204460492503136e-16), np.float64(0.0), np.float64(0.0), np.float64(0.0), np.float64(0.0), np.float64(0.0), np.float64(0.0), np.float64(0.0), np.float64(0.0), np.float64(0.0), np.float64(0.0), np.float64(0.0), np.float64(0.0), np.float64(0.0), np.float64(0.0), np.float64(0.0)]"
0.2,EANR-AdaBoost2_SVM | ORIG,25,1000,2,0.15051020408163265,0.75,0.3359801378969068,0.0345821325648415,0.017699115044247787,0.1625,0.4502551020408163,"[[ 59 333]
 [  2   6]]",None,"[np.float64(-0.7305957260176451), np.float64(0.07011303235463909), np.float64(0.0003874310068904599), np.float64(-2.2204460492503136e-16), np.float64(5.55111512312578e-16), np.float64(0.0), np.float64(0.0), np.float64(0.0), np.float64(0.0), np.float64(0.0), np.float64(0.0), np.float64(0.0), np.float64(0.0), np.float64(0.0), np.float64(0.0), np.float64(0.0), np.float64(0.0), np.float64(0.0), np.float64(0.0), np.float64(0.0), np.float64(0.0), np.float64(0.0), np.float64(0.0), np.float64(0.0), np.float64(0.0)]"
0.2,EANR-AdaBoost2_DecisionTree | ORIG,25,5000,0.3,0.9897959183673469,0.0,0.0,0.0,0.0,0.97,0.49489795918367346,"[[388   4]
 [  8   0]]",None,"[np.float64(5.353593523377052), np.float64(1.70361984527489), np.float64(0.5274555968826944), np.float64(0.3382210801330711), np.float64(0.2509257329980961), np.float64(0.19991708716706552), np.float64(0.16630068876938478), np.float64(0.14242733523749054), np.float64(0.12457872947673355), np.float64(0.11072163246884244), np.float64(0.09964782613376948), np.float64(0.09059321215972943), np.float64(0.08305051143741088), np.float64(0.07666954064898089), np.float64(0.07120067695883417), np.float64(0.06646113058412291), np.float64(0.0623139543561817), np.float64(0.05865450504525064), np.float64(0.05540143965511441), np.float64(0.05249056667722843), np.float64(0.04987054836095262), np.float64(0.047499834504898794), np.float64(0.04534443456266683), np.float64(0.0433762721610078), np.float64(0.041571951721434325)]"
0.2,EANR-AdaBoost2_WSVM | ORIG,25,1000,2,0.14795918367346939,0.75,0.3331206804674577,0.034482758620689655,0.01764705882352941,0.16,0.4489795918367347,"[[ 58 334]
 [  2   6]]",None,"[np.float64(-0.7305957260176451), np.float64(0.06848651118249338), np.float64(0.0013940626308028671), np.float64(0.0), np.float64(4.440892098500624e-16), np.float64(0.0), np.float64(0.0), np.float64(0.0), np.float64(0.0), np.float64(0.0), np.float64(0.0), np.float64(0.0), np.float64(0.0), np.float64(0.0), np.float64(0.0), np.float64(0.0), np.float64(0.0), np.float64(0.0), np.float64(0.0), np.float64(0.0), np.float64(0.0), np.float64(0.0), np.float64(0.0), np.float64(0.0), np.float64(0.0)]"
0.2,EANR-AdaBoost2_SVM | ORIG,25,5000,0.3,0.14540816326530612,0.75,0.33023646444476656,0.034383954154727794,0.017595307917888565,0.1575,0.4477040816326531,"[[ 57 335]
 [  2   6]]",None,"[np.float64(-0.8092754314660031), np.float64(0.07586737968110054), np.float64(2.4401474522479262e-05), np.float64(0.0), np.float64(-2.2204460492503136e-16), np.float64(0.0), np.float64(0.0), np.float64(0.0), np.float64(0.0), np.float64(0.0), np.float64(0.0), np.float64(0.0), np.float64(0.0), np.float64(0.0), np.float64(0.0), np.float64(0.0), np.float64(0.0), np.float64(0.0), np.float64(0.0), np.float64(0.0), np.float64(0.0), np.float64(0.0), np.float64(0.0), np.float64(0.0), np.float64(0.0)]"
0.2,EANR-AdaBoost2_DecisionTree | ORIG,25,5000,0.5,0.9948979591836735,0.0,0.0,0.0,0.0,0.975,0.49744897959183676,"[[390   2]
 [  8   0]]",None,"[np.float64(5.099169740127595), np.float64(1.7056334646569185), np.float64(0.5275424892898566), np.float64(0.3382549308583026), np.float64(0.25094404950713733), np.float64(0.19992862508358966), np.float64(0.16630863997586284), np.float64(0.14243315309751242), np.float64(0.1245831734659427), np.float64(0.11072513899286766), np.float64(0.09965066411240434), np.float64(0.09059555646641215), np.float64(0.08305248076186678), np.float64(0.07667121840999157), np.float64(0.07120212351370044), np.float64(0.06646239069018338), np.float64(0.062315061909050375), np.float64(0.058655486187701576), np.float64(0.05540231487527479), np.float64(0.05249135225993872), np.float64(0.049871257413689946), np.float64(0.04750047769705168), np.float64(0.04534502066748668), np.float64(0.043376808459087354), np.float64(0.04157244430533073)]"
0.2,EANR-AdaBoost2_WSVM | ORIG,25,5000,0.3,0.09438775510204081,0.75,0.2660654361741311,0.032520325203252036,0.01662049861495845,0.1075,0.4221938775510204,"[[ 37 355]
 [  2   6]]",None,"[np.float64(-0.8092754314660031), np.float64(0.23119970871960063), np.float64(-0.12250066528286908), np.float64(0.02541420538405283), np.float64(-0.025066398654552683), np.float64(1.1102230246251564e-16), np.float64(1.1102230246251564e-16), np.float64(0.0), np.float64(0.0), np.float64(0.0), np.float64(0.0), np.float64(0.0), np.float64(0.0), np.float64(0.0), np.float64(0.0), np.float64(0.0), np.float64(0.0), np.float64(0.0), np.float64(0.0), np.float64(0.0), np.float64(0.0), np.float64(0.0), np.float64(0.0), np.float64(0.0), np.float64(0.0)]"
0.2,EANR-AdaBoost2_SVM | ORIG,25,5000,0.5,0.14795918367346939,0.75,0.3331206804674577,0.034482758620689655,0.01764705882352941,0.16,0.4489795918367347,"[[ 58 334]
 [  2   6]]",None,"[np.float64(-0.7993657229644952), np.float64(0.07472792303021221), np.float64(0.00011962352542528546), np.float64(4.440892098500624e-16), np.float64(-2.2204460492503136e-16), np.float64(-2.2204460492503136e-16), np.float64(0.0), np.float64(0.0), np.float64(0.0), np.float64(0.0), np.float64(0.0), np.float64(0.0), np.float64(0.0), np.float64(0.0), np.float64(0.0), np.float64(0.0), np.float64(0.0), np.float64(0.0), np.float64(0.0), np.float64(0.0), np.float64(0.0), np.float64(0.0), np.float64(0.0), np.float64(0.0), np.float64(0.0)]"
0.2,EANR-AdaBoost2_DecisionTree | ORIG,25,5000,0.7,0.9872448979591837,0.0,0.0,0.0,0.0,0.9675,0.49362244897959184,"[[387   5]
 [  8   0]]",None,"[np.float64(4.9319220162055535), np.float64(1.7076466976455575), np.float64(0.5276290231465877), np.float64(0.33828863679909), np.float64(0.25096228660561476), np.float64(0.19994011261016548), np.float64(0.16631655629517844), np.float64(0.14243894534836882), np.float64(0.12458759784701198), np.float64(0.11072863001684873), np.float64(0.09965348952801477), np.float64(0.09059789038320154), np.float64(0.08305444134980462), np.float64(0.07667288872181183), np.float64(0.07120356364139638), np.float64(0.0664636451940692), np.float64(0.06231616453534375), np.float64(0.05865646296382521), np.float64(0.05540318619886677), np.float64(0.05249213434385366), np.float64(0.04987196330742108), np.float64(0.04750111802275621), np.float64(0.045345604159554076), np.float64(0.043377342365845985), np.float64(0.04157293469232036)]"
0.2,EANR-AdaBoost2_WSVM | ORIG,25,5000,0.5,0.14540816326530612,0.75,0.33023646444476656,0.034383954154727794,0.017595307917888565,0.1575,0.4477040816326531,"[[ 57 335]
 [  2   6]]",None,"[np.float64(-0.7993657229644952), np.float64(0.07420844863877016), np.float64(0.0007173408216641962), np.float64(-3.976651857236099e-05), np.float64(-3.9825277611232165e-05), np.float64(-2.2204460492503136e-16), np.float64(1.1102230246251564e-16), np.float64(1.1102230246251564e-16), np.float64(-2.2204460492503136e-16), np.float64(1.1102230246251564e-16), np.float64(1.1102230246251564e-16), np.float64(-2.2204460492503136e-16), np.float64(1.1102230246251564e-16), np.float64(1.1102230246251564e-16), np.float64(-2.2204460492503136e-16), np.float64(1.1102230246251564e-16), np.float64(1.1102230246251564e-16), np.float64(-2.2204460492503136e-16), np.float64(1.1102230246251564e-16), np.float64(1.1102230246251564e-16), np.float64(-2.2204460492503136e-16), np.float64(1.1102230246251564e-16), np.float64(1.1102230246251564e-16), np.float64(-2.2204460492503136e-16), np.float64(1.1102230246251564e-16)]"
0.2,EANR-AdaBoost2_SVM | ORIG,25,5000,0.7,0.16581632653061223,0.75,0.3526503153237768,0.03519061583577713,0.018018018018018018,0.1775,0.45790816326530615,"[[ 65 327]
 [  2   6]]",None,"[np.float64(-0.5918271312632307), np.float64(-0.09603986306363316), np.float64(-0.0002045232739797715), np.float64(-4.440892098500628e-16), np.float64(0.0), np.float64(0.0), np.float64(0.0), np.float64(0.0), np.float64(0.0), np.float64(0.0), np.float64(0.0), np.float64(0.0), np.float64(0.0), np.float64(0.0), np.float64(0.0), np.float64(0.0), np.float64(0.0), np.float64(0.0), np.float64(0.0), np.float64(0.0), np.float64(0.0), np.float64(0.0), np.float64(0.0), np.float64(0.0), np.float64(0.0)]"
0.2,EANR-AdaBoost2_DecisionTree | ORIG,25,5000,1,0.9897959183673469,0.0,0.0,0.0,0.0,0.97,0.49489795918367346,"[[388   4]
 [  8   0]]",None,"[np.float64(4.755065946362282), np.float64(1.7106658235062238), np.float64(0.5277581549968727), np.float64(0.33833892568283064), np.float64(0.250989494169573), np.float64(0.19995724994022945), np.float64(0.1663283657246326), np.float64(0.1424475859761063), np.float64(0.12459419785989481), np.float64(0.11073383765402646), np.float64(0.09965770422884508), np.float64(0.09060137188762489), np.float64(0.08305736594363734), np.float64(0.07667538030163079), np.float64(0.07120571185051662), np.float64(0.06646551650561132), np.float64(0.06231780929008331), np.float64(0.05865791998782537), np.float64(0.0554044859198746), np.float64(0.052493300946939804), np.float64(0.04987301625871833), np.float64(0.04750207316744347), np.float64(0.045346474526763006), np.float64(0.04337813876790774), np.float64(0.041573666177179704)]"
0.2,EANR-AdaBoost2_WSVM | ORIG,25,5000,0.7,0.16581632653061223,0.75,0.3526503153237768,0.03519061583577713,0.018018018018018018,0.1775,0.45790816326530615,"[[ 65 327]
 [  2   6]]",None,"[np.float64(-0.5918271312632307), np.float64(-0.09656251524897581), np.float64(0.00028025189769243164), np.float64(-3.3730802419575315e-05), np.float64(-3.3731940224521605e-05), np.float64(0.0), np.float64(0.0), np.float64(-4.440892098500628e-16), np.float64(0.0), np.float64(0.0), np.float64(0.0), np.float64(0.0), np.float64(0.0), np.float64(0.0), np.float64(0.0), np.float64(0.0), np.float64(0.0), np.float64(0.0), np.float64(0.0), np.float64(0.0), np.float64(0.0), np.float64(0.0), np.float64(0.0), np.float64(0.0), np.float64(0.0)]"
0.2,EANR-AdaBoost2_SVM | ORIG,25,5000,1,0.1556122448979592,0.75,0.34162725838766056,0.034782608695652174,0.017804154302670624,0.1675,0.4528061224489796,"[[ 61 331]
 [  2   6]]",None,"[np.float64(-0.5818969003174337), np.float64(0.03945692000471601), np.float64(0.000286970509055723), np.float64(-1.6865565089016316e-05), np.float64(-2.2204460492503136e-16), np.float64(6.661338147750935e-16), np.float64(-4.440892098500628e-16), np.float64(-2.2204460492503136e-16), np.float64(6.661338147750935e-16), np.float64(-4.440892098500628e-16), np.float64(-2.2204460492503136e-16), np.float64(6.661338147750935e-16), np.float64(-4.440892098500628e-16), np.float64(-2.2204460492503136e-16), np.float64(6.661338147750935e-16), np.float64(-4.440892098500628e-16), np.float64(-2.2204460492503136e-16), np.float64(6.661338147750935e-16), np.float64(-4.440892098500628e-16), np.float64(-2.2204460492503136e-16), np.float64(6.661338147750935e-16), np.float64(-4.440892098500628e-16), np.float64(-2.2204460492503136e-16), np.float64(6.661338147750935e-16), np.float64(-4.440892098500628e-16)]"
0.2,EANR-AdaBoost2_DecisionTree | ORIG,25,5000,1.5,0.9897959183673469,0.0,0.0,0.0,0.0,0.97,0.49489795918367346,"[[388   4]
 [  8   0]]",None,"[np.float64(4.554799223043223), np.float64(1.715695773496285), np.float64(0.5279716035857713), np.float64(0.3384220258727865), np.float64(0.251034448284824), np.float64(0.19998556356766806), np.float64(0.16634787601669773), np.float64(0.1424618607078538), np.float64(0.12460510117175877), np.float64(0.11074244060463667), np.float64(0.0996646667727686), np.float64(0.09060712315627605), np.float64(0.08306219718274933), np.float64(0.07667949619986784), np.float64(0.07120926050475637), np.float64(0.06646860773259093), np.float64(0.062320526254234516), np.float64(0.058660326830323996), np.float64(0.0554066329073427), np.float64(0.05249522803280296), np.float64(0.04987475560056257), np.float64(0.047503650940970525), np.float64(0.04534791225554379), np.float64(0.043379454313365144), np.float64(0.04157487448599061)]"
0.2,EANR-AdaBoost2_WSVM | ORIG,25,5000,1,0.1556122448979592,0.75,0.34162725838766056,0.034782608695652174,0.017804154302670624,0.1675,0.4528061224489796,"[[ 61 331]
 [  2   6]]",None,"[np.float64(-0.5818969003174337), np.float64(0.038521485468942435), np.float64(0.001019436409136328), np.float64(0.00012289037977393115), np.float64(1.1725536734519414e-05), np.float64(-5.001011045765576e-05), np.float64(-4.440892098500628e-16), np.float64(6.661338147750935e-16), np.float64(-4.440892098500628e-16), np.float64(-2.2204460492503136e-16), np.float64(6.661338147750935e-16), np.float64(-4.440892098500628e-16), np.float64(-2.2204460492503136e-16), np.float64(6.661338147750935e-16), np.float64(-4.440892098500628e-16), np.float64(-2.2204460492503136e-16), np.float64(6.661338147750935e-16), np.float64(-4.440892098500628e-16), np.float64(-2.2204460492503136e-16), np.float64(6.661338147750935e-16), np.float64(-4.440892098500628e-16), np.float64(-2.2204460492503136e-16), np.float64(6.661338147750935e-16), np.float64(-4.440892098500628e-16), np.float64(-2.2204460492503136e-16)]"
0.2,EANR-AdaBoost2_SVM | ORIG,25,5000,1.5,0.16071428571428573,0.75,0.34718253741470684,0.03498542274052478,0.01791044776119403,0.1725,0.45535714285714285,"[[ 63 329]
 [  2   6]]",None,"[np.float64(-0.5659562404203999), np.float64(0.038771637180397625), np.float64(0.00015728904978557564), np.float64(1.1102230246251564e-16), np.float64(-6.661338147750944e-16), np.float64(4.440892098500624e-16), np.float64(1.1102230246251564e-16), np.float64(1.1102230246251564e-16), np.float64(1.1102230246251564e-16), np.float64(-6.661338147750944e-16), np.float64(4.440892098500624e-16), np.float64(1.1102230246251564e-16), np.float64(1.1102230246251564e-16), np.float64(1.1102230246251564e-16), np.float64(-6.661338147750944e-16), np.float64(4.440892098500624e-16), np.float64(1.1102230246251564e-16), np.float64(1.1102230246251564e-16), np.float64(1.1102230246251564e-16), np.float64(-6.661338147750944e-16), np.float64(4.440892098500624e-16), np.float64(1.1102230246251564e-16), np.float64(1.1102230246251564e-16), np.float64(-6.661338147750944e-16), np.float64(4.440892098500624e-16)]"
0.2,EANR-AdaBoost2_DecisionTree | ORIG,25,5000,2,0.9872448979591837,0.0,0.0,0.0,0.0,0.9675,0.49362244897959184,"[[387   5]
 [  8   0]]",None,"[np.float64(4.4134200500789955), np.float64(1.7207233204906787), np.float64(0.5281828586277605), np.float64(0.3385042415758959), np.float64(0.25107891755142636), np.float64(0.20001356962778646), np.float64(0.1663671734075439), np.float64(0.14247597917894614), np.float64(0.12461588485156369), np.float64(0.11075094899448022), np.float64(0.09967155267837284), np.float64(0.09061281104650304), np.float64(0.08306697513122327), np.float64(0.07668356666141884), np.float64(0.07121276995732549), np.float64(0.06647166479072948), np.float64(0.062323213170837756), np.float64(0.058662707042788344), np.float64(0.055408756130229164), np.float64(0.05249713378037689), np.float64(0.04987647567667864), np.float64(0.047505211233207015), np.float64(0.04534933405041286), np.float64(0.04338075527545968), np.float64(0.04157606939719359)]"
0.2,EANR-AdaBoost2_WSVM | ORIG,25,5000,1.5,0.16071428571428573,0.75,0.34718253741470684,0.03498542274052478,0.01791044776119403,0.1725,0.45535714285714285,"[[ 63 329]
 [  2   6]]",None,"[np.float64(-0.5659562404203999), np.float64(0.037587211814467385), np.float64(0.0014929546804491837), np.float64(-0.000573850826703788), np.float64(0.0004169007182258685), np.float64(-0.00015670628071749832), np.float64(4.440892098500624e-16), np.float64(0.0), np.float64(0.0), np.float64(0.0), np.float64(0.0), np.float64(0.0), np.float64(0.0), np.float64(0.0), np.float64(0.0), np.float64(0.0), np.float64(0.0), np.float64(0.0), np.float64(0.0), np.float64(0.0), np.float64(0.0), np.float64(0.0), np.float64(0.0), np.float64(0.0), np.float64(0.0)]"
0.2,EANR-AdaBoost2_SVM | ORIG,25,5000,2,0.1760204081632653,0.75,0.3633391062388537,0.03560830860534125,0.0182370820668693,0.1875,0.4630102040816326,"[[ 69 323]
 [  2   6]]",None,"[np.float64(-0.470833107246193), np.float64(-0.002493586224058085), np.float64(0.0), np.float64(0.0), np.float64(0.0), np.float64(0.0), np.float64(0.0), np.float64(0.0), np.float64(0.0), np.float64(0.0), np.float64(0.0), np.float64(0.0), np.float64(0.0), np.float64(0.0), np.float64(0.0), np.float64(0.0), np.float64(0.0), np.float64(0.0), np.float64(0.0), np.float64(0.0), np.float64(0.0), np.float64(0.0), np.float64(0.0), np.float64(0.0), np.float64(0.0)]"
0.2,EANR-AdaBoost2_DecisionTree | ORIG,25,10000,0.3,0.9872448979591837,0.0,0.0,0.0,0.0,0.9675,0.49362244897959184,"[[387   5]
 [  8   0]]",None,"[np.float64(5.353593523377052), np.float64(1.70361984527489), np.float64(0.5274555968826944), np.float64(0.3382210801330711), np.float64(0.2509257329980961), np.float64(0.19991708716706552), np.float64(0.16630068876938478), np.float64(0.14242733523749054), np.float64(0.12457872947673355), np.float64(0.11072163246884244), np.float64(0.09964782613376948), np.float64(0.09059321215972943), np.float64(0.08305051143741088), np.float64(0.07666954064898089), np.float64(0.07120067695883417), np.float64(0.06646113058412291), np.float64(0.0623139543561817), np.float64(0.05865450504525064), np.float64(0.05540143965511441), np.float64(0.05249056667722843), np.float64(0.04987054836095262), np.float64(0.047499834504898794), np.float64(0.04534443456266683), np.float64(0.0433762721610078), np.float64(0.041571951721434325)]"
0.2,EANR-AdaBoost2_WSVM | ORIG,25,5000,2,0.1760204081632653,0.75,0.3633391062388537,0.03560830860534125,0.0182370820668693,0.1875,0.4630102040816326,"[[ 69 323]
 [  2   6]]",None,"[np.float64(-0.470833107246193), np.float64(-0.003486318347416667), np.float64(0.0009012042502155334), np.float64(-0.0002073941248724372), np.float64(-2.2204460492503136e-16), np.float64(1.1102230246251564e-16), np.float64(1.1102230246251564e-16), np.float64(0.0), np.float64(0.0), np.float64(0.0), np.float64(0.0), np.float64(0.0), np.float64(0.0), np.float64(0.0), np.float64(0.0), np.float64(0.0), np.float64(0.0), np.float64(0.0), np.float64(0.0), np.float64(0.0), np.float64(0.0), np.float64(0.0), np.float64(0.0), np.float64(0.0), np.float64(0.0)]"
0.2,EANR-AdaBoost2_SVM | ORIG,25,10000,0.3,0.1556122448979592,0.75,0.34162725838766056,0.034782608695652174,0.017804154302670624,0.1675,0.4528061224489796,"[[ 61 331]
 [  2   6]]",None,"[np.float64(-0.8093565065785173), np.float64(0.07580608393690529), np.float64(2.7836169295939713e-05), np.float64(0.0), np.float64(0.0), np.float64(0.0), np.float64(0.0), np.float64(0.0), np.float64(0.0), np.float64(0.0), np.float64(0.0), np.float64(0.0), np.float64(0.0), np.float64(0.0), np.float64(0.0), np.float64(0.0), np.float64(0.0), np.float64(0.0), np.float64(0.0), np.float64(0.0), np.float64(0.0), np.float64(0.0), np.float64(0.0), np.float64(0.0), np.float64(0.0)]"
0.2,EANR-AdaBoost2_DecisionTree | ORIG,25,10000,0.5,0.9872448979591837,0.0,0.0,0.0,0.0,0.9675,0.49362244897959184,"[[387   5]
 [  8   0]]",None,"[np.float64(5.099169740127595), np.float64(1.7056334646569185), np.float64(0.5275424892898566), np.float64(0.3382549308583026), np.float64(0.25094404950713733), np.float64(0.19992862508358966), np.float64(0.16630863997586284), np.float64(0.14243315309751242), np.float64(0.1245831734659427), np.float64(0.11072513899286766), np.float64(0.09965066411240434), np.float64(0.09059555646641215), np.float64(0.08305248076186678), np.float64(0.07667121840999157), np.float64(0.07120212351370044), np.float64(0.06646239069018338), np.float64(0.062315061909050375), np.float64(0.058655486187701576), np.float64(0.05540231487527479), np.float64(0.05249135225993872), np.float64(0.049871257413689946), np.float64(0.04750047769705168), np.float64(0.04534502066748668), np.float64(0.043376808459087354), np.float64(0.04157244430533073)]"
0.2,EANR-AdaBoost2_WSVM | ORIG,25,10000,0.3,0.15051020408163265,0.75,0.3359801378969068,0.0345821325648415,0.017699115044247787,0.1625,0.4502551020408163,"[[ 59 333]
 [  2   6]]",None,"[np.float64(-0.8093565065785173), np.float64(0.07555204003072527), np.float64(0.04186687664682828), np.float64(-0.03987899879244401), np.float64(1.9019037483854557e-05), np.float64(-2.448546563858241e-05), np.float64(2.2204460492503126e-16), np.float64(-2.2204460492503136e-16), np.float64(0.0), np.float64(0.0), np.float64(0.0), np.float64(0.0), np.float64(0.0), np.float64(0.0), np.float64(0.0), np.float64(0.0), np.float64(0.0), np.float64(0.0), np.float64(0.0), np.float64(0.0), np.float64(0.0), np.float64(0.0), np.float64(0.0), np.float64(0.0), np.float64(0.0)]"
0.2,EANR-AdaBoost2_SVM | ORIG,25,10000,0.5,0.1556122448979592,0.75,0.34162725838766056,0.034782608695652174,0.017804154302670624,0.1675,0.4528061224489796,"[[ 61 331]
 [  2   6]]",None,"[np.float64(-0.5987425758386796), np.float64(0.0405683743618634), np.float64(0.00011154299193257418), np.float64(6.661338147750935e-16), np.float64(5.55111512312578e-16), np.float64(-6.661338147750944e-16), np.float64(4.440892098500624e-16), np.float64(-6.661338147750944e-16), np.float64(6.661338147750935e-16), np.float64(-6.661338147750944e-16), np.float64(6.661338147750935e-16), np.float64(-6.661338147750944e-16), np.float64(6.661338147750935e-16), np.float64(-6.661338147750944e-16), np.float64(6.661338147750935e-16), np.float64(-6.661338147750944e-16), np.float64(6.661338147750935e-16), np.float64(-6.661338147750944e-16), np.float64(6.661338147750935e-16), np.float64(-6.661338147750944e-16), np.float64(6.661338147750935e-16), np.float64(-6.661338147750944e-16), np.float64(6.661338147750935e-16), np.float64(-6.661338147750944e-16), np.float64(6.661338147750935e-16)]"
0.2,EANR-AdaBoost2_DecisionTree | ORIG,25,10000,0.7,0.9872448979591837,0.0,0.0,0.0,0.0,0.9675,0.49362244897959184,"[[387   5]
 [  8   0]]",None,"[np.float64(4.9319220162055535), np.float64(1.7076466976455575), np.float64(0.5276290231465877), np.float64(0.33828863679909), np.float64(0.25096228660561476), np.float64(0.19994011261016548), np.float64(0.16631655629517844), np.float64(0.14243894534836882), np.float64(0.12458759784701198), np.float64(0.11072863001684873), np.float64(0.09965348952801477), np.float64(0.09059789038320154), np.float64(0.08305444134980462), np.float64(0.07667288872181183), np.float64(0.07120356364139638), np.float64(0.0664636451940692), np.float64(0.06231616453534375), np.float64(0.05865646296382521), np.float64(0.05540318619886677), np.float64(0.05249213434385366), np.float64(0.04987196330742108), np.float64(0.04750111802275621), np.float64(0.045345604159554076), np.float64(0.043377342365845985), np.float64(0.04157293469232036)]"
0.2,EANR-AdaBoost2_WSVM | ORIG,25,10000,0.5,0.1556122448979592,0.75,0.34162725838766056,0.034782608695652174,0.017804154302670624,0.1675,0.4528061224489796,"[[ 61 331]
 [  2   6]]",None,"[np.float64(-0.5987425758386796), np.float64(0.040059201053736636), np.float64(0.0004245276626125823), np.float64(6.024684689052125e-05), np.float64(3.211352305825537e-05), np.float64(2.786172730005845e-05), np.float64(-2.57329439509239e-05), np.float64(2.573228178323775e-05), np.float64(-2.5731619649825552e-05), np.float64(2.573095755105272e-05), np.float64(-2.573029548590583e-05), np.float64(2.572963345485951e-05), np.float64(-2.5728971457943417e-05), np.float64(2.572830949476913e-05), np.float64(-2.5727647566049343e-05), np.float64(2.572698567067057e-05), np.float64(-2.5726323810057067e-05), np.float64(2.5725661984118057e-05), np.float64(-2.5725000192187143e-05), np.float64(2.5724338433557362e-05), np.float64(-2.5723676707942938e-05), np.float64(2.5723015016990192e-05), np.float64(-2.5722353360766322e-05), np.float64(2.5721691738191108e-05), np.float64(-2.572103014965804e-05)]"
0.2,EANR-AdaBoost2_SVM | ORIG,25,10000,0.7,0.16071428571428573,0.75,0.34718253741470684,0.03498542274052478,0.01791044776119403,0.1725,0.45535714285714285,"[[ 63 329]
 [  2   6]]",None,"[np.float64(-0.592165379150073), np.float64(0.04021810559193386), np.float64(-2.365751834630151e-05), np.float64(2.2204460492503126e-16), np.float64(1.1102230246251564e-16), np.float64(0.0), np.float64(0.0), np.float64(0.0), np.float64(0.0), np.float64(0.0), np.float64(0.0), np.float64(0.0), np.float64(0.0), np.float64(0.0), np.float64(0.0), np.float64(0.0), np.float64(0.0), np.float64(0.0), np.float64(0.0), np.float64(0.0), np.float64(0.0), np.float64(0.0), np.float64(0.0), np.float64(0.0), np.float64(0.0)]"
0.2,EANR-AdaBoost2_DecisionTree | ORIG,25,10000,1,0.9872448979591837,0.0,0.0,0.0,0.0,0.9675,0.49362244897959184,"[[387   5]
 [  8   0]]",None,"[np.float64(4.755065946362282), np.float64(1.7106658235062238), np.float64(0.5277581549968727), np.float64(0.33833892568283064), np.float64(0.250989494169573), np.float64(0.19995724994022945), np.float64(0.1663283657246326), np.float64(0.1424475859761063), np.float64(0.12459419785989481), np.float64(0.11073383765402646), np.float64(0.09965770422884508), np.float64(0.09060137188762489), np.float64(0.08305736594363734), np.float64(0.07667538030163079), np.float64(0.07120571185051662), np.float64(0.06646551650561132), np.float64(0.06231780929008331), np.float64(0.05865791998782537), np.float64(0.0554044859198746), np.float64(0.052493300946939804), np.float64(0.04987301625871833), np.float64(0.04750207316744347), np.float64(0.045346474526763006), np.float64(0.04337813876790774), np.float64(0.041573666177179704)]"
0.2,EANR-AdaBoost2_WSVM | ORIG,25,10000,0.7,0.16071428571428573,0.75,0.34718253741470684,0.03498542274052478,0.01791044776119403,0.1725,0.45535714285714285,"[[ 63 329]
 [  2   6]]",None,"[np.float64(-0.592165379150073), np.float64(0.03968783435879722), np.float64(0.0006548588866964945), np.float64(-0.00017445106059657604), np.float64(4.138313988919874e-05), np.float64(-2.2204460492503136e-16), np.float64(3.186836340210281e-09), np.float64(3.850245222151781e-05), np.float64(5.661833980832233e-08), np.float64(-3.855758599561053e-05), np.float64(3.849948757213365e-05), np.float64(-7.700216195458408e-05), np.float64(7.69962330783889e-05), np.float64(6.55063402798395e-08), np.float64(-6.550129373835272e-08), np.float64(-3.849208251460711e-05), np.float64(-9.108530845934359e-09), np.float64(3.8565202135516917e-05), np.float64(-3.85607461228819e-05), np.float64(3.169879459973761e-09), np.float64(3.8493570199742375e-05), np.float64(6.251652704370071e-08), np.float64(-3.8554602618724016e-05), np.float64(3.8490606918328066e-05), np.float64(-7.698438369185214e-05)]"
0.2,EANR-AdaBoost2_SVM | ORIG,25,10000,1,0.1760204081632653,0.75,0.3633391062388537,0.03560830860534125,0.0182370820668693,0.1875,0.4630102040816326,"[[ 69 323]
 [  2   6]]",None,"[np.float64(-0.49882997141058255), np.float64(-0.0013751177194957674), np.float64(6.661338147750935e-16), np.float64(-8.88178419700126e-16), np.float64(5.55111512312578e-16), np.float64(-6.661338147750944e-16), np.float64(6.661338147750935e-16), np.float64(-6.661338147750944e-16), np.float64(6.661338147750935e-16), np.float64(-6.661338147750944e-16), np.float64(6.661338147750935e-16), np.float64(-6.661338147750944e-16), np.float64(6.661338147750935e-16), np.float64(-6.661338147750944e-16), np.float64(6.661338147750935e-16), np.float64(-6.661338147750944e-16), np.float64(6.661338147750935e-16), np.float64(-6.661338147750944e-16), np.float64(6.661338147750935e-16), np.float64(-6.661338147750944e-16), np.float64(6.661338147750935e-16), np.float64(-6.661338147750944e-16), np.float64(6.661338147750935e-16), np.float64(-6.661338147750944e-16), np.float64(6.661338147750935e-16)]"
0.2,EANR-AdaBoost2_DecisionTree | ORIG,25,10000,1.5,0.9897959183673469,0.0,0.0,0.0,0.0,0.97,0.49489795918367346,"[[388   4]
 [  8   0]]",None,"[np.float64(4.554799223043223), np.float64(1.715695773496285), np.float64(0.5279716035857713), np.float64(0.3384220258727865), np.float64(0.251034448284824), np.float64(0.19998556356766806), np.float64(0.16634787601669773), np.float64(0.1424618607078538), np.float64(0.12460510117175877), np.float64(0.11074244060463667), np.float64(0.0996646667727686), np.float64(0.09060712315627605), np.float64(0.08306219718274933), np.float64(0.07667949619986784), np.float64(0.07120926050475637), np.float64(0.06646860773259093), np.float64(0.062320526254234516), np.float64(0.058660326830323996), np.float64(0.0554066329073427), np.float64(0.05249522803280296), np.float64(0.04987475560056257), np.float64(0.047503650940970525), np.float64(0.04534791225554379), np.float64(0.043379454313365144), np.float64(0.04157487448599061)]"
0.2,EANR-AdaBoost2_WSVM | ORIG,25,10000,1,0.1760204081632653,0.75,0.3633391062388537,0.03560830860534125,0.0182370820668693,0.1875,0.4630102040816326,"[[ 69 323]
 [  2   6]]",None,"[np.float64(-0.49882997141058255), np.float64(-0.0016501417210439402), np.float64(0.0003200294649283309), np.float64(-2.886743807775409e-05), np.float64(4.440892098500624e-16), np.float64(0.0), np.float64(0.0), np.float64(0.0), np.float64(0.0), np.float64(0.0), np.float64(0.0), np.float64(0.0), np.float64(0.0), np.float64(0.0), np.float64(0.0), np.float64(0.0), np.float64(0.0), np.float64(0.0), np.float64(0.0), np.float64(0.0), np.float64(0.0), np.float64(0.0), np.float64(0.0), np.float64(0.0), np.float64(0.0)]"
0.2,EANR-AdaBoost2_SVM | ORIG,25,10000,1.5,0.17346938775510204,0.75,0.3606966049415028,0.03550295857988166,0.01818181818181818,0.185,0.461734693877551,"[[ 68 324]
 [  2   6]]",None,"[np.float64(-0.4846889316078737), np.float64(-0.0018765972865799432), np.float64(2.2204460492503126e-16), np.float64(-1.1102230246251577e-15), np.float64(5.55111512312578e-16), np.float64(2.2204460492503126e-16), np.float64(0.0), np.float64(1.1102230246251564e-16), np.float64(0.0), np.float64(0.0), np.float64(0.0), np.float64(0.0), np.float64(0.0), np.float64(0.0), np.float64(0.0), np.float64(0.0), np.float64(0.0), np.float64(0.0), np.float64(0.0), np.float64(0.0), np.float64(0.0), np.float64(0.0), np.float64(0.0), np.float64(0.0), np.float64(0.0)]"
0.2,EANR-AdaBoost2_DecisionTree | ORIG,25,10000,2,0.9846938775510204,0.0,0.0,0.0,0.0,0.965,0.4923469387755102,"[[386   6]
 [  8   0]]",None,"[np.float64(4.4134200500789955), np.float64(1.7207233204906787), np.float64(0.5281828586277605), np.float64(0.3385042415758959), np.float64(0.25107891755142636), np.float64(0.20001356962778646), np.float64(0.1663671734075439), np.float64(0.14247597917894614), np.float64(0.12461588485156369), np.float64(0.11075094899448022), np.float64(0.09967155267837284), np.float64(0.09061281104650304), np.float64(0.08306697513122327), np.float64(0.07668356666141884), np.float64(0.07121276995732549), np.float64(0.06647166479072948), np.float64(0.062323213170837756), np.float64(0.058662707042788344), np.float64(0.055408756130229164), np.float64(0.05249713378037689), np.float64(0.04987647567667864), np.float64(0.047505211233207015), np.float64(0.04534933405041286), np.float64(0.04338075527545968), np.float64(0.04157606939719359)]"
0.2,EANR-AdaBoost2_WSVM | ORIG,25,10000,1.5,0.17346938775510204,0.75,0.3606966049415028,0.03550295857988166,0.01818181818181818,0.185,0.461734693877551,"[[ 68 324]
 [  2   6]]",None,"[np.float64(-0.4846889316078737), np.float64(-0.0021192608368584614), np.float64(0.00024118943864135658), np.float64(0.00013379130596311874), np.float64(6.692250405054888e-05), np.float64(-8.946464704720968e-09), np.float64(8.945267224643025e-09), np.float64(-8.944070619747835e-09), np.float64(8.942873916911652e-09), np.float64(-8.94167720090854e-09), np.float64(8.940480831224869e-09), np.float64(-8.939284670247693e-09), np.float64(8.938089410872582e-09), np.float64(-8.936893693899118e-09), np.float64(8.935697546431081e-09), np.float64(-8.93450182937212e-09), np.float64(8.933307236301776e-09), np.float64(-8.932111963246613e-09), np.float64(8.930916260038655e-09), np.float64(-8.929720986898073e-09), np.float64(8.92852661604313e-09), np.float64(-8.927332230995633e-09), np.float64(8.926137971248298e-09), np.float64(-8.924943697137814e-09), np.float64(8.923749548498055e-09)]"
0.2,EANR-AdaBoost2_SVM | ORIG,25,10000,2,0.1760204081632653,0.75,0.3633391062388537,0.03560830860534125,0.0182370820668693,0.1875,0.4630102040816326,"[[ 69 323]
 [  2   6]]",None,"[np.float64(-0.4707725353006903), np.float64(-0.0012732601737009991), np.float64(1.1102230246251564e-16), np.float64(0.0), np.float64(0.0), np.float64(0.0), np.float64(0.0), np.float64(0.0), np.float64(0.0), np.float64(0.0), np.float64(0.0), np.float64(0.0), np.float64(0.0), np.float64(0.0), np.float64(0.0), np.float64(0.0), np.float64(0.0), np.float64(0.0), np.float64(0.0), np.float64(0.0), np.float64(0.0), np.float64(0.0), np.float64(0.0), np.float64(0.0), np.float64(0.0)]"
0.2,EANR-AdaBoost2_WSVM | ORIG,25,10000,2,0.1760204081632653,0.75,0.3633391062388537,0.03560830860534125,0.0182370820668693,0.1875,0.4630102040816326,"[[ 69 323]
 [  2   6]]",None,"[np.float64(-0.4707725353006903), np.float64(-0.0026145062507490764), np.float64(0.0006414499426866165), np.float64(-0.00012017980542283489), np.float64(-8.678685002744298e-05), np.float64(8.686993135168006e-05), np.float64(-8.686238562227284e-05), np.float64(8.685484120362862e-05), np.float64(-8.684729809510477e-05), np.float64(8.683975629679544e-05), np.float64(-8.683221580849988e-05), np.float64(8.682467662973798e-05), np.float64(-8.681713875962612e-05), np.float64(8.680960219812756e-05), np.float64(-8.680206694509626e-05), np.float64(8.679453300041064e-05), np.float64(-8.678700036318868e-05), np.float64(8.67794690334796e-05), np.float64(-8.677193901046061e-05), np.float64(8.676441029455984e-05), np.float64(-8.675688288491285e-05), np.float64(8.674935678043273e-05), np.float64(-8.674183198249188e-05), np.float64(8.673430849032173e-05), np.float64(-8.672678630214236e-05)]"
0.2,EANR-AdaBoost2_SVM | SMOTE,10,10,0.3,ERR,ERR,ERR,ERR,ERR,ERR,ERR,"Multi-dimensional indexing (e.g. `obj[:, None]`) is no longer supported. Convert to a numpy array before indexing instead.",None,None
0.2,EANR-AdaBoost2_WSVM | SMOTE,10,10,0.3,ERR,ERR,ERR,ERR,ERR,ERR,ERR,"Multi-dimensional indexing (e.g. `obj[:, None]`) is no longer supported. Convert to a numpy array before indexing instead.",None,None
0.2,EANR-AdaBoost2_DecisionTree | SMOTE,10,10,0.3,0.9770408163265306,0.125,0.3494711748353737,0.1111111111111111,0.1,0.96,0.5510204081632654,"[[383   9]
 [  7   1]]",None,"[np.float64(3.330447651692556), np.float64(3.329913999619057), np.float64(0.4097915684471603), np.float64(-0.054673071934760425), np.float64(0.009682981249664173), np.float64(-0.0016519261790108395), np.float64(0.00028370005050116354), np.float64(-4.866714446663889e-05), np.float64(8.350199953374872e-06), np.float64(-1.432660807311396e-06)]"
0.2,EANR-AdaBoost2_SVM | SMOTE,10,10,0.5,ERR,ERR,ERR,ERR,ERR,ERR,ERR,"Multi-dimensional indexing (e.g. `obj[:, None]`) is no longer supported. Convert to a numpy array before indexing instead.",None,None
0.2,EANR-AdaBoost2_WSVM | SMOTE,10,10,0.5,ERR,ERR,ERR,ERR,ERR,ERR,ERR,"Multi-dimensional indexing (e.g. `obj[:, None]`) is no longer supported. Convert to a numpy array before indexing instead.",None,None
0.2,EANR-AdaBoost2_DecisionTree | SMOTE,10,10,0.5,0.9795918367346939,0.0,0.0,0.0,0.0,0.96,0.4897959183673469,"[[384   8]
 [  8   0]]",None,"[np.float64(3.330447651692556), np.float64(3.329913999619057), np.float64(0.4097915684471603), np.float64(-0.054673071934760425), np.float64(0.009682981249664173), np.float64(-0.0016519261790108395), np.float64(0.00028370005050116354), np.float64(-4.866714446663889e-05), np.float64(8.350199953374872e-06), np.float64(-1.432660807311396e-06)]"
0.2,EANR-AdaBoost2_SVM | SMOTE,10,10,0.7,ERR,ERR,ERR,ERR,ERR,ERR,ERR,"Multi-dimensional indexing (e.g. `obj[:, None]`) is no longer supported. Convert to a numpy array before indexing instead.",None,None
0.2,EANR-AdaBoost2_WSVM | SMOTE,10,10,0.7,ERR,ERR,ERR,ERR,ERR,ERR,ERR,"Multi-dimensional indexing (e.g. `obj[:, None]`) is no longer supported. Convert to a numpy array before indexing instead.",None,None
0.2,EANR-AdaBoost2_DecisionTree | SMOTE,10,10,0.7,0.9795918367346939,0.0,0.0,0.0,0.0,0.96,0.4897959183673469,"[[384   8]
 [  8   0]]",None,"[np.float64(3.330447651692556), np.float64(3.329913999619057), np.float64(0.4097915684471603), np.float64(-0.054673071934760425), np.float64(0.009682981249664173), np.float64(-0.0016519261790108395), np.float64(0.00028370005050116354), np.float64(-4.866714446663889e-05), np.float64(8.350199953374872e-06), np.float64(-1.432660807311396e-06)]"
0.2,EANR-AdaBoost2_DecisionTree | SMOTE,10,10,1,0.9744897959183674,0.125,0.34901464795878684,0.10526315789473684,0.09090909090909091,0.9575,0.5497448979591837,"[[382  10]
 [  7   1]]",None,"[np.float64(3.330447651692556), np.float64(3.329913999619057), np.float64(0.4097915684471603), np.float64(-0.054673071934760425), np.float64(0.009682981249664173), np.float64(-0.0016519261790108395), np.float64(0.00028370005050116354), np.float64(-4.866714446663889e-05), np.float64(8.350199953374872e-06), np.float64(-1.432660807311396e-06)]"
0.2,EANR-AdaBoost2_SVM | SMOTE,10,10,1,ERR,ERR,ERR,ERR,ERR,ERR,ERR,"Multi-dimensional indexing (e.g. `obj[:, None]`) is no longer supported. Convert to a numpy array before indexing instead.",None,None
0.2,EANR-AdaBoost2_WSVM | SMOTE,10,10,1,ERR,ERR,ERR,ERR,ERR,ERR,ERR,"Multi-dimensional indexing (e.g. `obj[:, None]`) is no longer supported. Convert to a numpy array before indexing instead.",None,None
0.2,EANR-AdaBoost2_SVM | SMOTE,10,10,1.5,ERR,ERR,ERR,ERR,ERR,ERR,ERR,"Multi-dimensional indexing (e.g. `obj[:, None]`) is no longer supported. Convert to a numpy array before indexing instead.",None,None
0.2,EANR-AdaBoost2_WSVM | SMOTE,10,10,1.5,ERR,ERR,ERR,ERR,ERR,ERR,ERR,"Multi-dimensional indexing (e.g. `obj[:, None]`) is no longer supported. Convert to a numpy array before indexing instead.",None,None
0.2,EANR-AdaBoost2_DecisionTree | SMOTE,10,10,1.5,0.9770408163265306,0.125,0.3494711748353737,0.1111111111111111,0.1,0.96,0.5510204081632654,"[[383   9]
 [  7   1]]",None,"[np.float64(3.330447651692556), np.float64(3.329913999619057), np.float64(0.4097915684471603), np.float64(-0.054673071934760425), np.float64(0.009682981249664173), np.float64(-0.0016519261790108395), np.float64(0.00028370005050116354), np.float64(-4.866714446663889e-05), np.float64(8.350199953374872e-06), np.float64(-1.432660807311396e-06)]"
0.2,EANR-AdaBoost2_DecisionTree | SMOTE,10,10,2,0.9719387755102041,0.125,0.3485575231418417,0.1,0.08333333333333333,0.955,0.5484693877551021,"[[381  11]
 [  7   1]]",None,"[np.float64(3.330447651692556), np.float64(3.329913999619057), np.float64(0.4097915684471603), np.float64(-0.054673071934760425), np.float64(0.009682981249664173), np.float64(-0.0016519261790108395), np.float64(0.00028370005050116354), np.float64(-4.866714446663889e-05), np.float64(8.350199953374872e-06), np.float64(-1.432660807311396e-06)]"
0.2,EANR-AdaBoost2_SVM | SMOTE,10,10,2,ERR,ERR,ERR,ERR,ERR,ERR,ERR,"Multi-dimensional indexing (e.g. `obj[:, None]`) is no longer supported. Convert to a numpy array before indexing instead.",None,None
0.2,EANR-AdaBoost2_WSVM | SMOTE,10,10,2,ERR,ERR,ERR,ERR,ERR,ERR,ERR,"Multi-dimensional indexing (e.g. `obj[:, None]`) is no longer supported. Convert to a numpy array before indexing instead.",None,None
0.2,EANR-AdaBoost2_SVM | SMOTE,10,100,0.3,ERR,ERR,ERR,ERR,ERR,ERR,ERR,"Multi-dimensional indexing (e.g. `obj[:, None]`) is no longer supported. Convert to a numpy array before indexing instead.",None,None
0.2,EANR-AdaBoost2_WSVM | SMOTE,10,100,0.3,ERR,ERR,ERR,ERR,ERR,ERR,ERR,"Multi-dimensional indexing (e.g. `obj[:, None]`) is no longer supported. Convert to a numpy array before indexing instead.",None,None
0.2,EANR-AdaBoost2_DecisionTree | SMOTE,10,100,0.3,0.9795918367346939,0.0,0.0,0.0,0.0,0.96,0.4897959183673469,"[[384   8]
 [  8   0]]",None,"[np.float64(3.330447651692556), np.float64(3.329913999619057), np.float64(0.4097915684471603), np.float64(-0.054673071934760425), np.float64(0.009682981249664173), np.float64(-0.0016519261790108395), np.float64(0.00028370005050116354), np.float64(-4.866714446663889e-05), np.float64(8.350199953374872e-06), np.float64(-1.432660807311396e-06)]"
0.2,EANR-AdaBoost2_SVM | SMOTE,10,100,0.5,ERR,ERR,ERR,ERR,ERR,ERR,ERR,"Multi-dimensional indexing (e.g. `obj[:, None]`) is no longer supported. Convert to a numpy array before indexing instead.",None,None
0.2,EANR-AdaBoost2_DecisionTree | SMOTE,10,100,0.5,0.9719387755102041,0.0,0.0,0.0,0.0,0.9525,0.48596938775510207,"[[381  11]
 [  8   0]]",None,"[np.float64(3.330447651692556), np.float64(3.329913999619057), np.float64(0.4097915684471603), np.float64(-0.054673071934760425), np.float64(0.009682981249664173), np.float64(-0.0016519261790108395), np.float64(0.00028370005050116354), np.float64(-4.866714446663889e-05), np.float64(8.350199953374872e-06), np.float64(-1.432660807311396e-06)]"
0.2,EANR-AdaBoost2_WSVM | SMOTE,10,100,0.5,ERR,ERR,ERR,ERR,ERR,ERR,ERR,"Multi-dimensional indexing (e.g. `obj[:, None]`) is no longer supported. Convert to a numpy array before indexing instead.",None,None
0.2,EANR-AdaBoost2_SVM | SMOTE,10,100,0.7,ERR,ERR,ERR,ERR,ERR,ERR,ERR,"Multi-dimensional indexing (e.g. `obj[:, None]`) is no longer supported. Convert to a numpy array before indexing instead.",None,None
0.2,EANR-AdaBoost2_WSVM | SMOTE,10,100,0.7,ERR,ERR,ERR,ERR,ERR,ERR,ERR,"Multi-dimensional indexing (e.g. `obj[:, None]`) is no longer supported. Convert to a numpy array before indexing instead.",None,None
0.2,EANR-AdaBoost2_DecisionTree | SMOTE,10,100,0.7,0.9770408163265306,0.0,0.0,0.0,0.0,0.9575,0.4885204081632653,"[[383   9]
 [  8   0]]",None,"[np.float64(3.330447651692556), np.float64(3.329913999619057), np.float64(0.4097915684471603), np.float64(-0.054673071934760425), np.float64(0.009682981249664173), np.float64(-0.0016519261790108395), np.float64(0.00028370005050116354), np.float64(-4.866714446663889e-05), np.float64(8.350199953374872e-06), np.float64(-1.432660807311396e-06)]"
0.2,EANR-AdaBoost2_SVM | SMOTE,10,100,1,ERR,ERR,ERR,ERR,ERR,ERR,ERR,"Multi-dimensional indexing (e.g. `obj[:, None]`) is no longer supported. Convert to a numpy array before indexing instead.",None,None
0.2,EANR-AdaBoost2_WSVM | SMOTE,10,100,1,ERR,ERR,ERR,ERR,ERR,ERR,ERR,"Multi-dimensional indexing (e.g. `obj[:, None]`) is no longer supported. Convert to a numpy array before indexing instead.",None,None
0.2,EANR-AdaBoost2_DecisionTree | SMOTE,10,100,1,0.9770408163265306,0.125,0.3494711748353737,0.1111111111111111,0.1,0.96,0.5510204081632654,"[[383   9]
 [  7   1]]",None,"[np.float64(3.330447651692556), np.float64(3.329913999619057), np.float64(0.4097915684471603), np.float64(-0.054673071934760425), np.float64(0.009682981249664173), np.float64(-0.0016519261790108395), np.float64(0.00028370005050116354), np.float64(-4.866714446663889e-05), np.float64(8.350199953374872e-06), np.float64(-1.432660807311396e-06)]"
0.2,EANR-AdaBoost2_SVM | SMOTE,10,100,1.5,ERR,ERR,ERR,ERR,ERR,ERR,ERR,"Multi-dimensional indexing (e.g. `obj[:, None]`) is no longer supported. Convert to a numpy array before indexing instead.",None,None
0.2,EANR-AdaBoost2_WSVM | SMOTE,10,100,1.5,ERR,ERR,ERR,ERR,ERR,ERR,ERR,"Multi-dimensional indexing (e.g. `obj[:, None]`) is no longer supported. Convert to a numpy array before indexing instead.",None,None
0.2,EANR-AdaBoost2_DecisionTree | SMOTE,10,100,1.5,0.9770408163265306,0.0,0.0,0.0,0.0,0.9575,0.4885204081632653,"[[383   9]
 [  8   0]]",None,"[np.float64(3.330447651692556), np.float64(3.329913999619057), np.float64(0.4097915684471603), np.float64(-0.054673071934760425), np.float64(0.009682981249664173), np.float64(-0.0016519261790108395), np.float64(0.00028370005050116354), np.float64(-4.866714446663889e-05), np.float64(8.350199953374872e-06), np.float64(-1.432660807311396e-06)]"
0.2,EANR-AdaBoost2_SVM | SMOTE,10,100,2,ERR,ERR,ERR,ERR,ERR,ERR,ERR,"Multi-dimensional indexing (e.g. `obj[:, None]`) is no longer supported. Convert to a numpy array before indexing instead.",None,None
0.2,EANR-AdaBoost2_WSVM | SMOTE,10,100,2,ERR,ERR,ERR,ERR,ERR,ERR,ERR,"Multi-dimensional indexing (e.g. `obj[:, None]`) is no longer supported. Convert to a numpy array before indexing instead.",None,None
0.2,EANR-AdaBoost2_DecisionTree | SMOTE,10,100,2,0.9693877551020408,0.0,0.0,0.0,0.0,0.95,0.4846938775510204,"[[380  12]
 [  8   0]]",None,"[np.float64(3.330447651692556), np.float64(3.329913999619057), np.float64(0.4097915684471603), np.float64(-0.054673071934760425), np.float64(0.009682981249664173), np.float64(-0.0016519261790108395), np.float64(0.00028370005050116354), np.float64(-4.866714446663889e-05), np.float64(8.350199953374872e-06), np.float64(-1.432660807311396e-06)]"
0.2,EANR-AdaBoost2_SVM | SMOTE,10,1000,0.3,ERR,ERR,ERR,ERR,ERR,ERR,ERR,"Multi-dimensional indexing (e.g. `obj[:, None]`) is no longer supported. Convert to a numpy array before indexing instead.",None,None
0.2,EANR-AdaBoost2_WSVM | SMOTE,10,1000,0.3,ERR,ERR,ERR,ERR,ERR,ERR,ERR,"Multi-dimensional indexing (e.g. `obj[:, None]`) is no longer supported. Convert to a numpy array before indexing instead.",None,None
0.2,EANR-AdaBoost2_DecisionTree | SMOTE,10,1000,0.3,0.9719387755102041,0.0,0.0,0.0,0.0,0.9525,0.48596938775510207,"[[381  11]
 [  8   0]]",None,"[np.float64(3.330447651692556), np.float64(3.329913999619057), np.float64(0.4097915684471603), np.float64(-0.054673071934760425), np.float64(0.009682981249664173), np.float64(-0.0016519261790108395), np.float64(0.00028370005050116354), np.float64(-4.866714446663889e-05), np.float64(8.350199953374872e-06), np.float64(-1.432660807311396e-06)]"
0.2,EANR-AdaBoost2_SVM | SMOTE,10,1000,0.5,ERR,ERR,ERR,ERR,ERR,ERR,ERR,"Multi-dimensional indexing (e.g. `obj[:, None]`) is no longer supported. Convert to a numpy array before indexing instead.",None,None
0.2,EANR-AdaBoost2_WSVM | SMOTE,10,1000,0.5,ERR,ERR,ERR,ERR,ERR,ERR,ERR,"Multi-dimensional indexing (e.g. `obj[:, None]`) is no longer supported. Convert to a numpy array before indexing instead.",None,None
0.2,EANR-AdaBoost2_DecisionTree | SMOTE,10,1000,0.5,0.9744897959183674,0.0,0.0,0.0,0.0,0.955,0.4872448979591837,"[[382  10]
 [  8   0]]",None,"[np.float64(3.330447651692556), np.float64(3.329913999619057), np.float64(0.4097915684471603), np.float64(-0.054673071934760425), np.float64(0.009682981249664173), np.float64(-0.0016519261790108395), np.float64(0.00028370005050116354), np.float64(-4.866714446663889e-05), np.float64(8.350199953374872e-06), np.float64(-1.432660807311396e-06)]"
0.2,EANR-AdaBoost2_SVM | SMOTE,10,1000,0.7,ERR,ERR,ERR,ERR,ERR,ERR,ERR,"Multi-dimensional indexing (e.g. `obj[:, None]`) is no longer supported. Convert to a numpy array before indexing instead.",None,None
0.2,EANR-AdaBoost2_WSVM | SMOTE,10,1000,0.7,ERR,ERR,ERR,ERR,ERR,ERR,ERR,"Multi-dimensional indexing (e.g. `obj[:, None]`) is no longer supported. Convert to a numpy array before indexing instead.",None,None
0.2,EANR-AdaBoost2_DecisionTree | SMOTE,10,1000,0.7,0.9795918367346939,0.0,0.0,0.0,0.0,0.96,0.4897959183673469,"[[384   8]
 [  8   0]]",None,"[np.float64(3.330447651692556), np.float64(3.329913999619057), np.float64(0.4097915684471603), np.float64(-0.054673071934760425), np.float64(0.009682981249664173), np.float64(-0.0016519261790108395), np.float64(0.00028370005050116354), np.float64(-4.866714446663889e-05), np.float64(8.350199953374872e-06), np.float64(-1.432660807311396e-06)]"
0.2,EANR-AdaBoost2_SVM | SMOTE,10,1000,1,ERR,ERR,ERR,ERR,ERR,ERR,ERR,"Multi-dimensional indexing (e.g. `obj[:, None]`) is no longer supported. Convert to a numpy array before indexing instead.",None,None
0.2,EANR-AdaBoost2_WSVM | SMOTE,10,1000,1,ERR,ERR,ERR,ERR,ERR,ERR,ERR,"Multi-dimensional indexing (e.g. `obj[:, None]`) is no longer supported. Convert to a numpy array before indexing instead.",None,None
0.2,EANR-AdaBoost2_DecisionTree | SMOTE,10,1000,1,0.9744897959183674,0.0,0.0,0.0,0.0,0.955,0.4872448979591837,"[[382  10]
 [  8   0]]",None,"[np.float64(3.330447651692556), np.float64(3.329913999619057), np.float64(0.4097915684471603), np.float64(-0.054673071934760425), np.float64(0.009682981249664173), np.float64(-0.0016519261790108395), np.float64(0.00028370005050116354), np.float64(-4.866714446663889e-05), np.float64(8.350199953374872e-06), np.float64(-1.432660807311396e-06)]"
0.2,EANR-AdaBoost2_SVM | SMOTE,10,1000,1.5,ERR,ERR,ERR,ERR,ERR,ERR,ERR,"Multi-dimensional indexing (e.g. `obj[:, None]`) is no longer supported. Convert to a numpy array before indexing instead.",None,None
0.2,EANR-AdaBoost2_WSVM | SMOTE,10,1000,1.5,ERR,ERR,ERR,ERR,ERR,ERR,ERR,"Multi-dimensional indexing (e.g. `obj[:, None]`) is no longer supported. Convert to a numpy array before indexing instead.",None,None
0.2,EANR-AdaBoost2_DecisionTree | SMOTE,10,1000,1.5,0.9770408163265306,0.0,0.0,0.0,0.0,0.9575,0.4885204081632653,"[[383   9]
 [  8   0]]",None,"[np.float64(3.330447651692556), np.float64(3.329913999619057), np.float64(0.4097915684471603), np.float64(-0.054673071934760425), np.float64(0.009682981249664173), np.float64(-0.0016519261790108395), np.float64(0.00028370005050116354), np.float64(-4.866714446663889e-05), np.float64(8.350199953374872e-06), np.float64(-1.432660807311396e-06)]"
0.2,EANR-AdaBoost2_SVM | SMOTE,10,1000,2,ERR,ERR,ERR,ERR,ERR,ERR,ERR,"Multi-dimensional indexing (e.g. `obj[:, None]`) is no longer supported. Convert to a numpy array before indexing instead.",None,None
0.2,EANR-AdaBoost2_WSVM | SMOTE,10,1000,2,ERR,ERR,ERR,ERR,ERR,ERR,ERR,"Multi-dimensional indexing (e.g. `obj[:, None]`) is no longer supported. Convert to a numpy array before indexing instead.",None,None
0.2,EANR-AdaBoost2_DecisionTree | SMOTE,10,1000,2,0.9795918367346939,0.0,0.0,0.0,0.0,0.96,0.4897959183673469,"[[384   8]
 [  8   0]]",None,"[np.float64(3.330447651692556), np.float64(3.329913999619057), np.float64(0.4097915684471603), np.float64(-0.054673071934760425), np.float64(0.009682981249664173), np.float64(-0.0016519261790108395), np.float64(0.00028370005050116354), np.float64(-4.866714446663889e-05), np.float64(8.350199953374872e-06), np.float64(-1.432660807311396e-06)]"
0.2,EANR-AdaBoost2_SVM | SMOTE,10,5000,0.3,ERR,ERR,ERR,ERR,ERR,ERR,ERR,"Multi-dimensional indexing (e.g. `obj[:, None]`) is no longer supported. Convert to a numpy array before indexing instead.",None,None
0.2,EANR-AdaBoost2_WSVM | SMOTE,10,5000,0.3,ERR,ERR,ERR,ERR,ERR,ERR,ERR,"Multi-dimensional indexing (e.g. `obj[:, None]`) is no longer supported. Convert to a numpy array before indexing instead.",None,None
0.2,EANR-AdaBoost2_DecisionTree | SMOTE,10,5000,0.3,0.9770408163265306,0.0,0.0,0.0,0.0,0.9575,0.4885204081632653,"[[383   9]
 [  8   0]]",None,"[np.float64(3.330447651692556), np.float64(3.329913999619057), np.float64(0.4097915684471603), np.float64(-0.054673071934760425), np.float64(0.009682981249664173), np.float64(-0.0016519261790108395), np.float64(0.00028370005050116354), np.float64(-4.866714446663889e-05), np.float64(8.350199953374872e-06), np.float64(-1.432660807311396e-06)]"
0.2,EANR-AdaBoost2_SVM | SMOTE,10,5000,0.5,ERR,ERR,ERR,ERR,ERR,ERR,ERR,"Multi-dimensional indexing (e.g. `obj[:, None]`) is no longer supported. Convert to a numpy array before indexing instead.",None,None
0.2,EANR-AdaBoost2_WSVM | SMOTE,10,5000,0.5,ERR,ERR,ERR,ERR,ERR,ERR,ERR,"Multi-dimensional indexing (e.g. `obj[:, None]`) is no longer supported. Convert to a numpy array before indexing instead.",None,None
0.2,EANR-AdaBoost2_DecisionTree | SMOTE,10,5000,0.5,0.9770408163265306,0.0,0.0,0.0,0.0,0.9575,0.4885204081632653,"[[383   9]
 [  8   0]]",None,"[np.float64(3.330447651692556), np.float64(3.329913999619057), np.float64(0.4097915684471603), np.float64(-0.054673071934760425), np.float64(0.009682981249664173), np.float64(-0.0016519261790108395), np.float64(0.00028370005050116354), np.float64(-4.866714446663889e-05), np.float64(8.350199953374872e-06), np.float64(-1.432660807311396e-06)]"
0.2,EANR-AdaBoost2_SVM | SMOTE,10,5000,0.7,ERR,ERR,ERR,ERR,ERR,ERR,ERR,"Multi-dimensional indexing (e.g. `obj[:, None]`) is no longer supported. Convert to a numpy array before indexing instead.",None,None
0.2,EANR-AdaBoost2_WSVM | SMOTE,10,5000,0.7,ERR,ERR,ERR,ERR,ERR,ERR,ERR,"Multi-dimensional indexing (e.g. `obj[:, None]`) is no longer supported. Convert to a numpy array before indexing instead.",None,None
0.2,EANR-AdaBoost2_DecisionTree | SMOTE,10,5000,0.7,0.9795918367346939,0.0,0.0,0.0,0.0,0.96,0.4897959183673469,"[[384   8]
 [  8   0]]",None,"[np.float64(3.330447651692556), np.float64(3.329913999619057), np.float64(0.4097915684471603), np.float64(-0.054673071934760425), np.float64(0.009682981249664173), np.float64(-0.0016519261790108395), np.float64(0.00028370005050116354), np.float64(-4.866714446663889e-05), np.float64(8.350199953374872e-06), np.float64(-1.432660807311396e-06)]"
0.2,EANR-AdaBoost2_SVM | SMOTE,10,5000,1,ERR,ERR,ERR,ERR,ERR,ERR,ERR,"Multi-dimensional indexing (e.g. `obj[:, None]`) is no longer supported. Convert to a numpy array before indexing instead.",None,None
0.2,EANR-AdaBoost2_WSVM | SMOTE,10,5000,1,ERR,ERR,ERR,ERR,ERR,ERR,ERR,"Multi-dimensional indexing (e.g. `obj[:, None]`) is no longer supported. Convert to a numpy array before indexing instead.",None,None
0.2,EANR-AdaBoost2_DecisionTree | SMOTE,10,5000,1,0.9668367346938775,0.0,0.0,0.0,0.0,0.9475,0.48341836734693877,"[[379  13]
 [  8   0]]",None,"[np.float64(3.330447651692556), np.float64(3.329913999619057), np.float64(0.4097915684471603), np.float64(-0.054673071934760425), np.float64(0.009682981249664173), np.float64(-0.0016519261790108395), np.float64(0.00028370005050116354), np.float64(-4.866714446663889e-05), np.float64(8.350199953374872e-06), np.float64(-1.432660807311396e-06)]"
0.2,EANR-AdaBoost2_SVM | SMOTE,10,5000,1.5,ERR,ERR,ERR,ERR,ERR,ERR,ERR,"Multi-dimensional indexing (e.g. `obj[:, None]`) is no longer supported. Convert to a numpy array before indexing instead.",None,None
0.2,EANR-AdaBoost2_WSVM | SMOTE,10,5000,1.5,ERR,ERR,ERR,ERR,ERR,ERR,ERR,"Multi-dimensional indexing (e.g. `obj[:, None]`) is no longer supported. Convert to a numpy array before indexing instead.",None,None
0.2,EANR-AdaBoost2_DecisionTree | SMOTE,10,5000,1.5,0.9744897959183674,0.0,0.0,0.0,0.0,0.955,0.4872448979591837,"[[382  10]
 [  8   0]]",None,"[np.float64(3.330447651692556), np.float64(3.329913999619057), np.float64(0.4097915684471603), np.float64(-0.054673071934760425), np.float64(0.009682981249664173), np.float64(-0.0016519261790108395), np.float64(0.00028370005050116354), np.float64(-4.866714446663889e-05), np.float64(8.350199953374872e-06), np.float64(-1.432660807311396e-06)]"
0.2,EANR-AdaBoost2_SVM | SMOTE,10,5000,2,ERR,ERR,ERR,ERR,ERR,ERR,ERR,"Multi-dimensional indexing (e.g. `obj[:, None]`) is no longer supported. Convert to a numpy array before indexing instead.",None,None
0.2,EANR-AdaBoost2_WSVM | SMOTE,10,5000,2,ERR,ERR,ERR,ERR,ERR,ERR,ERR,"Multi-dimensional indexing (e.g. `obj[:, None]`) is no longer supported. Convert to a numpy array before indexing instead.",None,None
0.2,EANR-AdaBoost2_DecisionTree | SMOTE,10,5000,2,0.9770408163265306,0.125,0.3494711748353737,0.1111111111111111,0.1,0.96,0.5510204081632654,"[[383   9]
 [  7   1]]",None,"[np.float64(3.330447651692556), np.float64(3.329913999619057), np.float64(0.4097915684471603), np.float64(-0.054673071934760425), np.float64(0.009682981249664173), np.float64(-0.0016519261790108395), np.float64(0.00028370005050116354), np.float64(-4.866714446663889e-05), np.float64(8.350199953374872e-06), np.float64(-1.432660807311396e-06)]"
0.2,EANR-AdaBoost2_SVM | SMOTE,10,10000,0.3,ERR,ERR,ERR,ERR,ERR,ERR,ERR,"Multi-dimensional indexing (e.g. `obj[:, None]`) is no longer supported. Convert to a numpy array before indexing instead.",None,None
0.2,EANR-AdaBoost2_WSVM | SMOTE,10,10000,0.3,ERR,ERR,ERR,ERR,ERR,ERR,ERR,"Multi-dimensional indexing (e.g. `obj[:, None]`) is no longer supported. Convert to a numpy array before indexing instead.",None,None
0.2,EANR-AdaBoost2_DecisionTree | SMOTE,10,10000,0.3,0.9795918367346939,0.0,0.0,0.0,0.0,0.96,0.4897959183673469,"[[384   8]
 [  8   0]]",None,"[np.float64(3.330447651692556), np.float64(3.329913999619057), np.float64(0.4097915684471603), np.float64(-0.054673071934760425), np.float64(0.009682981249664173), np.float64(-0.0016519261790108395), np.float64(0.00028370005050116354), np.float64(-4.866714446663889e-05), np.float64(8.350199953374872e-06), np.float64(-1.432660807311396e-06)]"
0.2,EANR-AdaBoost2_SVM | SMOTE,10,10000,0.5,ERR,ERR,ERR,ERR,ERR,ERR,ERR,"Multi-dimensional indexing (e.g. `obj[:, None]`) is no longer supported. Convert to a numpy array before indexing instead.",None,None
0.2,EANR-AdaBoost2_WSVM | SMOTE,10,10000,0.5,ERR,ERR,ERR,ERR,ERR,ERR,ERR,"Multi-dimensional indexing (e.g. `obj[:, None]`) is no longer supported. Convert to a numpy array before indexing instead.",None,None
0.2,EANR-AdaBoost2_DecisionTree | SMOTE,10,10000,0.5,0.9744897959183674,0.0,0.0,0.0,0.0,0.955,0.4872448979591837,"[[382  10]
 [  8   0]]",None,"[np.float64(3.330447651692556), np.float64(3.329913999619057), np.float64(0.4097915684471603), np.float64(-0.054673071934760425), np.float64(0.009682981249664173), np.float64(-0.0016519261790108395), np.float64(0.00028370005050116354), np.float64(-4.866714446663889e-05), np.float64(8.350199953374872e-06), np.float64(-1.432660807311396e-06)]"
0.2,EANR-AdaBoost2_SVM | SMOTE,10,10000,0.7,ERR,ERR,ERR,ERR,ERR,ERR,ERR,"Multi-dimensional indexing (e.g. `obj[:, None]`) is no longer supported. Convert to a numpy array before indexing instead.",None,None
0.2,EANR-AdaBoost2_WSVM | SMOTE,10,10000,0.7,ERR,ERR,ERR,ERR,ERR,ERR,ERR,"Multi-dimensional indexing (e.g. `obj[:, None]`) is no longer supported. Convert to a numpy array before indexing instead.",None,None
0.2,EANR-AdaBoost2_DecisionTree | SMOTE,10,10000,0.7,0.9770408163265306,0.0,0.0,0.0,0.0,0.9575,0.4885204081632653,"[[383   9]
 [  8   0]]",None,"[np.float64(3.330447651692556), np.float64(3.329913999619057), np.float64(0.4097915684471603), np.float64(-0.054673071934760425), np.float64(0.009682981249664173), np.float64(-0.0016519261790108395), np.float64(0.00028370005050116354), np.float64(-4.866714446663889e-05), np.float64(8.350199953374872e-06), np.float64(-1.432660807311396e-06)]"
0.2,EANR-AdaBoost2_SVM | SMOTE,10,10000,1,ERR,ERR,ERR,ERR,ERR,ERR,ERR,"Multi-dimensional indexing (e.g. `obj[:, None]`) is no longer supported. Convert to a numpy array before indexing instead.",None,None
0.2,EANR-AdaBoost2_WSVM | SMOTE,10,10000,1,ERR,ERR,ERR,ERR,ERR,ERR,ERR,"Multi-dimensional indexing (e.g. `obj[:, None]`) is no longer supported. Convert to a numpy array before indexing instead.",None,None
0.2,EANR-AdaBoost2_DecisionTree | SMOTE,10,10000,1,0.9770408163265306,0.0,0.0,0.0,0.0,0.9575,0.4885204081632653,"[[383   9]
 [  8   0]]",None,"[np.float64(3.330447651692556), np.float64(3.329913999619057), np.float64(0.4097915684471603), np.float64(-0.054673071934760425), np.float64(0.009682981249664173), np.float64(-0.0016519261790108395), np.float64(0.00028370005050116354), np.float64(-4.866714446663889e-05), np.float64(8.350199953374872e-06), np.float64(-1.432660807311396e-06)]"
0.2,EANR-AdaBoost2_SVM | SMOTE,10,10000,1.5,ERR,ERR,ERR,ERR,ERR,ERR,ERR,"Multi-dimensional indexing (e.g. `obj[:, None]`) is no longer supported. Convert to a numpy array before indexing instead.",None,None
0.2,EANR-AdaBoost2_WSVM | SMOTE,10,10000,1.5,ERR,ERR,ERR,ERR,ERR,ERR,ERR,"Multi-dimensional indexing (e.g. `obj[:, None]`) is no longer supported. Convert to a numpy array before indexing instead.",None,None
0.2,EANR-AdaBoost2_DecisionTree | SMOTE,10,10000,1.5,0.9719387755102041,0.0,0.0,0.0,0.0,0.9525,0.48596938775510207,"[[381  11]
 [  8   0]]",None,"[np.float64(3.330447651692556), np.float64(3.329913999619057), np.float64(0.4097915684471603), np.float64(-0.054673071934760425), np.float64(0.009682981249664173), np.float64(-0.0016519261790108395), np.float64(0.00028370005050116354), np.float64(-4.866714446663889e-05), np.float64(8.350199953374872e-06), np.float64(-1.432660807311396e-06)]"
0.2,EANR-AdaBoost2_SVM | SMOTE,10,10000,2,ERR,ERR,ERR,ERR,ERR,ERR,ERR,"Multi-dimensional indexing (e.g. `obj[:, None]`) is no longer supported. Convert to a numpy array before indexing instead.",None,None
0.2,EANR-AdaBoost2_WSVM | SMOTE,10,10000,2,ERR,ERR,ERR,ERR,ERR,ERR,ERR,"Multi-dimensional indexing (e.g. `obj[:, None]`) is no longer supported. Convert to a numpy array before indexing instead.",None,None
0.2,EANR-AdaBoost2_DecisionTree | SMOTE,10,10000,2,0.9744897959183674,0.0,0.0,0.0,0.0,0.955,0.4872448979591837,"[[382  10]
 [  8   0]]",None,"[np.float64(3.330447651692556), np.float64(3.329913999619057), np.float64(0.4097915684471603), np.float64(-0.054673071934760425), np.float64(0.009682981249664173), np.float64(-0.0016519261790108395), np.float64(0.00028370005050116354), np.float64(-4.866714446663889e-05), np.float64(8.350199953374872e-06), np.float64(-1.432660807311396e-06)]"
0.2,EANR-AdaBoost2_SVM | SMOTE,15,10,0.3,ERR,ERR,ERR,ERR,ERR,ERR,ERR,"Multi-dimensional indexing (e.g. `obj[:, None]`) is no longer supported. Convert to a numpy array before indexing instead.",None,None
0.2,EANR-AdaBoost2_WSVM | SMOTE,15,10,0.3,ERR,ERR,ERR,ERR,ERR,ERR,ERR,"Multi-dimensional indexing (e.g. `obj[:, None]`) is no longer supported. Convert to a numpy array before indexing instead.",None,None
0.2,EANR-AdaBoost2_DecisionTree | SMOTE,15,10,0.3,0.9719387755102041,0.0,0.0,0.0,0.0,0.9525,0.48596938775510207,"[[381  11]
 [  8   0]]",None,"[np.float64(3.330447651692556), np.float64(3.329913999619057), np.float64(0.4097915684471603), np.float64(-0.054673071934760425), np.float64(0.009682981249664173), np.float64(-0.0016519261790108395), np.float64(0.00028370005050116354), np.float64(-4.866714446663889e-05), np.float64(8.350199953374872e-06), np.float64(-1.432660807311396e-06), np.float64(2.458059405774242e-07), np.float64(-4.2173625927104024e-08), np.float64(7.235850533016704e-09), np.float64(-1.241475812583654e-09), np.float64(2.130038367455331e-10)]"
0.2,EANR-AdaBoost2_SVM | SMOTE,15,10,0.5,ERR,ERR,ERR,ERR,ERR,ERR,ERR,"Multi-dimensional indexing (e.g. `obj[:, None]`) is no longer supported. Convert to a numpy array before indexing instead.",None,None
0.2,EANR-AdaBoost2_WSVM | SMOTE,15,10,0.5,ERR,ERR,ERR,ERR,ERR,ERR,ERR,"Multi-dimensional indexing (e.g. `obj[:, None]`) is no longer supported. Convert to a numpy array before indexing instead.",None,None
0.2,EANR-AdaBoost2_DecisionTree | SMOTE,15,10,0.5,0.9744897959183674,0.0,0.0,0.0,0.0,0.955,0.4872448979591837,"[[382  10]
 [  8   0]]",None,"[np.float64(3.330447651692556), np.float64(3.329913999619057), np.float64(0.4097915684471603), np.float64(-0.054673071934760425), np.float64(0.009682981249664173), np.float64(-0.0016519261790108395), np.float64(0.00028370005050116354), np.float64(-4.866714446663889e-05), np.float64(8.350199953374872e-06), np.float64(-1.432660807311396e-06), np.float64(2.458059405774242e-07), np.float64(-4.2173625927104024e-08), np.float64(7.235850533016704e-09), np.float64(-1.241475812583654e-09), np.float64(2.130038367455331e-10)]"
0.2,EANR-AdaBoost2_SVM | SMOTE,15,10,0.7,ERR,ERR,ERR,ERR,ERR,ERR,ERR,"Multi-dimensional indexing (e.g. `obj[:, None]`) is no longer supported. Convert to a numpy array before indexing instead.",None,None
0.2,EANR-AdaBoost2_WSVM | SMOTE,15,10,0.7,ERR,ERR,ERR,ERR,ERR,ERR,ERR,"Multi-dimensional indexing (e.g. `obj[:, None]`) is no longer supported. Convert to a numpy array before indexing instead.",None,None
0.2,EANR-AdaBoost2_DecisionTree | SMOTE,15,10,0.7,0.9770408163265306,0.0,0.0,0.0,0.0,0.9575,0.4885204081632653,"[[383   9]
 [  8   0]]",None,"[np.float64(3.330447651692556), np.float64(3.329913999619057), np.float64(0.4097915684471603), np.float64(-0.054673071934760425), np.float64(0.009682981249664173), np.float64(-0.0016519261790108395), np.float64(0.00028370005050116354), np.float64(-4.866714446663889e-05), np.float64(8.350199953374872e-06), np.float64(-1.432660807311396e-06), np.float64(2.458059405774242e-07), np.float64(-4.2173625927104024e-08), np.float64(7.235850533016704e-09), np.float64(-1.241475812583654e-09), np.float64(2.130038367455331e-10)]"
0.2,EANR-AdaBoost2_SVM | SMOTE,15,10,1,ERR,ERR,ERR,ERR,ERR,ERR,ERR,"Multi-dimensional indexing (e.g. `obj[:, None]`) is no longer supported. Convert to a numpy array before indexing instead.",None,None
0.2,EANR-AdaBoost2_WSVM | SMOTE,15,10,1,ERR,ERR,ERR,ERR,ERR,ERR,ERR,"Multi-dimensional indexing (e.g. `obj[:, None]`) is no longer supported. Convert to a numpy array before indexing instead.",None,None
0.2,EANR-AdaBoost2_DecisionTree | SMOTE,15,10,1,0.9744897959183674,0.0,0.0,0.0,0.0,0.955,0.4872448979591837,"[[382  10]
 [  8   0]]",None,"[np.float64(3.330447651692556), np.float64(3.329913999619057), np.float64(0.4097915684471603), np.float64(-0.054673071934760425), np.float64(0.009682981249664173), np.float64(-0.0016519261790108395), np.float64(0.00028370005050116354), np.float64(-4.866714446663889e-05), np.float64(8.350199953374872e-06), np.float64(-1.432660807311396e-06), np.float64(2.458059405774242e-07), np.float64(-4.2173625927104024e-08), np.float64(7.235850533016704e-09), np.float64(-1.241475812583654e-09), np.float64(2.130038367455331e-10)]"
0.2,EANR-AdaBoost2_SVM | SMOTE,15,10,1.5,ERR,ERR,ERR,ERR,ERR,ERR,ERR,"Multi-dimensional indexing (e.g. `obj[:, None]`) is no longer supported. Convert to a numpy array before indexing instead.",None,None
0.2,EANR-AdaBoost2_WSVM | SMOTE,15,10,1.5,ERR,ERR,ERR,ERR,ERR,ERR,ERR,"Multi-dimensional indexing (e.g. `obj[:, None]`) is no longer supported. Convert to a numpy array before indexing instead.",None,None
0.2,EANR-AdaBoost2_DecisionTree | SMOTE,15,10,1.5,0.9770408163265306,0.0,0.0,0.0,0.0,0.9575,0.4885204081632653,"[[383   9]
 [  8   0]]",None,"[np.float64(3.330447651692556), np.float64(3.329913999619057), np.float64(0.4097915684471603), np.float64(-0.054673071934760425), np.float64(0.009682981249664173), np.float64(-0.0016519261790108395), np.float64(0.00028370005050116354), np.float64(-4.866714446663889e-05), np.float64(8.350199953374872e-06), np.float64(-1.432660807311396e-06), np.float64(2.458059405774242e-07), np.float64(-4.2173625927104024e-08), np.float64(7.235850533016704e-09), np.float64(-1.241475812583654e-09), np.float64(2.130038367455331e-10)]"
0.2,EANR-AdaBoost2_SVM | SMOTE,15,10,2,ERR,ERR,ERR,ERR,ERR,ERR,ERR,"Multi-dimensional indexing (e.g. `obj[:, None]`) is no longer supported. Convert to a numpy array before indexing instead.",None,None
0.2,EANR-AdaBoost2_WSVM | SMOTE,15,10,2,ERR,ERR,ERR,ERR,ERR,ERR,ERR,"Multi-dimensional indexing (e.g. `obj[:, None]`) is no longer supported. Convert to a numpy array before indexing instead.",None,None
0.2,EANR-AdaBoost2_DecisionTree | SMOTE,15,10,2,0.9719387755102041,0.0,0.0,0.0,0.0,0.9525,0.48596938775510207,"[[381  11]
 [  8   0]]",None,"[np.float64(3.330447651692556), np.float64(3.329913999619057), np.float64(0.4097915684471603), np.float64(-0.054673071934760425), np.float64(0.009682981249664173), np.float64(-0.0016519261790108395), np.float64(0.00028370005050116354), np.float64(-4.866714446663889e-05), np.float64(8.350199953374872e-06), np.float64(-1.432660807311396e-06), np.float64(2.458059405774242e-07), np.float64(-4.2173625927104024e-08), np.float64(7.235850533016704e-09), np.float64(-1.241475812583654e-09), np.float64(2.130038367455331e-10)]"
0.2,EANR-AdaBoost2_SVM | SMOTE,15,100,0.3,ERR,ERR,ERR,ERR,ERR,ERR,ERR,"Multi-dimensional indexing (e.g. `obj[:, None]`) is no longer supported. Convert to a numpy array before indexing instead.",None,None
0.2,EANR-AdaBoost2_WSVM | SMOTE,15,100,0.3,ERR,ERR,ERR,ERR,ERR,ERR,ERR,"Multi-dimensional indexing (e.g. `obj[:, None]`) is no longer supported. Convert to a numpy array before indexing instead.",None,None
0.2,EANR-AdaBoost2_DecisionTree | SMOTE,15,100,0.3,0.9719387755102041,0.0,0.0,0.0,0.0,0.9525,0.48596938775510207,"[[381  11]
 [  8   0]]",None,"[np.float64(3.330447651692556), np.float64(3.329913999619057), np.float64(0.4097915684471603), np.float64(-0.054673071934760425), np.float64(0.009682981249664173), np.float64(-0.0016519261790108395), np.float64(0.00028370005050116354), np.float64(-4.866714446663889e-05), np.float64(8.350199953374872e-06), np.float64(-1.432660807311396e-06), np.float64(2.458059405774242e-07), np.float64(-4.2173625927104024e-08), np.float64(7.235850533016704e-09), np.float64(-1.241475812583654e-09), np.float64(2.130038367455331e-10)]"
0.2,EANR-AdaBoost2_SVM | SMOTE,15,100,0.5,ERR,ERR,ERR,ERR,ERR,ERR,ERR,"Multi-dimensional indexing (e.g. `obj[:, None]`) is no longer supported. Convert to a numpy array before indexing instead.",None,None
0.2,EANR-AdaBoost2_WSVM | SMOTE,15,100,0.5,ERR,ERR,ERR,ERR,ERR,ERR,ERR,"Multi-dimensional indexing (e.g. `obj[:, None]`) is no longer supported. Convert to a numpy array before indexing instead.",None,None
0.2,EANR-AdaBoost2_DecisionTree | SMOTE,15,100,0.5,0.9719387755102041,0.125,0.3485575231418417,0.1,0.08333333333333333,0.955,0.5484693877551021,"[[381  11]
 [  7   1]]",None,"[np.float64(3.330447651692556), np.float64(3.329913999619057), np.float64(0.4097915684471603), np.float64(-0.054673071934760425), np.float64(0.009682981249664173), np.float64(-0.0016519261790108395), np.float64(0.00028370005050116354), np.float64(-4.866714446663889e-05), np.float64(8.350199953374872e-06), np.float64(-1.432660807311396e-06), np.float64(2.458059405774242e-07), np.float64(-4.2173625927104024e-08), np.float64(7.235850533016704e-09), np.float64(-1.241475812583654e-09), np.float64(2.130038367455331e-10)]"
0.2,EANR-AdaBoost2_SVM | SMOTE,15,100,0.7,ERR,ERR,ERR,ERR,ERR,ERR,ERR,"Multi-dimensional indexing (e.g. `obj[:, None]`) is no longer supported. Convert to a numpy array before indexing instead.",None,None
0.2,EANR-AdaBoost2_WSVM | SMOTE,15,100,0.7,ERR,ERR,ERR,ERR,ERR,ERR,ERR,"Multi-dimensional indexing (e.g. `obj[:, None]`) is no longer supported. Convert to a numpy array before indexing instead.",None,None
0.2,EANR-AdaBoost2_DecisionTree | SMOTE,15,100,0.7,0.9770408163265306,0.0,0.0,0.0,0.0,0.9575,0.4885204081632653,"[[383   9]
 [  8   0]]",None,"[np.float64(3.330447651692556), np.float64(3.329913999619057), np.float64(0.4097915684471603), np.float64(-0.054673071934760425), np.float64(0.009682981249664173), np.float64(-0.0016519261790108395), np.float64(0.00028370005050116354), np.float64(-4.866714446663889e-05), np.float64(8.350199953374872e-06), np.float64(-1.432660807311396e-06), np.float64(2.458059405774242e-07), np.float64(-4.2173625927104024e-08), np.float64(7.235850533016704e-09), np.float64(-1.241475812583654e-09), np.float64(2.130038367455331e-10)]"
0.2,EANR-AdaBoost2_SVM | SMOTE,15,100,1,ERR,ERR,ERR,ERR,ERR,ERR,ERR,"Multi-dimensional indexing (e.g. `obj[:, None]`) is no longer supported. Convert to a numpy array before indexing instead.",None,None
0.2,EANR-AdaBoost2_WSVM | SMOTE,15,100,1,ERR,ERR,ERR,ERR,ERR,ERR,ERR,"Multi-dimensional indexing (e.g. `obj[:, None]`) is no longer supported. Convert to a numpy array before indexing instead.",None,None
0.2,EANR-AdaBoost2_DecisionTree | SMOTE,15,100,1,0.9744897959183674,0.0,0.0,0.0,0.0,0.955,0.4872448979591837,"[[382  10]
 [  8   0]]",None,"[np.float64(3.330447651692556), np.float64(3.329913999619057), np.float64(0.4097915684471603), np.float64(-0.054673071934760425), np.float64(0.009682981249664173), np.float64(-0.0016519261790108395), np.float64(0.00028370005050116354), np.float64(-4.866714446663889e-05), np.float64(8.350199953374872e-06), np.float64(-1.432660807311396e-06), np.float64(2.458059405774242e-07), np.float64(-4.2173625927104024e-08), np.float64(7.235850533016704e-09), np.float64(-1.241475812583654e-09), np.float64(2.130038367455331e-10)]"
0.2,EANR-AdaBoost2_SVM | SMOTE,15,100,1.5,ERR,ERR,ERR,ERR,ERR,ERR,ERR,"Multi-dimensional indexing (e.g. `obj[:, None]`) is no longer supported. Convert to a numpy array before indexing instead.",None,None
0.2,EANR-AdaBoost2_WSVM | SMOTE,15,100,1.5,ERR,ERR,ERR,ERR,ERR,ERR,ERR,"Multi-dimensional indexing (e.g. `obj[:, None]`) is no longer supported. Convert to a numpy array before indexing instead.",None,None
0.2,EANR-AdaBoost2_DecisionTree | SMOTE,15,100,1.5,0.9744897959183674,0.125,0.34901464795878684,0.10526315789473684,0.09090909090909091,0.9575,0.5497448979591837,"[[382  10]
 [  7   1]]",None,"[np.float64(3.330447651692556), np.float64(3.329913999619057), np.float64(0.4097915684471603), np.float64(-0.054673071934760425), np.float64(0.009682981249664173), np.float64(-0.0016519261790108395), np.float64(0.00028370005050116354), np.float64(-4.866714446663889e-05), np.float64(8.350199953374872e-06), np.float64(-1.432660807311396e-06), np.float64(2.458059405774242e-07), np.float64(-4.2173625927104024e-08), np.float64(7.235850533016704e-09), np.float64(-1.241475812583654e-09), np.float64(2.130038367455331e-10)]"
0.2,EANR-AdaBoost2_SVM | SMOTE,15,100,2,ERR,ERR,ERR,ERR,ERR,ERR,ERR,"Multi-dimensional indexing (e.g. `obj[:, None]`) is no longer supported. Convert to a numpy array before indexing instead.",None,None
0.2,EANR-AdaBoost2_WSVM | SMOTE,15,100,2,ERR,ERR,ERR,ERR,ERR,ERR,ERR,"Multi-dimensional indexing (e.g. `obj[:, None]`) is no longer supported. Convert to a numpy array before indexing instead.",None,None
0.2,EANR-AdaBoost2_DecisionTree | SMOTE,15,100,2,0.9719387755102041,0.0,0.0,0.0,0.0,0.9525,0.48596938775510207,"[[381  11]
 [  8   0]]",None,"[np.float64(3.330447651692556), np.float64(3.329913999619057), np.float64(0.4097915684471603), np.float64(-0.054673071934760425), np.float64(0.009682981249664173), np.float64(-0.0016519261790108395), np.float64(0.00028370005050116354), np.float64(-4.866714446663889e-05), np.float64(8.350199953374872e-06), np.float64(-1.432660807311396e-06), np.float64(2.458059405774242e-07), np.float64(-4.2173625927104024e-08), np.float64(7.235850533016704e-09), np.float64(-1.241475812583654e-09), np.float64(2.130038367455331e-10)]"
0.2,EANR-AdaBoost2_SVM | SMOTE,15,1000,0.3,ERR,ERR,ERR,ERR,ERR,ERR,ERR,"Multi-dimensional indexing (e.g. `obj[:, None]`) is no longer supported. Convert to a numpy array before indexing instead.",None,None
0.2,EANR-AdaBoost2_WSVM | SMOTE,15,1000,0.3,ERR,ERR,ERR,ERR,ERR,ERR,ERR,"Multi-dimensional indexing (e.g. `obj[:, None]`) is no longer supported. Convert to a numpy array before indexing instead.",None,None
0.2,EANR-AdaBoost2_DecisionTree | SMOTE,15,1000,0.3,0.9770408163265306,0.0,0.0,0.0,0.0,0.9575,0.4885204081632653,"[[383   9]
 [  8   0]]",None,"[np.float64(3.330447651692556), np.float64(3.329913999619057), np.float64(0.4097915684471603), np.float64(-0.054673071934760425), np.float64(0.009682981249664173), np.float64(-0.0016519261790108395), np.float64(0.00028370005050116354), np.float64(-4.866714446663889e-05), np.float64(8.350199953374872e-06), np.float64(-1.432660807311396e-06), np.float64(2.458059405774242e-07), np.float64(-4.2173625927104024e-08), np.float64(7.235850533016704e-09), np.float64(-1.241475812583654e-09), np.float64(2.130038367455331e-10)]"
0.2,EANR-AdaBoost2_SVM | SMOTE,15,1000,0.5,ERR,ERR,ERR,ERR,ERR,ERR,ERR,"Multi-dimensional indexing (e.g. `obj[:, None]`) is no longer supported. Convert to a numpy array before indexing instead.",None,None
0.2,EANR-AdaBoost2_WSVM | SMOTE,15,1000,0.5,ERR,ERR,ERR,ERR,ERR,ERR,ERR,"Multi-dimensional indexing (e.g. `obj[:, None]`) is no longer supported. Convert to a numpy array before indexing instead.",None,None
0.2,EANR-AdaBoost2_DecisionTree | SMOTE,15,1000,0.5,0.9744897959183674,0.0,0.0,0.0,0.0,0.955,0.4872448979591837,"[[382  10]
 [  8   0]]",None,"[np.float64(3.330447651692556), np.float64(3.329913999619057), np.float64(0.4097915684471603), np.float64(-0.054673071934760425), np.float64(0.009682981249664173), np.float64(-0.0016519261790108395), np.float64(0.00028370005050116354), np.float64(-4.866714446663889e-05), np.float64(8.350199953374872e-06), np.float64(-1.432660807311396e-06), np.float64(2.458059405774242e-07), np.float64(-4.2173625927104024e-08), np.float64(7.235850533016704e-09), np.float64(-1.241475812583654e-09), np.float64(2.130038367455331e-10)]"
0.2,EANR-AdaBoost2_SVM | SMOTE,15,1000,0.7,ERR,ERR,ERR,ERR,ERR,ERR,ERR,"Multi-dimensional indexing (e.g. `obj[:, None]`) is no longer supported. Convert to a numpy array before indexing instead.",None,None
0.2,EANR-AdaBoost2_WSVM | SMOTE,15,1000,0.7,ERR,ERR,ERR,ERR,ERR,ERR,ERR,"Multi-dimensional indexing (e.g. `obj[:, None]`) is no longer supported. Convert to a numpy array before indexing instead.",None,None
0.2,EANR-AdaBoost2_DecisionTree | SMOTE,15,1000,0.7,0.9744897959183674,0.0,0.0,0.0,0.0,0.955,0.4872448979591837,"[[382  10]
 [  8   0]]",None,"[np.float64(3.330447651692556), np.float64(3.329913999619057), np.float64(0.4097915684471603), np.float64(-0.054673071934760425), np.float64(0.009682981249664173), np.float64(-0.0016519261790108395), np.float64(0.00028370005050116354), np.float64(-4.866714446663889e-05), np.float64(8.350199953374872e-06), np.float64(-1.432660807311396e-06), np.float64(2.458059405774242e-07), np.float64(-4.2173625927104024e-08), np.float64(7.235850533016704e-09), np.float64(-1.241475812583654e-09), np.float64(2.130038367455331e-10)]"
0.2,EANR-AdaBoost2_SVM | SMOTE,15,1000,1,ERR,ERR,ERR,ERR,ERR,ERR,ERR,"Multi-dimensional indexing (e.g. `obj[:, None]`) is no longer supported. Convert to a numpy array before indexing instead.",None,None
0.2,EANR-AdaBoost2_WSVM | SMOTE,15,1000,1,ERR,ERR,ERR,ERR,ERR,ERR,ERR,"Multi-dimensional indexing (e.g. `obj[:, None]`) is no longer supported. Convert to a numpy array before indexing instead.",None,None
0.2,EANR-AdaBoost2_DecisionTree | SMOTE,15,1000,1,0.9795918367346939,0.125,0.3499271061118826,0.11764705882352941,0.1111111111111111,0.9625,0.5522959183673469,"[[384   8]
 [  7   1]]",None,"[np.float64(3.330447651692556), np.float64(3.329913999619057), np.float64(0.4097915684471603), np.float64(-0.054673071934760425), np.float64(0.009682981249664173), np.float64(-0.0016519261790108395), np.float64(0.00028370005050116354), np.float64(-4.866714446663889e-05), np.float64(8.350199953374872e-06), np.float64(-1.432660807311396e-06), np.float64(2.458059405774242e-07), np.float64(-4.2173625927104024e-08), np.float64(7.235850533016704e-09), np.float64(-1.241475812583654e-09), np.float64(2.130038367455331e-10)]"
0.2,EANR-AdaBoost2_SVM | SMOTE,15,1000,1.5,ERR,ERR,ERR,ERR,ERR,ERR,ERR,"Multi-dimensional indexing (e.g. `obj[:, None]`) is no longer supported. Convert to a numpy array before indexing instead.",None,None
0.2,EANR-AdaBoost2_WSVM | SMOTE,15,1000,1.5,ERR,ERR,ERR,ERR,ERR,ERR,ERR,"Multi-dimensional indexing (e.g. `obj[:, None]`) is no longer supported. Convert to a numpy array before indexing instead.",None,None
0.2,EANR-AdaBoost2_DecisionTree | SMOTE,15,1000,1.5,0.9719387755102041,0.0,0.0,0.0,0.0,0.9525,0.48596938775510207,"[[381  11]
 [  8   0]]",None,"[np.float64(3.330447651692556), np.float64(3.329913999619057), np.float64(0.4097915684471603), np.float64(-0.054673071934760425), np.float64(0.009682981249664173), np.float64(-0.0016519261790108395), np.float64(0.00028370005050116354), np.float64(-4.866714446663889e-05), np.float64(8.350199953374872e-06), np.float64(-1.432660807311396e-06), np.float64(2.458059405774242e-07), np.float64(-4.2173625927104024e-08), np.float64(7.235850533016704e-09), np.float64(-1.241475812583654e-09), np.float64(2.130038367455331e-10)]"
0.2,EANR-AdaBoost2_SVM | SMOTE,15,1000,2,ERR,ERR,ERR,ERR,ERR,ERR,ERR,"Multi-dimensional indexing (e.g. `obj[:, None]`) is no longer supported. Convert to a numpy array before indexing instead.",None,None
0.2,EANR-AdaBoost2_WSVM | SMOTE,15,1000,2,ERR,ERR,ERR,ERR,ERR,ERR,ERR,"Multi-dimensional indexing (e.g. `obj[:, None]`) is no longer supported. Convert to a numpy array before indexing instead.",None,None
0.2,EANR-AdaBoost2_DecisionTree | SMOTE,15,1000,2,0.9744897959183674,0.0,0.0,0.0,0.0,0.955,0.4872448979591837,"[[382  10]
 [  8   0]]",None,"[np.float64(3.330447651692556), np.float64(3.329913999619057), np.float64(0.4097915684471603), np.float64(-0.054673071934760425), np.float64(0.009682981249664173), np.float64(-0.0016519261790108395), np.float64(0.00028370005050116354), np.float64(-4.866714446663889e-05), np.float64(8.350199953374872e-06), np.float64(-1.432660807311396e-06), np.float64(2.458059405774242e-07), np.float64(-4.2173625927104024e-08), np.float64(7.235850533016704e-09), np.float64(-1.241475812583654e-09), np.float64(2.130038367455331e-10)]"
0.2,EANR-AdaBoost2_SVM | SMOTE,15,5000,0.3,ERR,ERR,ERR,ERR,ERR,ERR,ERR,"Multi-dimensional indexing (e.g. `obj[:, None]`) is no longer supported. Convert to a numpy array before indexing instead.",None,None
0.2,EANR-AdaBoost2_WSVM | SMOTE,15,5000,0.3,ERR,ERR,ERR,ERR,ERR,ERR,ERR,"Multi-dimensional indexing (e.g. `obj[:, None]`) is no longer supported. Convert to a numpy array before indexing instead.",None,None
0.2,EANR-AdaBoost2_DecisionTree | SMOTE,15,5000,0.3,0.9719387755102041,0.0,0.0,0.0,0.0,0.9525,0.48596938775510207,"[[381  11]
 [  8   0]]",None,"[np.float64(3.330447651692556), np.float64(3.329913999619057), np.float64(0.4097915684471603), np.float64(-0.054673071934760425), np.float64(0.009682981249664173), np.float64(-0.0016519261790108395), np.float64(0.00028370005050116354), np.float64(-4.866714446663889e-05), np.float64(8.350199953374872e-06), np.float64(-1.432660807311396e-06), np.float64(2.458059405774242e-07), np.float64(-4.2173625927104024e-08), np.float64(7.235850533016704e-09), np.float64(-1.241475812583654e-09), np.float64(2.130038367455331e-10)]"
0.2,EANR-AdaBoost2_SVM | SMOTE,15,5000,0.5,ERR,ERR,ERR,ERR,ERR,ERR,ERR,"Multi-dimensional indexing (e.g. `obj[:, None]`) is no longer supported. Convert to a numpy array before indexing instead.",None,None
0.2,EANR-AdaBoost2_WSVM | SMOTE,15,5000,0.5,ERR,ERR,ERR,ERR,ERR,ERR,ERR,"Multi-dimensional indexing (e.g. `obj[:, None]`) is no longer supported. Convert to a numpy array before indexing instead.",None,None
0.2,EANR-AdaBoost2_DecisionTree | SMOTE,15,5000,0.5,0.9770408163265306,0.125,0.3494711748353737,0.1111111111111111,0.1,0.96,0.5510204081632654,"[[383   9]
 [  7   1]]",None,"[np.float64(3.330447651692556), np.float64(3.329913999619057), np.float64(0.4097915684471603), np.float64(-0.054673071934760425), np.float64(0.009682981249664173), np.float64(-0.0016519261790108395), np.float64(0.00028370005050116354), np.float64(-4.866714446663889e-05), np.float64(8.350199953374872e-06), np.float64(-1.432660807311396e-06), np.float64(2.458059405774242e-07), np.float64(-4.2173625927104024e-08), np.float64(7.235850533016704e-09), np.float64(-1.241475812583654e-09), np.float64(2.130038367455331e-10)]"
0.2,EANR-AdaBoost2_SVM | SMOTE,15,5000,0.7,ERR,ERR,ERR,ERR,ERR,ERR,ERR,"Multi-dimensional indexing (e.g. `obj[:, None]`) is no longer supported. Convert to a numpy array before indexing instead.",None,None
0.2,EANR-AdaBoost2_WSVM | SMOTE,15,5000,0.7,ERR,ERR,ERR,ERR,ERR,ERR,ERR,"Multi-dimensional indexing (e.g. `obj[:, None]`) is no longer supported. Convert to a numpy array before indexing instead.",None,None
0.2,EANR-AdaBoost2_DecisionTree | SMOTE,15,5000,0.7,0.9719387755102041,0.125,0.3485575231418417,0.1,0.08333333333333333,0.955,0.5484693877551021,"[[381  11]
 [  7   1]]",None,"[np.float64(3.330447651692556), np.float64(3.329913999619057), np.float64(0.4097915684471603), np.float64(-0.054673071934760425), np.float64(0.009682981249664173), np.float64(-0.0016519261790108395), np.float64(0.00028370005050116354), np.float64(-4.866714446663889e-05), np.float64(8.350199953374872e-06), np.float64(-1.432660807311396e-06), np.float64(2.458059405774242e-07), np.float64(-4.2173625927104024e-08), np.float64(7.235850533016704e-09), np.float64(-1.241475812583654e-09), np.float64(2.130038367455331e-10)]"
0.2,EANR-AdaBoost2_SVM | SMOTE,15,5000,1,ERR,ERR,ERR,ERR,ERR,ERR,ERR,"Multi-dimensional indexing (e.g. `obj[:, None]`) is no longer supported. Convert to a numpy array before indexing instead.",None,None
0.2,EANR-AdaBoost2_WSVM | SMOTE,15,5000,1,ERR,ERR,ERR,ERR,ERR,ERR,ERR,"Multi-dimensional indexing (e.g. `obj[:, None]`) is no longer supported. Convert to a numpy array before indexing instead.",None,None
0.2,EANR-AdaBoost2_DecisionTree | SMOTE,15,5000,1,0.9770408163265306,0.125,0.3494711748353737,0.1111111111111111,0.1,0.96,0.5510204081632654,"[[383   9]
 [  7   1]]",None,"[np.float64(3.330447651692556), np.float64(3.329913999619057), np.float64(0.4097915684471603), np.float64(-0.054673071934760425), np.float64(0.009682981249664173), np.float64(-0.0016519261790108395), np.float64(0.00028370005050116354), np.float64(-4.866714446663889e-05), np.float64(8.350199953374872e-06), np.float64(-1.432660807311396e-06), np.float64(2.458059405774242e-07), np.float64(-4.2173625927104024e-08), np.float64(7.235850533016704e-09), np.float64(-1.241475812583654e-09), np.float64(2.130038367455331e-10)]"
0.2,EANR-AdaBoost2_SVM | SMOTE,15,5000,1.5,ERR,ERR,ERR,ERR,ERR,ERR,ERR,"Multi-dimensional indexing (e.g. `obj[:, None]`) is no longer supported. Convert to a numpy array before indexing instead.",None,None
0.2,EANR-AdaBoost2_WSVM | SMOTE,15,5000,1.5,ERR,ERR,ERR,ERR,ERR,ERR,ERR,"Multi-dimensional indexing (e.g. `obj[:, None]`) is no longer supported. Convert to a numpy array before indexing instead.",None,None
0.2,EANR-AdaBoost2_DecisionTree | SMOTE,15,5000,1.5,0.9795918367346939,0.0,0.0,0.0,0.0,0.96,0.4897959183673469,"[[384   8]
 [  8   0]]",None,"[np.float64(3.330447651692556), np.float64(3.329913999619057), np.float64(0.4097915684471603), np.float64(-0.054673071934760425), np.float64(0.009682981249664173), np.float64(-0.0016519261790108395), np.float64(0.00028370005050116354), np.float64(-4.866714446663889e-05), np.float64(8.350199953374872e-06), np.float64(-1.432660807311396e-06), np.float64(2.458059405774242e-07), np.float64(-4.2173625927104024e-08), np.float64(7.235850533016704e-09), np.float64(-1.241475812583654e-09), np.float64(2.130038367455331e-10)]"
0.2,EANR-AdaBoost2_SVM | SMOTE,15,5000,2,ERR,ERR,ERR,ERR,ERR,ERR,ERR,"Multi-dimensional indexing (e.g. `obj[:, None]`) is no longer supported. Convert to a numpy array before indexing instead.",None,None
0.2,EANR-AdaBoost2_WSVM | SMOTE,15,5000,2,ERR,ERR,ERR,ERR,ERR,ERR,ERR,"Multi-dimensional indexing (e.g. `obj[:, None]`) is no longer supported. Convert to a numpy array before indexing instead.",None,None
0.2,EANR-AdaBoost2_DecisionTree | SMOTE,15,5000,2,0.9744897959183674,0.0,0.0,0.0,0.0,0.955,0.4872448979591837,"[[382  10]
 [  8   0]]",None,"[np.float64(3.330447651692556), np.float64(3.329913999619057), np.float64(0.4097915684471603), np.float64(-0.054673071934760425), np.float64(0.009682981249664173), np.float64(-0.0016519261790108395), np.float64(0.00028370005050116354), np.float64(-4.866714446663889e-05), np.float64(8.350199953374872e-06), np.float64(-1.432660807311396e-06), np.float64(2.458059405774242e-07), np.float64(-4.2173625927104024e-08), np.float64(7.235850533016704e-09), np.float64(-1.241475812583654e-09), np.float64(2.130038367455331e-10)]"
0.2,EANR-AdaBoost2_SVM | SMOTE,15,10000,0.3,ERR,ERR,ERR,ERR,ERR,ERR,ERR,"Multi-dimensional indexing (e.g. `obj[:, None]`) is no longer supported. Convert to a numpy array before indexing instead.",None,None
0.2,EANR-AdaBoost2_WSVM | SMOTE,15,10000,0.3,ERR,ERR,ERR,ERR,ERR,ERR,ERR,"Multi-dimensional indexing (e.g. `obj[:, None]`) is no longer supported. Convert to a numpy array before indexing instead.",None,None
0.2,EANR-AdaBoost2_DecisionTree | SMOTE,15,10000,0.3,0.9770408163265306,0.0,0.0,0.0,0.0,0.9575,0.4885204081632653,"[[383   9]
 [  8   0]]",None,"[np.float64(3.330447651692556), np.float64(3.329913999619057), np.float64(0.4097915684471603), np.float64(-0.054673071934760425), np.float64(0.009682981249664173), np.float64(-0.0016519261790108395), np.float64(0.00028370005050116354), np.float64(-4.866714446663889e-05), np.float64(8.350199953374872e-06), np.float64(-1.432660807311396e-06), np.float64(2.458059405774242e-07), np.float64(-4.2173625927104024e-08), np.float64(7.235850533016704e-09), np.float64(-1.241475812583654e-09), np.float64(2.130038367455331e-10)]"
0.2,EANR-AdaBoost2_SVM | SMOTE,15,10000,0.5,ERR,ERR,ERR,ERR,ERR,ERR,ERR,"Multi-dimensional indexing (e.g. `obj[:, None]`) is no longer supported. Convert to a numpy array before indexing instead.",None,None
0.2,EANR-AdaBoost2_WSVM | SMOTE,15,10000,0.5,ERR,ERR,ERR,ERR,ERR,ERR,ERR,"Multi-dimensional indexing (e.g. `obj[:, None]`) is no longer supported. Convert to a numpy array before indexing instead.",None,None
0.2,EANR-AdaBoost2_DecisionTree | SMOTE,15,10000,0.5,0.9795918367346939,0.0,0.0,0.0,0.0,0.96,0.4897959183673469,"[[384   8]
 [  8   0]]",None,"[np.float64(3.330447651692556), np.float64(3.329913999619057), np.float64(0.4097915684471603), np.float64(-0.054673071934760425), np.float64(0.009682981249664173), np.float64(-0.0016519261790108395), np.float64(0.00028370005050116354), np.float64(-4.866714446663889e-05), np.float64(8.350199953374872e-06), np.float64(-1.432660807311396e-06), np.float64(2.458059405774242e-07), np.float64(-4.2173625927104024e-08), np.float64(7.235850533016704e-09), np.float64(-1.241475812583654e-09), np.float64(2.130038367455331e-10)]"
0.2,EANR-AdaBoost2_SVM | SMOTE,15,10000,0.7,ERR,ERR,ERR,ERR,ERR,ERR,ERR,"Multi-dimensional indexing (e.g. `obj[:, None]`) is no longer supported. Convert to a numpy array before indexing instead.",None,None
0.2,EANR-AdaBoost2_WSVM | SMOTE,15,10000,0.7,ERR,ERR,ERR,ERR,ERR,ERR,ERR,"Multi-dimensional indexing (e.g. `obj[:, None]`) is no longer supported. Convert to a numpy array before indexing instead.",None,None
0.2,EANR-AdaBoost2_DecisionTree | SMOTE,15,10000,0.7,0.9821428571428571,0.125,0.35038244411336755,0.125,0.125,0.965,0.5535714285714285,"[[385   7]
 [  7   1]]",None,"[np.float64(3.330447651692556), np.float64(3.329913999619057), np.float64(0.4097915684471603), np.float64(-0.054673071934760425), np.float64(0.009682981249664173), np.float64(-0.0016519261790108395), np.float64(0.00028370005050116354), np.float64(-4.866714446663889e-05), np.float64(8.350199953374872e-06), np.float64(-1.432660807311396e-06), np.float64(2.458059405774242e-07), np.float64(-4.2173625927104024e-08), np.float64(7.235850533016704e-09), np.float64(-1.241475812583654e-09), np.float64(2.130038367455331e-10)]"
0.2,EANR-AdaBoost2_SVM | SMOTE,15,10000,1,ERR,ERR,ERR,ERR,ERR,ERR,ERR,"Multi-dimensional indexing (e.g. `obj[:, None]`) is no longer supported. Convert to a numpy array before indexing instead.",None,None
0.2,EANR-AdaBoost2_WSVM | SMOTE,15,10000,1,ERR,ERR,ERR,ERR,ERR,ERR,ERR,"Multi-dimensional indexing (e.g. `obj[:, None]`) is no longer supported. Convert to a numpy array before indexing instead.",None,None
0.2,EANR-AdaBoost2_DecisionTree | SMOTE,15,10000,1,0.9795918367346939,0.125,0.3499271061118826,0.11764705882352941,0.1111111111111111,0.9625,0.5522959183673469,"[[384   8]
 [  7   1]]",None,"[np.float64(3.330447651692556), np.float64(3.329913999619057), np.float64(0.4097915684471603), np.float64(-0.054673071934760425), np.float64(0.009682981249664173), np.float64(-0.0016519261790108395), np.float64(0.00028370005050116354), np.float64(-4.866714446663889e-05), np.float64(8.350199953374872e-06), np.float64(-1.432660807311396e-06), np.float64(2.458059405774242e-07), np.float64(-4.2173625927104024e-08), np.float64(7.235850533016704e-09), np.float64(-1.241475812583654e-09), np.float64(2.130038367455331e-10)]"
0.2,EANR-AdaBoost2_SVM | SMOTE,15,10000,1.5,ERR,ERR,ERR,ERR,ERR,ERR,ERR,"Multi-dimensional indexing (e.g. `obj[:, None]`) is no longer supported. Convert to a numpy array before indexing instead.",None,None
0.2,EANR-AdaBoost2_WSVM | SMOTE,15,10000,1.5,ERR,ERR,ERR,ERR,ERR,ERR,ERR,"Multi-dimensional indexing (e.g. `obj[:, None]`) is no longer supported. Convert to a numpy array before indexing instead.",None,None
0.2,EANR-AdaBoost2_DecisionTree | SMOTE,15,10000,1.5,0.9744897959183674,0.0,0.0,0.0,0.0,0.955,0.4872448979591837,"[[382  10]
 [  8   0]]",None,"[np.float64(3.330447651692556), np.float64(3.329913999619057), np.float64(0.4097915684471603), np.float64(-0.054673071934760425), np.float64(0.009682981249664173), np.float64(-0.0016519261790108395), np.float64(0.00028370005050116354), np.float64(-4.866714446663889e-05), np.float64(8.350199953374872e-06), np.float64(-1.432660807311396e-06), np.float64(2.458059405774242e-07), np.float64(-4.2173625927104024e-08), np.float64(7.235850533016704e-09), np.float64(-1.241475812583654e-09), np.float64(2.130038367455331e-10)]"
0.2,EANR-AdaBoost2_SVM | SMOTE,15,10000,2,ERR,ERR,ERR,ERR,ERR,ERR,ERR,"Multi-dimensional indexing (e.g. `obj[:, None]`) is no longer supported. Convert to a numpy array before indexing instead.",None,None
0.2,EANR-AdaBoost2_WSVM | SMOTE,15,10000,2,ERR,ERR,ERR,ERR,ERR,ERR,ERR,"Multi-dimensional indexing (e.g. `obj[:, None]`) is no longer supported. Convert to a numpy array before indexing instead.",None,None
0.2,EANR-AdaBoost2_DecisionTree | SMOTE,15,10000,2,0.9744897959183674,0.125,0.34901464795878684,0.10526315789473684,0.09090909090909091,0.9575,0.5497448979591837,"[[382  10]
 [  7   1]]",None,"[np.float64(3.330447651692556), np.float64(3.329913999619057), np.float64(0.4097915684471603), np.float64(-0.054673071934760425), np.float64(0.009682981249664173), np.float64(-0.0016519261790108395), np.float64(0.00028370005050116354), np.float64(-4.866714446663889e-05), np.float64(8.350199953374872e-06), np.float64(-1.432660807311396e-06), np.float64(2.458059405774242e-07), np.float64(-4.2173625927104024e-08), np.float64(7.235850533016704e-09), np.float64(-1.241475812583654e-09), np.float64(2.130038367455331e-10)]"
0.2,EANR-AdaBoost2_SVM | SMOTE,20,10,0.3,ERR,ERR,ERR,ERR,ERR,ERR,ERR,"Multi-dimensional indexing (e.g. `obj[:, None]`) is no longer supported. Convert to a numpy array before indexing instead.",None,None
0.2,EANR-AdaBoost2_WSVM | SMOTE,20,10,0.3,ERR,ERR,ERR,ERR,ERR,ERR,ERR,"Multi-dimensional indexing (e.g. `obj[:, None]`) is no longer supported. Convert to a numpy array before indexing instead.",None,None
0.2,EANR-AdaBoost2_DecisionTree | SMOTE,20,10,0.3,0.9795918367346939,0.125,0.3499271061118826,0.11764705882352941,0.1111111111111111,0.9625,0.5522959183673469,"[[384   8]
 [  7   1]]",None,"[np.float64(3.330447651692556), np.float64(3.329913999619057), np.float64(0.4097915684471603), np.float64(-0.054673071934760425), np.float64(0.009682981249664173), np.float64(-0.0016519261790108395), np.float64(0.00028370005050116354), np.float64(-4.866714446663889e-05), np.float64(8.350199953374872e-06), np.float64(-1.432660807311396e-06), np.float64(2.458059405774242e-07), np.float64(-4.2173625927104024e-08), np.float64(7.235850533016704e-09), np.float64(-1.241475812583654e-09), np.float64(2.130038367455331e-10), np.float64(-3.654587743673665e-11), np.float64(6.270539643043565e-12), np.float64(-1.0760281554678595e-12), np.float64(1.8474111129759192e-13), np.float64(-3.1752378504280487e-14)]"
0.2,EANR-AdaBoost2_SVM | SMOTE,20,10,0.5,ERR,ERR,ERR,ERR,ERR,ERR,ERR,"Multi-dimensional indexing (e.g. `obj[:, None]`) is no longer supported. Convert to a numpy array before indexing instead.",None,None
0.2,EANR-AdaBoost2_WSVM | SMOTE,20,10,0.5,ERR,ERR,ERR,ERR,ERR,ERR,ERR,"Multi-dimensional indexing (e.g. `obj[:, None]`) is no longer supported. Convert to a numpy array before indexing instead.",None,None
0.2,EANR-AdaBoost2_DecisionTree | SMOTE,20,10,0.5,0.9770408163265306,0.0,0.0,0.0,0.0,0.9575,0.4885204081632653,"[[383   9]
 [  8   0]]",None,"[np.float64(3.330447651692556), np.float64(3.329913999619057), np.float64(0.4097915684471603), np.float64(-0.054673071934760425), np.float64(0.009682981249664173), np.float64(-0.0016519261790108395), np.float64(0.00028370005050116354), np.float64(-4.866714446663889e-05), np.float64(8.350199953374872e-06), np.float64(-1.432660807311396e-06), np.float64(2.458059405774242e-07), np.float64(-4.2173625927104024e-08), np.float64(7.235850533016704e-09), np.float64(-1.241475812583654e-09), np.float64(2.130038367455331e-10), np.float64(-3.654587743673665e-11), np.float64(6.270539643043565e-12), np.float64(-1.0760281554678595e-12), np.float64(1.8474111129759192e-13), np.float64(-3.1752378504280487e-14)]"
0.2,EANR-AdaBoost2_SVM | SMOTE,20,10,0.7,ERR,ERR,ERR,ERR,ERR,ERR,ERR,"Multi-dimensional indexing (e.g. `obj[:, None]`) is no longer supported. Convert to a numpy array before indexing instead.",None,None
0.2,EANR-AdaBoost2_WSVM | SMOTE,20,10,0.7,ERR,ERR,ERR,ERR,ERR,ERR,ERR,"Multi-dimensional indexing (e.g. `obj[:, None]`) is no longer supported. Convert to a numpy array before indexing instead.",None,None
0.2,EANR-AdaBoost2_DecisionTree | SMOTE,20,10,0.7,0.9770408163265306,0.0,0.0,0.0,0.0,0.9575,0.4885204081632653,"[[383   9]
 [  8   0]]",None,"[np.float64(3.330447651692556), np.float64(3.329913999619057), np.float64(0.4097915684471603), np.float64(-0.054673071934760425), np.float64(0.009682981249664173), np.float64(-0.0016519261790108395), np.float64(0.00028370005050116354), np.float64(-4.866714446663889e-05), np.float64(8.350199953374872e-06), np.float64(-1.432660807311396e-06), np.float64(2.458059405774242e-07), np.float64(-4.2173625927104024e-08), np.float64(7.235850533016704e-09), np.float64(-1.241475812583654e-09), np.float64(2.130038367455331e-10), np.float64(-3.654587743673665e-11), np.float64(6.270539643043565e-12), np.float64(-1.0760281554678595e-12), np.float64(1.8474111129759192e-13), np.float64(-3.1752378504280487e-14)]"
0.2,EANR-AdaBoost2_SVM | SMOTE,20,10,1,ERR,ERR,ERR,ERR,ERR,ERR,ERR,"Multi-dimensional indexing (e.g. `obj[:, None]`) is no longer supported. Convert to a numpy array before indexing instead.",None,None
0.2,EANR-AdaBoost2_WSVM | SMOTE,20,10,1,ERR,ERR,ERR,ERR,ERR,ERR,ERR,"Multi-dimensional indexing (e.g. `obj[:, None]`) is no longer supported. Convert to a numpy array before indexing instead.",None,None
0.2,EANR-AdaBoost2_DecisionTree | SMOTE,20,10,1,0.9693877551020408,0.0,0.0,0.0,0.0,0.95,0.4846938775510204,"[[380  12]
 [  8   0]]",None,"[np.float64(3.330447651692556), np.float64(3.329913999619057), np.float64(0.4097915684471603), np.float64(-0.054673071934760425), np.float64(0.009682981249664173), np.float64(-0.0016519261790108395), np.float64(0.00028370005050116354), np.float64(-4.866714446663889e-05), np.float64(8.350199953374872e-06), np.float64(-1.432660807311396e-06), np.float64(2.458059405774242e-07), np.float64(-4.2173625927104024e-08), np.float64(7.235850533016704e-09), np.float64(-1.241475812583654e-09), np.float64(2.130038367455331e-10), np.float64(-3.654587743673665e-11), np.float64(6.270539643043565e-12), np.float64(-1.0760281554678595e-12), np.float64(1.8474111129759192e-13), np.float64(-3.1752378504280487e-14)]"
0.2,EANR-AdaBoost2_SVM | SMOTE,20,10,1.5,ERR,ERR,ERR,ERR,ERR,ERR,ERR,"Multi-dimensional indexing (e.g. `obj[:, None]`) is no longer supported. Convert to a numpy array before indexing instead.",None,None
0.2,EANR-AdaBoost2_WSVM | SMOTE,20,10,1.5,ERR,ERR,ERR,ERR,ERR,ERR,ERR,"Multi-dimensional indexing (e.g. `obj[:, None]`) is no longer supported. Convert to a numpy array before indexing instead.",None,None
0.2,EANR-AdaBoost2_DecisionTree | SMOTE,20,10,1.5,0.9770408163265306,0.0,0.0,0.0,0.0,0.9575,0.4885204081632653,"[[383   9]
 [  8   0]]",None,"[np.float64(3.330447651692556), np.float64(3.329913999619057), np.float64(0.4097915684471603), np.float64(-0.054673071934760425), np.float64(0.009682981249664173), np.float64(-0.0016519261790108395), np.float64(0.00028370005050116354), np.float64(-4.866714446663889e-05), np.float64(8.350199953374872e-06), np.float64(-1.432660807311396e-06), np.float64(2.458059405774242e-07), np.float64(-4.2173625927104024e-08), np.float64(7.235850533016704e-09), np.float64(-1.241475812583654e-09), np.float64(2.130038367455331e-10), np.float64(-3.654587743673665e-11), np.float64(6.270539643043565e-12), np.float64(-1.0760281554678595e-12), np.float64(1.8474111129759192e-13), np.float64(-3.1752378504280487e-14)]"
0.2,EANR-AdaBoost2_SVM | SMOTE,20,10,2,ERR,ERR,ERR,ERR,ERR,ERR,ERR,"Multi-dimensional indexing (e.g. `obj[:, None]`) is no longer supported. Convert to a numpy array before indexing instead.",None,None
0.2,EANR-AdaBoost2_WSVM | SMOTE,20,10,2,ERR,ERR,ERR,ERR,ERR,ERR,ERR,"Multi-dimensional indexing (e.g. `obj[:, None]`) is no longer supported. Convert to a numpy array before indexing instead.",None,None
0.2,EANR-AdaBoost2_DecisionTree | SMOTE,20,10,2,0.9770408163265306,0.0,0.0,0.0,0.0,0.9575,0.4885204081632653,"[[383   9]
 [  8   0]]",None,"[np.float64(3.330447651692556), np.float64(3.329913999619057), np.float64(0.4097915684471603), np.float64(-0.054673071934760425), np.float64(0.009682981249664173), np.float64(-0.0016519261790108395), np.float64(0.00028370005050116354), np.float64(-4.866714446663889e-05), np.float64(8.350199953374872e-06), np.float64(-1.432660807311396e-06), np.float64(2.458059405774242e-07), np.float64(-4.2173625927104024e-08), np.float64(7.235850533016704e-09), np.float64(-1.241475812583654e-09), np.float64(2.130038367455331e-10), np.float64(-3.654587743673665e-11), np.float64(6.270539643043565e-12), np.float64(-1.0760281554678595e-12), np.float64(1.8474111129759192e-13), np.float64(-3.1752378504280487e-14)]"
0.2,EANR-AdaBoost2_SVM | SMOTE,20,100,0.3,ERR,ERR,ERR,ERR,ERR,ERR,ERR,"Multi-dimensional indexing (e.g. `obj[:, None]`) is no longer supported. Convert to a numpy array before indexing instead.",None,None
0.2,EANR-AdaBoost2_WSVM | SMOTE,20,100,0.3,ERR,ERR,ERR,ERR,ERR,ERR,ERR,"Multi-dimensional indexing (e.g. `obj[:, None]`) is no longer supported. Convert to a numpy array before indexing instead.",None,None
0.2,EANR-AdaBoost2_DecisionTree | SMOTE,20,100,0.3,0.9744897959183674,0.0,0.0,0.0,0.0,0.955,0.4872448979591837,"[[382  10]
 [  8   0]]",None,"[np.float64(3.330447651692556), np.float64(3.329913999619057), np.float64(0.4097915684471603), np.float64(-0.054673071934760425), np.float64(0.009682981249664173), np.float64(-0.0016519261790108395), np.float64(0.00028370005050116354), np.float64(-4.866714446663889e-05), np.float64(8.350199953374872e-06), np.float64(-1.432660807311396e-06), np.float64(2.458059405774242e-07), np.float64(-4.2173625927104024e-08), np.float64(7.235850533016704e-09), np.float64(-1.241475812583654e-09), np.float64(2.130038367455331e-10), np.float64(-3.654587743673665e-11), np.float64(6.270539643043565e-12), np.float64(-1.0760281554678595e-12), np.float64(1.8474111129759192e-13), np.float64(-3.1752378504280487e-14)]"
0.2,EANR-AdaBoost2_SVM | SMOTE,20,100,0.5,ERR,ERR,ERR,ERR,ERR,ERR,ERR,"Multi-dimensional indexing (e.g. `obj[:, None]`) is no longer supported. Convert to a numpy array before indexing instead.",None,None
0.2,EANR-AdaBoost2_WSVM | SMOTE,20,100,0.5,ERR,ERR,ERR,ERR,ERR,ERR,ERR,"Multi-dimensional indexing (e.g. `obj[:, None]`) is no longer supported. Convert to a numpy array before indexing instead.",None,None
0.2,EANR-AdaBoost2_DecisionTree | SMOTE,20,100,0.5,0.9744897959183674,0.125,0.34901464795878684,0.10526315789473684,0.09090909090909091,0.9575,0.5497448979591837,"[[382  10]
 [  7   1]]",None,"[np.float64(3.330447651692556), np.float64(3.329913999619057), np.float64(0.4097915684471603), np.float64(-0.054673071934760425), np.float64(0.009682981249664173), np.float64(-0.0016519261790108395), np.float64(0.00028370005050116354), np.float64(-4.866714446663889e-05), np.float64(8.350199953374872e-06), np.float64(-1.432660807311396e-06), np.float64(2.458059405774242e-07), np.float64(-4.2173625927104024e-08), np.float64(7.235850533016704e-09), np.float64(-1.241475812583654e-09), np.float64(2.130038367455331e-10), np.float64(-3.654587743673665e-11), np.float64(6.270539643043565e-12), np.float64(-1.0760281554678595e-12), np.float64(1.8474111129759192e-13), np.float64(-3.1752378504280487e-14)]"
0.2,EANR-AdaBoost2_SVM | SMOTE,20,100,0.7,ERR,ERR,ERR,ERR,ERR,ERR,ERR,"Multi-dimensional indexing (e.g. `obj[:, None]`) is no longer supported. Convert to a numpy array before indexing instead.",None,None
0.2,EANR-AdaBoost2_WSVM | SMOTE,20,100,0.7,ERR,ERR,ERR,ERR,ERR,ERR,ERR,"Multi-dimensional indexing (e.g. `obj[:, None]`) is no longer supported. Convert to a numpy array before indexing instead.",None,None
0.2,EANR-AdaBoost2_DecisionTree | SMOTE,20,100,0.7,0.9744897959183674,0.0,0.0,0.0,0.0,0.955,0.4872448979591837,"[[382  10]
 [  8   0]]",None,"[np.float64(3.330447651692556), np.float64(3.329913999619057), np.float64(0.4097915684471603), np.float64(-0.054673071934760425), np.float64(0.009682981249664173), np.float64(-0.0016519261790108395), np.float64(0.00028370005050116354), np.float64(-4.866714446663889e-05), np.float64(8.350199953374872e-06), np.float64(-1.432660807311396e-06), np.float64(2.458059405774242e-07), np.float64(-4.2173625927104024e-08), np.float64(7.235850533016704e-09), np.float64(-1.241475812583654e-09), np.float64(2.130038367455331e-10), np.float64(-3.654587743673665e-11), np.float64(6.270539643043565e-12), np.float64(-1.0760281554678595e-12), np.float64(1.8474111129759192e-13), np.float64(-3.1752378504280487e-14)]"
0.2,EANR-AdaBoost2_SVM | SMOTE,20,100,1,ERR,ERR,ERR,ERR,ERR,ERR,ERR,"Multi-dimensional indexing (e.g. `obj[:, None]`) is no longer supported. Convert to a numpy array before indexing instead.",None,None
0.2,EANR-AdaBoost2_WSVM | SMOTE,20,100,1,ERR,ERR,ERR,ERR,ERR,ERR,ERR,"Multi-dimensional indexing (e.g. `obj[:, None]`) is no longer supported. Convert to a numpy array before indexing instead.",None,None
0.2,EANR-AdaBoost2_DecisionTree | SMOTE,20,100,1,0.9744897959183674,0.0,0.0,0.0,0.0,0.955,0.4872448979591837,"[[382  10]
 [  8   0]]",None,"[np.float64(3.330447651692556), np.float64(3.329913999619057), np.float64(0.4097915684471603), np.float64(-0.054673071934760425), np.float64(0.009682981249664173), np.float64(-0.0016519261790108395), np.float64(0.00028370005050116354), np.float64(-4.866714446663889e-05), np.float64(8.350199953374872e-06), np.float64(-1.432660807311396e-06), np.float64(2.458059405774242e-07), np.float64(-4.2173625927104024e-08), np.float64(7.235850533016704e-09), np.float64(-1.241475812583654e-09), np.float64(2.130038367455331e-10), np.float64(-3.654587743673665e-11), np.float64(6.270539643043565e-12), np.float64(-1.0760281554678595e-12), np.float64(1.8474111129759192e-13), np.float64(-3.1752378504280487e-14)]"
0.2,EANR-AdaBoost2_SVM | SMOTE,20,100,1.5,ERR,ERR,ERR,ERR,ERR,ERR,ERR,"Multi-dimensional indexing (e.g. `obj[:, None]`) is no longer supported. Convert to a numpy array before indexing instead.",None,None
0.2,EANR-AdaBoost2_WSVM | SMOTE,20,100,1.5,ERR,ERR,ERR,ERR,ERR,ERR,ERR,"Multi-dimensional indexing (e.g. `obj[:, None]`) is no longer supported. Convert to a numpy array before indexing instead.",None,None
0.2,EANR-AdaBoost2_DecisionTree | SMOTE,20,100,1.5,0.9744897959183674,0.0,0.0,0.0,0.0,0.955,0.4872448979591837,"[[382  10]
 [  8   0]]",None,"[np.float64(3.330447651692556), np.float64(3.329913999619057), np.float64(0.4097915684471603), np.float64(-0.054673071934760425), np.float64(0.009682981249664173), np.float64(-0.0016519261790108395), np.float64(0.00028370005050116354), np.float64(-4.866714446663889e-05), np.float64(8.350199953374872e-06), np.float64(-1.432660807311396e-06), np.float64(2.458059405774242e-07), np.float64(-4.2173625927104024e-08), np.float64(7.235850533016704e-09), np.float64(-1.241475812583654e-09), np.float64(2.130038367455331e-10), np.float64(-3.654587743673665e-11), np.float64(6.270539643043565e-12), np.float64(-1.0760281554678595e-12), np.float64(1.8474111129759192e-13), np.float64(-3.1752378504280487e-14)]"
0.2,EANR-AdaBoost2_SVM | SMOTE,20,100,2,ERR,ERR,ERR,ERR,ERR,ERR,ERR,"Multi-dimensional indexing (e.g. `obj[:, None]`) is no longer supported. Convert to a numpy array before indexing instead.",None,None
0.2,EANR-AdaBoost2_WSVM | SMOTE,20,100,2,ERR,ERR,ERR,ERR,ERR,ERR,ERR,"Multi-dimensional indexing (e.g. `obj[:, None]`) is no longer supported. Convert to a numpy array before indexing instead.",None,None
0.2,EANR-AdaBoost2_DecisionTree | SMOTE,20,100,2,0.9770408163265306,0.0,0.0,0.0,0.0,0.9575,0.4885204081632653,"[[383   9]
 [  8   0]]",None,"[np.float64(3.330447651692556), np.float64(3.329913999619057), np.float64(0.4097915684471603), np.float64(-0.054673071934760425), np.float64(0.009682981249664173), np.float64(-0.0016519261790108395), np.float64(0.00028370005050116354), np.float64(-4.866714446663889e-05), np.float64(8.350199953374872e-06), np.float64(-1.432660807311396e-06), np.float64(2.458059405774242e-07), np.float64(-4.2173625927104024e-08), np.float64(7.235850533016704e-09), np.float64(-1.241475812583654e-09), np.float64(2.130038367455331e-10), np.float64(-3.654587743673665e-11), np.float64(6.270539643043565e-12), np.float64(-1.0760281554678595e-12), np.float64(1.8474111129759192e-13), np.float64(-3.1752378504280487e-14)]"
0.2,EANR-AdaBoost2_SVM | SMOTE,20,1000,0.3,ERR,ERR,ERR,ERR,ERR,ERR,ERR,"Multi-dimensional indexing (e.g. `obj[:, None]`) is no longer supported. Convert to a numpy array before indexing instead.",None,None
0.2,EANR-AdaBoost2_WSVM | SMOTE,20,1000,0.3,ERR,ERR,ERR,ERR,ERR,ERR,ERR,"Multi-dimensional indexing (e.g. `obj[:, None]`) is no longer supported. Convert to a numpy array before indexing instead.",None,None
0.2,EANR-AdaBoost2_DecisionTree | SMOTE,20,1000,0.3,0.9770408163265306,0.125,0.3494711748353737,0.1111111111111111,0.1,0.96,0.5510204081632654,"[[383   9]
 [  7   1]]",None,"[np.float64(3.330447651692556), np.float64(3.329913999619057), np.float64(0.4097915684471603), np.float64(-0.054673071934760425), np.float64(0.009682981249664173), np.float64(-0.0016519261790108395), np.float64(0.00028370005050116354), np.float64(-4.866714446663889e-05), np.float64(8.350199953374872e-06), np.float64(-1.432660807311396e-06), np.float64(2.458059405774242e-07), np.float64(-4.2173625927104024e-08), np.float64(7.235850533016704e-09), np.float64(-1.241475812583654e-09), np.float64(2.130038367455331e-10), np.float64(-3.654587743673665e-11), np.float64(6.270539643043565e-12), np.float64(-1.0760281554678595e-12), np.float64(1.8474111129759192e-13), np.float64(-3.1752378504280487e-14)]"
0.2,EANR-AdaBoost2_SVM | SMOTE,20,1000,0.5,ERR,ERR,ERR,ERR,ERR,ERR,ERR,"Multi-dimensional indexing (e.g. `obj[:, None]`) is no longer supported. Convert to a numpy array before indexing instead.",None,None
0.2,EANR-AdaBoost2_WSVM | SMOTE,20,1000,0.5,ERR,ERR,ERR,ERR,ERR,ERR,ERR,"Multi-dimensional indexing (e.g. `obj[:, None]`) is no longer supported. Convert to a numpy array before indexing instead.",None,None
0.2,EANR-AdaBoost2_DecisionTree | SMOTE,20,1000,0.5,0.9693877551020408,0.0,0.0,0.0,0.0,0.95,0.4846938775510204,"[[380  12]
 [  8   0]]",None,"[np.float64(3.330447651692556), np.float64(3.329913999619057), np.float64(0.4097915684471603), np.float64(-0.054673071934760425), np.float64(0.009682981249664173), np.float64(-0.0016519261790108395), np.float64(0.00028370005050116354), np.float64(-4.866714446663889e-05), np.float64(8.350199953374872e-06), np.float64(-1.432660807311396e-06), np.float64(2.458059405774242e-07), np.float64(-4.2173625927104024e-08), np.float64(7.235850533016704e-09), np.float64(-1.241475812583654e-09), np.float64(2.130038367455331e-10), np.float64(-3.654587743673665e-11), np.float64(6.270539643043565e-12), np.float64(-1.0760281554678595e-12), np.float64(1.8474111129759192e-13), np.float64(-3.1752378504280487e-14)]"
0.2,EANR-AdaBoost2_SVM | SMOTE,20,1000,0.7,ERR,ERR,ERR,ERR,ERR,ERR,ERR,"Multi-dimensional indexing (e.g. `obj[:, None]`) is no longer supported. Convert to a numpy array before indexing instead.",None,None
0.2,EANR-AdaBoost2_WSVM | SMOTE,20,1000,0.7,ERR,ERR,ERR,ERR,ERR,ERR,ERR,"Multi-dimensional indexing (e.g. `obj[:, None]`) is no longer supported. Convert to a numpy array before indexing instead.",None,None
0.2,EANR-AdaBoost2_DecisionTree | SMOTE,20,1000,0.7,0.9795918367346939,0.125,0.3499271061118826,0.11764705882352941,0.1111111111111111,0.9625,0.5522959183673469,"[[384   8]
 [  7   1]]",None,"[np.float64(3.330447651692556), np.float64(3.329913999619057), np.float64(0.4097915684471603), np.float64(-0.054673071934760425), np.float64(0.009682981249664173), np.float64(-0.0016519261790108395), np.float64(0.00028370005050116354), np.float64(-4.866714446663889e-05), np.float64(8.350199953374872e-06), np.float64(-1.432660807311396e-06), np.float64(2.458059405774242e-07), np.float64(-4.2173625927104024e-08), np.float64(7.235850533016704e-09), np.float64(-1.241475812583654e-09), np.float64(2.130038367455331e-10), np.float64(-3.654587743673665e-11), np.float64(6.270539643043565e-12), np.float64(-1.0760281554678595e-12), np.float64(1.8474111129759192e-13), np.float64(-3.1752378504280487e-14)]"
0.2,EANR-AdaBoost2_SVM | SMOTE,20,1000,1,ERR,ERR,ERR,ERR,ERR,ERR,ERR,"Multi-dimensional indexing (e.g. `obj[:, None]`) is no longer supported. Convert to a numpy array before indexing instead.",None,None
0.2,EANR-AdaBoost2_WSVM | SMOTE,20,1000,1,ERR,ERR,ERR,ERR,ERR,ERR,ERR,"Multi-dimensional indexing (e.g. `obj[:, None]`) is no longer supported. Convert to a numpy array before indexing instead.",None,None
0.2,EANR-AdaBoost2_DecisionTree | SMOTE,20,1000,1,0.9795918367346939,0.0,0.0,0.0,0.0,0.96,0.4897959183673469,"[[384   8]
 [  8   0]]",None,"[np.float64(3.330447651692556), np.float64(3.329913999619057), np.float64(0.4097915684471603), np.float64(-0.054673071934760425), np.float64(0.009682981249664173), np.float64(-0.0016519261790108395), np.float64(0.00028370005050116354), np.float64(-4.866714446663889e-05), np.float64(8.350199953374872e-06), np.float64(-1.432660807311396e-06), np.float64(2.458059405774242e-07), np.float64(-4.2173625927104024e-08), np.float64(7.235850533016704e-09), np.float64(-1.241475812583654e-09), np.float64(2.130038367455331e-10), np.float64(-3.654587743673665e-11), np.float64(6.270539643043565e-12), np.float64(-1.0760281554678595e-12), np.float64(1.8474111129759192e-13), np.float64(-3.1752378504280487e-14)]"
0.2,EANR-AdaBoost2_SVM | SMOTE,20,1000,1.5,ERR,ERR,ERR,ERR,ERR,ERR,ERR,"Multi-dimensional indexing (e.g. `obj[:, None]`) is no longer supported. Convert to a numpy array before indexing instead.",None,None
0.2,EANR-AdaBoost2_WSVM | SMOTE,20,1000,1.5,ERR,ERR,ERR,ERR,ERR,ERR,ERR,"Multi-dimensional indexing (e.g. `obj[:, None]`) is no longer supported. Convert to a numpy array before indexing instead.",None,None
0.2,EANR-AdaBoost2_DecisionTree | SMOTE,20,1000,1.5,0.9719387755102041,0.0,0.0,0.0,0.0,0.9525,0.48596938775510207,"[[381  11]
 [  8   0]]",None,"[np.float64(3.330447651692556), np.float64(3.329913999619057), np.float64(0.4097915684471603), np.float64(-0.054673071934760425), np.float64(0.009682981249664173), np.float64(-0.0016519261790108395), np.float64(0.00028370005050116354), np.float64(-4.866714446663889e-05), np.float64(8.350199953374872e-06), np.float64(-1.432660807311396e-06), np.float64(2.458059405774242e-07), np.float64(-4.2173625927104024e-08), np.float64(7.235850533016704e-09), np.float64(-1.241475812583654e-09), np.float64(2.130038367455331e-10), np.float64(-3.654587743673665e-11), np.float64(6.270539643043565e-12), np.float64(-1.0760281554678595e-12), np.float64(1.8474111129759192e-13), np.float64(-3.1752378504280487e-14)]"
0.2,EANR-AdaBoost2_SVM | SMOTE,20,1000,2,ERR,ERR,ERR,ERR,ERR,ERR,ERR,"Multi-dimensional indexing (e.g. `obj[:, None]`) is no longer supported. Convert to a numpy array before indexing instead.",None,None
0.2,EANR-AdaBoost2_WSVM | SMOTE,20,1000,2,ERR,ERR,ERR,ERR,ERR,ERR,ERR,"Multi-dimensional indexing (e.g. `obj[:, None]`) is no longer supported. Convert to a numpy array before indexing instead.",None,None
0.2,EANR-AdaBoost2_DecisionTree | SMOTE,20,1000,2,0.9770408163265306,0.0,0.0,0.0,0.0,0.9575,0.4885204081632653,"[[383   9]
 [  8   0]]",None,"[np.float64(3.330447651692556), np.float64(3.329913999619057), np.float64(0.4097915684471603), np.float64(-0.054673071934760425), np.float64(0.009682981249664173), np.float64(-0.0016519261790108395), np.float64(0.00028370005050116354), np.float64(-4.866714446663889e-05), np.float64(8.350199953374872e-06), np.float64(-1.432660807311396e-06), np.float64(2.458059405774242e-07), np.float64(-4.2173625927104024e-08), np.float64(7.235850533016704e-09), np.float64(-1.241475812583654e-09), np.float64(2.130038367455331e-10), np.float64(-3.654587743673665e-11), np.float64(6.270539643043565e-12), np.float64(-1.0760281554678595e-12), np.float64(1.8474111129759192e-13), np.float64(-3.1752378504280487e-14)]"
0.2,EANR-AdaBoost2_SVM | SMOTE,20,5000,0.3,ERR,ERR,ERR,ERR,ERR,ERR,ERR,"Multi-dimensional indexing (e.g. `obj[:, None]`) is no longer supported. Convert to a numpy array before indexing instead.",None,None
0.2,EANR-AdaBoost2_WSVM | SMOTE,20,5000,0.3,ERR,ERR,ERR,ERR,ERR,ERR,ERR,"Multi-dimensional indexing (e.g. `obj[:, None]`) is no longer supported. Convert to a numpy array before indexing instead.",None,None
0.2,EANR-AdaBoost2_DecisionTree | SMOTE,20,5000,0.3,0.9770408163265306,0.0,0.0,0.0,0.0,0.9575,0.4885204081632653,"[[383   9]
 [  8   0]]",None,"[np.float64(3.330447651692556), np.float64(3.329913999619057), np.float64(0.4097915684471603), np.float64(-0.054673071934760425), np.float64(0.009682981249664173), np.float64(-0.0016519261790108395), np.float64(0.00028370005050116354), np.float64(-4.866714446663889e-05), np.float64(8.350199953374872e-06), np.float64(-1.432660807311396e-06), np.float64(2.458059405774242e-07), np.float64(-4.2173625927104024e-08), np.float64(7.235850533016704e-09), np.float64(-1.241475812583654e-09), np.float64(2.130038367455331e-10), np.float64(-3.654587743673665e-11), np.float64(6.270539643043565e-12), np.float64(-1.0760281554678595e-12), np.float64(1.8474111129759192e-13), np.float64(-3.1752378504280487e-14)]"
0.2,EANR-AdaBoost2_SVM | SMOTE,20,5000,0.5,ERR,ERR,ERR,ERR,ERR,ERR,ERR,"Multi-dimensional indexing (e.g. `obj[:, None]`) is no longer supported. Convert to a numpy array before indexing instead.",None,None
0.2,EANR-AdaBoost2_WSVM | SMOTE,20,5000,0.5,ERR,ERR,ERR,ERR,ERR,ERR,ERR,"Multi-dimensional indexing (e.g. `obj[:, None]`) is no longer supported. Convert to a numpy array before indexing instead.",None,None
0.2,EANR-AdaBoost2_DecisionTree | SMOTE,20,5000,0.5,0.9770408163265306,0.0,0.0,0.0,0.0,0.9575,0.4885204081632653,"[[383   9]
 [  8   0]]",None,"[np.float64(3.330447651692556), np.float64(3.329913999619057), np.float64(0.4097915684471603), np.float64(-0.054673071934760425), np.float64(0.009682981249664173), np.float64(-0.0016519261790108395), np.float64(0.00028370005050116354), np.float64(-4.866714446663889e-05), np.float64(8.350199953374872e-06), np.float64(-1.432660807311396e-06), np.float64(2.458059405774242e-07), np.float64(-4.2173625927104024e-08), np.float64(7.235850533016704e-09), np.float64(-1.241475812583654e-09), np.float64(2.130038367455331e-10), np.float64(-3.654587743673665e-11), np.float64(6.270539643043565e-12), np.float64(-1.0760281554678595e-12), np.float64(1.8474111129759192e-13), np.float64(-3.1752378504280487e-14)]"
0.2,EANR-AdaBoost2_SVM | SMOTE,20,5000,0.7,ERR,ERR,ERR,ERR,ERR,ERR,ERR,"Multi-dimensional indexing (e.g. `obj[:, None]`) is no longer supported. Convert to a numpy array before indexing instead.",None,None
0.2,EANR-AdaBoost2_WSVM | SMOTE,20,5000,0.7,ERR,ERR,ERR,ERR,ERR,ERR,ERR,"Multi-dimensional indexing (e.g. `obj[:, None]`) is no longer supported. Convert to a numpy array before indexing instead.",None,None
0.2,EANR-AdaBoost2_DecisionTree | SMOTE,20,5000,0.7,0.9770408163265306,0.0,0.0,0.0,0.0,0.9575,0.4885204081632653,"[[383   9]
 [  8   0]]",None,"[np.float64(3.330447651692556), np.float64(3.329913999619057), np.float64(0.4097915684471603), np.float64(-0.054673071934760425), np.float64(0.009682981249664173), np.float64(-0.0016519261790108395), np.float64(0.00028370005050116354), np.float64(-4.866714446663889e-05), np.float64(8.350199953374872e-06), np.float64(-1.432660807311396e-06), np.float64(2.458059405774242e-07), np.float64(-4.2173625927104024e-08), np.float64(7.235850533016704e-09), np.float64(-1.241475812583654e-09), np.float64(2.130038367455331e-10), np.float64(-3.654587743673665e-11), np.float64(6.270539643043565e-12), np.float64(-1.0760281554678595e-12), np.float64(1.8474111129759192e-13), np.float64(-3.1752378504280487e-14)]"
0.2,EANR-AdaBoost2_SVM | SMOTE,20,5000,1,ERR,ERR,ERR,ERR,ERR,ERR,ERR,"Multi-dimensional indexing (e.g. `obj[:, None]`) is no longer supported. Convert to a numpy array before indexing instead.",None,None
0.2,EANR-AdaBoost2_WSVM | SMOTE,20,5000,1,ERR,ERR,ERR,ERR,ERR,ERR,ERR,"Multi-dimensional indexing (e.g. `obj[:, None]`) is no longer supported. Convert to a numpy array before indexing instead.",None,None
0.2,EANR-AdaBoost2_DecisionTree | SMOTE,20,5000,1,0.9770408163265306,0.0,0.0,0.0,0.0,0.9575,0.4885204081632653,"[[383   9]
 [  8   0]]",None,"[np.float64(3.330447651692556), np.float64(3.329913999619057), np.float64(0.4097915684471603), np.float64(-0.054673071934760425), np.float64(0.009682981249664173), np.float64(-0.0016519261790108395), np.float64(0.00028370005050116354), np.float64(-4.866714446663889e-05), np.float64(8.350199953374872e-06), np.float64(-1.432660807311396e-06), np.float64(2.458059405774242e-07), np.float64(-4.2173625927104024e-08), np.float64(7.235850533016704e-09), np.float64(-1.241475812583654e-09), np.float64(2.130038367455331e-10), np.float64(-3.654587743673665e-11), np.float64(6.270539643043565e-12), np.float64(-1.0760281554678595e-12), np.float64(1.8474111129759192e-13), np.float64(-3.1752378504280487e-14)]"
0.2,EANR-AdaBoost2_SVM | SMOTE,20,5000,1.5,ERR,ERR,ERR,ERR,ERR,ERR,ERR,"Multi-dimensional indexing (e.g. `obj[:, None]`) is no longer supported. Convert to a numpy array before indexing instead.",None,None
0.2,EANR-AdaBoost2_WSVM | SMOTE,20,5000,1.5,ERR,ERR,ERR,ERR,ERR,ERR,ERR,"Multi-dimensional indexing (e.g. `obj[:, None]`) is no longer supported. Convert to a numpy array before indexing instead.",None,None
0.2,EANR-AdaBoost2_DecisionTree | SMOTE,20,5000,1.5,0.9770408163265306,0.0,0.0,0.0,0.0,0.9575,0.4885204081632653,"[[383   9]
 [  8   0]]",None,"[np.float64(3.330447651692556), np.float64(3.329913999619057), np.float64(0.4097915684471603), np.float64(-0.054673071934760425), np.float64(0.009682981249664173), np.float64(-0.0016519261790108395), np.float64(0.00028370005050116354), np.float64(-4.866714446663889e-05), np.float64(8.350199953374872e-06), np.float64(-1.432660807311396e-06), np.float64(2.458059405774242e-07), np.float64(-4.2173625927104024e-08), np.float64(7.235850533016704e-09), np.float64(-1.241475812583654e-09), np.float64(2.130038367455331e-10), np.float64(-3.654587743673665e-11), np.float64(6.270539643043565e-12), np.float64(-1.0760281554678595e-12), np.float64(1.8474111129759192e-13), np.float64(-3.1752378504280487e-14)]"
0.2,EANR-AdaBoost2_SVM | SMOTE,20,5000,2,ERR,ERR,ERR,ERR,ERR,ERR,ERR,"Multi-dimensional indexing (e.g. `obj[:, None]`) is no longer supported. Convert to a numpy array before indexing instead.",None,None
0.2,EANR-AdaBoost2_WSVM | SMOTE,20,5000,2,ERR,ERR,ERR,ERR,ERR,ERR,ERR,"Multi-dimensional indexing (e.g. `obj[:, None]`) is no longer supported. Convert to a numpy array before indexing instead.",None,None
0.2,EANR-AdaBoost2_DecisionTree | SMOTE,20,5000,2,0.9744897959183674,0.0,0.0,0.0,0.0,0.955,0.4872448979591837,"[[382  10]
 [  8   0]]",None,"[np.float64(3.330447651692556), np.float64(3.329913999619057), np.float64(0.4097915684471603), np.float64(-0.054673071934760425), np.float64(0.009682981249664173), np.float64(-0.0016519261790108395), np.float64(0.00028370005050116354), np.float64(-4.866714446663889e-05), np.float64(8.350199953374872e-06), np.float64(-1.432660807311396e-06), np.float64(2.458059405774242e-07), np.float64(-4.2173625927104024e-08), np.float64(7.235850533016704e-09), np.float64(-1.241475812583654e-09), np.float64(2.130038367455331e-10), np.float64(-3.654587743673665e-11), np.float64(6.270539643043565e-12), np.float64(-1.0760281554678595e-12), np.float64(1.8474111129759192e-13), np.float64(-3.1752378504280487e-14)]"
0.2,EANR-AdaBoost2_SVM | SMOTE,20,10000,0.3,ERR,ERR,ERR,ERR,ERR,ERR,ERR,"Multi-dimensional indexing (e.g. `obj[:, None]`) is no longer supported. Convert to a numpy array before indexing instead.",None,None
0.2,EANR-AdaBoost2_WSVM | SMOTE,20,10000,0.3,ERR,ERR,ERR,ERR,ERR,ERR,ERR,"Multi-dimensional indexing (e.g. `obj[:, None]`) is no longer supported. Convert to a numpy array before indexing instead.",None,None
0.2,EANR-AdaBoost2_DecisionTree | SMOTE,20,10000,0.3,0.9744897959183674,0.0,0.0,0.0,0.0,0.955,0.4872448979591837,"[[382  10]
 [  8   0]]",None,"[np.float64(3.330447651692556), np.float64(3.329913999619057), np.float64(0.4097915684471603), np.float64(-0.054673071934760425), np.float64(0.009682981249664173), np.float64(-0.0016519261790108395), np.float64(0.00028370005050116354), np.float64(-4.866714446663889e-05), np.float64(8.350199953374872e-06), np.float64(-1.432660807311396e-06), np.float64(2.458059405774242e-07), np.float64(-4.2173625927104024e-08), np.float64(7.235850533016704e-09), np.float64(-1.241475812583654e-09), np.float64(2.130038367455331e-10), np.float64(-3.654587743673665e-11), np.float64(6.270539643043565e-12), np.float64(-1.0760281554678595e-12), np.float64(1.8474111129759192e-13), np.float64(-3.1752378504280487e-14)]"
0.2,EANR-AdaBoost2_SVM | SMOTE,20,10000,0.5,ERR,ERR,ERR,ERR,ERR,ERR,ERR,"Multi-dimensional indexing (e.g. `obj[:, None]`) is no longer supported. Convert to a numpy array before indexing instead.",None,None
0.2,EANR-AdaBoost2_WSVM | SMOTE,20,10000,0.5,ERR,ERR,ERR,ERR,ERR,ERR,ERR,"Multi-dimensional indexing (e.g. `obj[:, None]`) is no longer supported. Convert to a numpy array before indexing instead.",None,None
0.2,EANR-AdaBoost2_DecisionTree | SMOTE,20,10000,0.5,0.9744897959183674,0.0,0.0,0.0,0.0,0.955,0.4872448979591837,"[[382  10]
 [  8   0]]",None,"[np.float64(3.330447651692556), np.float64(3.329913999619057), np.float64(0.4097915684471603), np.float64(-0.054673071934760425), np.float64(0.009682981249664173), np.float64(-0.0016519261790108395), np.float64(0.00028370005050116354), np.float64(-4.866714446663889e-05), np.float64(8.350199953374872e-06), np.float64(-1.432660807311396e-06), np.float64(2.458059405774242e-07), np.float64(-4.2173625927104024e-08), np.float64(7.235850533016704e-09), np.float64(-1.241475812583654e-09), np.float64(2.130038367455331e-10), np.float64(-3.654587743673665e-11), np.float64(6.270539643043565e-12), np.float64(-1.0760281554678595e-12), np.float64(1.8474111129759192e-13), np.float64(-3.1752378504280487e-14)]"
0.2,EANR-AdaBoost2_SVM | SMOTE,20,10000,0.7,ERR,ERR,ERR,ERR,ERR,ERR,ERR,"Multi-dimensional indexing (e.g. `obj[:, None]`) is no longer supported. Convert to a numpy array before indexing instead.",None,None
0.2,EANR-AdaBoost2_WSVM | SMOTE,20,10000,0.7,ERR,ERR,ERR,ERR,ERR,ERR,ERR,"Multi-dimensional indexing (e.g. `obj[:, None]`) is no longer supported. Convert to a numpy array before indexing instead.",None,None
0.2,EANR-AdaBoost2_DecisionTree | SMOTE,20,10000,0.7,0.9795918367346939,0.0,0.0,0.0,0.0,0.96,0.4897959183673469,"[[384   8]
 [  8   0]]",None,"[np.float64(3.330447651692556), np.float64(3.329913999619057), np.float64(0.4097915684471603), np.float64(-0.054673071934760425), np.float64(0.009682981249664173), np.float64(-0.0016519261790108395), np.float64(0.00028370005050116354), np.float64(-4.866714446663889e-05), np.float64(8.350199953374872e-06), np.float64(-1.432660807311396e-06), np.float64(2.458059405774242e-07), np.float64(-4.2173625927104024e-08), np.float64(7.235850533016704e-09), np.float64(-1.241475812583654e-09), np.float64(2.130038367455331e-10), np.float64(-3.654587743673665e-11), np.float64(6.270539643043565e-12), np.float64(-1.0760281554678595e-12), np.float64(1.8474111129759192e-13), np.float64(-3.1752378504280487e-14)]"
0.2,EANR-AdaBoost2_SVM | SMOTE,20,10000,1,ERR,ERR,ERR,ERR,ERR,ERR,ERR,"Multi-dimensional indexing (e.g. `obj[:, None]`) is no longer supported. Convert to a numpy array before indexing instead.",None,None
0.2,EANR-AdaBoost2_WSVM | SMOTE,20,10000,1,ERR,ERR,ERR,ERR,ERR,ERR,ERR,"Multi-dimensional indexing (e.g. `obj[:, None]`) is no longer supported. Convert to a numpy array before indexing instead.",None,None
0.2,EANR-AdaBoost2_DecisionTree | SMOTE,20,10000,1,0.9744897959183674,0.0,0.0,0.0,0.0,0.955,0.4872448979591837,"[[382  10]
 [  8   0]]",None,"[np.float64(3.330447651692556), np.float64(3.329913999619057), np.float64(0.4097915684471603), np.float64(-0.054673071934760425), np.float64(0.009682981249664173), np.float64(-0.0016519261790108395), np.float64(0.00028370005050116354), np.float64(-4.866714446663889e-05), np.float64(8.350199953374872e-06), np.float64(-1.432660807311396e-06), np.float64(2.458059405774242e-07), np.float64(-4.2173625927104024e-08), np.float64(7.235850533016704e-09), np.float64(-1.241475812583654e-09), np.float64(2.130038367455331e-10), np.float64(-3.654587743673665e-11), np.float64(6.270539643043565e-12), np.float64(-1.0760281554678595e-12), np.float64(1.8474111129759192e-13), np.float64(-3.1752378504280487e-14)]"
0.2,EANR-AdaBoost2_SVM | SMOTE,20,10000,1.5,ERR,ERR,ERR,ERR,ERR,ERR,ERR,"Multi-dimensional indexing (e.g. `obj[:, None]`) is no longer supported. Convert to a numpy array before indexing instead.",None,None
0.2,EANR-AdaBoost2_WSVM | SMOTE,20,10000,1.5,ERR,ERR,ERR,ERR,ERR,ERR,ERR,"Multi-dimensional indexing (e.g. `obj[:, None]`) is no longer supported. Convert to a numpy array before indexing instead.",None,None
0.2,EANR-AdaBoost2_DecisionTree | SMOTE,20,10000,1.5,0.9795918367346939,0.0,0.0,0.0,0.0,0.96,0.4897959183673469,"[[384   8]
 [  8   0]]",None,"[np.float64(3.330447651692556), np.float64(3.329913999619057), np.float64(0.4097915684471603), np.float64(-0.054673071934760425), np.float64(0.009682981249664173), np.float64(-0.0016519261790108395), np.float64(0.00028370005050116354), np.float64(-4.866714446663889e-05), np.float64(8.350199953374872e-06), np.float64(-1.432660807311396e-06), np.float64(2.458059405774242e-07), np.float64(-4.2173625927104024e-08), np.float64(7.235850533016704e-09), np.float64(-1.241475812583654e-09), np.float64(2.130038367455331e-10), np.float64(-3.654587743673665e-11), np.float64(6.270539643043565e-12), np.float64(-1.0760281554678595e-12), np.float64(1.8474111129759192e-13), np.float64(-3.1752378504280487e-14)]"
0.2,EANR-AdaBoost2_SVM | SMOTE,20,10000,2,ERR,ERR,ERR,ERR,ERR,ERR,ERR,"Multi-dimensional indexing (e.g. `obj[:, None]`) is no longer supported. Convert to a numpy array before indexing instead.",None,None
0.2,EANR-AdaBoost2_WSVM | SMOTE,20,10000,2,ERR,ERR,ERR,ERR,ERR,ERR,ERR,"Multi-dimensional indexing (e.g. `obj[:, None]`) is no longer supported. Convert to a numpy array before indexing instead.",None,None
0.2,EANR-AdaBoost2_DecisionTree | SMOTE,20,10000,2,0.9744897959183674,0.0,0.0,0.0,0.0,0.955,0.4872448979591837,"[[382  10]
 [  8   0]]",None,"[np.float64(3.330447651692556), np.float64(3.329913999619057), np.float64(0.4097915684471603), np.float64(-0.054673071934760425), np.float64(0.009682981249664173), np.float64(-0.0016519261790108395), np.float64(0.00028370005050116354), np.float64(-4.866714446663889e-05), np.float64(8.350199953374872e-06), np.float64(-1.432660807311396e-06), np.float64(2.458059405774242e-07), np.float64(-4.2173625927104024e-08), np.float64(7.235850533016704e-09), np.float64(-1.241475812583654e-09), np.float64(2.130038367455331e-10), np.float64(-3.654587743673665e-11), np.float64(6.270539643043565e-12), np.float64(-1.0760281554678595e-12), np.float64(1.8474111129759192e-13), np.float64(-3.1752378504280487e-14)]"
0.2,EANR-AdaBoost2_SVM | SMOTE,25,10,0.3,ERR,ERR,ERR,ERR,ERR,ERR,ERR,"Multi-dimensional indexing (e.g. `obj[:, None]`) is no longer supported. Convert to a numpy array before indexing instead.",None,None
0.2,EANR-AdaBoost2_WSVM | SMOTE,25,10,0.3,ERR,ERR,ERR,ERR,ERR,ERR,ERR,"Multi-dimensional indexing (e.g. `obj[:, None]`) is no longer supported. Convert to a numpy array before indexing instead.",None,None
0.2,EANR-AdaBoost2_DecisionTree | SMOTE,25,10,0.3,0.9693877551020408,0.0,0.0,0.0,0.0,0.95,0.4846938775510204,"[[380  12]
 [  8   0]]",None,"[np.float64(3.330447651692556), np.float64(3.329913999619057), np.float64(0.4097915684471603), np.float64(-0.054673071934760425), np.float64(0.009682981249664173), np.float64(-0.0016519261790108395), np.float64(0.00028370005050116354), np.float64(-4.866714446663889e-05), np.float64(8.350199953374872e-06), np.float64(-1.432660807311396e-06), np.float64(2.458059405774242e-07), np.float64(-4.2173625927104024e-08), np.float64(7.235850533016704e-09), np.float64(-1.241475812583654e-09), np.float64(2.130038367455331e-10), np.float64(-3.654587743673665e-11), np.float64(6.270539643043565e-12), np.float64(-1.0760281554678595e-12), np.float64(1.8474111129759192e-13), np.float64(-3.1752378504280487e-14), np.float64(5.773159728050781e-15), np.float64(-1.3322676295501896e-15), np.float64(0.0), np.float64(0.0), np.float64(0.0)]"
0.2,EANR-AdaBoost2_SVM | SMOTE,25,10,0.5,ERR,ERR,ERR,ERR,ERR,ERR,ERR,"Multi-dimensional indexing (e.g. `obj[:, None]`) is no longer supported. Convert to a numpy array before indexing instead.",None,None
0.2,EANR-AdaBoost2_WSVM | SMOTE,25,10,0.5,ERR,ERR,ERR,ERR,ERR,ERR,ERR,"Multi-dimensional indexing (e.g. `obj[:, None]`) is no longer supported. Convert to a numpy array before indexing instead.",None,None
0.2,EANR-AdaBoost2_DecisionTree | SMOTE,25,10,0.5,0.9770408163265306,0.125,0.3494711748353737,0.1111111111111111,0.1,0.96,0.5510204081632654,"[[383   9]
 [  7   1]]",None,"[np.float64(3.330447651692556), np.float64(3.329913999619057), np.float64(0.4097915684471603), np.float64(-0.054673071934760425), np.float64(0.009682981249664173), np.float64(-0.0016519261790108395), np.float64(0.00028370005050116354), np.float64(-4.866714446663889e-05), np.float64(8.350199953374872e-06), np.float64(-1.432660807311396e-06), np.float64(2.458059405774242e-07), np.float64(-4.2173625927104024e-08), np.float64(7.235850533016704e-09), np.float64(-1.241475812583654e-09), np.float64(2.130038367455331e-10), np.float64(-3.654587743673665e-11), np.float64(6.270539643043565e-12), np.float64(-1.0760281554678595e-12), np.float64(1.8474111129759192e-13), np.float64(-3.1752378504280487e-14), np.float64(5.773159728050781e-15), np.float64(-1.3322676295501896e-15), np.float64(0.0), np.float64(0.0), np.float64(0.0)]"
0.2,EANR-AdaBoost2_SVM | SMOTE,25,10,0.7,ERR,ERR,ERR,ERR,ERR,ERR,ERR,"Multi-dimensional indexing (e.g. `obj[:, None]`) is no longer supported. Convert to a numpy array before indexing instead.",None,None
0.2,EANR-AdaBoost2_WSVM | SMOTE,25,10,0.7,ERR,ERR,ERR,ERR,ERR,ERR,ERR,"Multi-dimensional indexing (e.g. `obj[:, None]`) is no longer supported. Convert to a numpy array before indexing instead.",None,None
0.2,EANR-AdaBoost2_DecisionTree | SMOTE,25,10,0.7,0.9770408163265306,0.0,0.0,0.0,0.0,0.9575,0.4885204081632653,"[[383   9]
 [  8   0]]",None,"[np.float64(3.330447651692556), np.float64(3.329913999619057), np.float64(0.4097915684471603), np.float64(-0.054673071934760425), np.float64(0.009682981249664173), np.float64(-0.0016519261790108395), np.float64(0.00028370005050116354), np.float64(-4.866714446663889e-05), np.float64(8.350199953374872e-06), np.float64(-1.432660807311396e-06), np.float64(2.458059405774242e-07), np.float64(-4.2173625927104024e-08), np.float64(7.235850533016704e-09), np.float64(-1.241475812583654e-09), np.float64(2.130038367455331e-10), np.float64(-3.654587743673665e-11), np.float64(6.270539643043565e-12), np.float64(-1.0760281554678595e-12), np.float64(1.8474111129759192e-13), np.float64(-3.1752378504280487e-14), np.float64(5.773159728050781e-15), np.float64(-1.3322676295501896e-15), np.float64(0.0), np.float64(0.0), np.float64(0.0)]"
0.2,EANR-AdaBoost2_SVM | SMOTE,25,10,1,ERR,ERR,ERR,ERR,ERR,ERR,ERR,"Multi-dimensional indexing (e.g. `obj[:, None]`) is no longer supported. Convert to a numpy array before indexing instead.",None,None
0.2,EANR-AdaBoost2_WSVM | SMOTE,25,10,1,ERR,ERR,ERR,ERR,ERR,ERR,ERR,"Multi-dimensional indexing (e.g. `obj[:, None]`) is no longer supported. Convert to a numpy array before indexing instead.",None,None
0.2,EANR-AdaBoost2_DecisionTree | SMOTE,25,10,1,0.9770408163265306,0.0,0.0,0.0,0.0,0.9575,0.4885204081632653,"[[383   9]
 [  8   0]]",None,"[np.float64(3.330447651692556), np.float64(3.329913999619057), np.float64(0.4097915684471603), np.float64(-0.054673071934760425), np.float64(0.009682981249664173), np.float64(-0.0016519261790108395), np.float64(0.00028370005050116354), np.float64(-4.866714446663889e-05), np.float64(8.350199953374872e-06), np.float64(-1.432660807311396e-06), np.float64(2.458059405774242e-07), np.float64(-4.2173625927104024e-08), np.float64(7.235850533016704e-09), np.float64(-1.241475812583654e-09), np.float64(2.130038367455331e-10), np.float64(-3.654587743673665e-11), np.float64(6.270539643043565e-12), np.float64(-1.0760281554678595e-12), np.float64(1.8474111129759192e-13), np.float64(-3.1752378504280487e-14), np.float64(5.773159728050781e-15), np.float64(-1.3322676295501896e-15), np.float64(0.0), np.float64(0.0), np.float64(0.0)]"
0.2,EANR-AdaBoost2_SVM | SMOTE,25,10,1.5,ERR,ERR,ERR,ERR,ERR,ERR,ERR,"Multi-dimensional indexing (e.g. `obj[:, None]`) is no longer supported. Convert to a numpy array before indexing instead.",None,None
0.2,EANR-AdaBoost2_WSVM | SMOTE,25,10,1.5,ERR,ERR,ERR,ERR,ERR,ERR,ERR,"Multi-dimensional indexing (e.g. `obj[:, None]`) is no longer supported. Convert to a numpy array before indexing instead.",None,None
0.2,EANR-AdaBoost2_DecisionTree | SMOTE,25,10,1.5,0.9795918367346939,0.0,0.0,0.0,0.0,0.96,0.4897959183673469,"[[384   8]
 [  8   0]]",None,"[np.float64(3.330447651692556), np.float64(3.329913999619057), np.float64(0.4097915684471603), np.float64(-0.054673071934760425), np.float64(0.009682981249664173), np.float64(-0.0016519261790108395), np.float64(0.00028370005050116354), np.float64(-4.866714446663889e-05), np.float64(8.350199953374872e-06), np.float64(-1.432660807311396e-06), np.float64(2.458059405774242e-07), np.float64(-4.2173625927104024e-08), np.float64(7.235850533016704e-09), np.float64(-1.241475812583654e-09), np.float64(2.130038367455331e-10), np.float64(-3.654587743673665e-11), np.float64(6.270539643043565e-12), np.float64(-1.0760281554678595e-12), np.float64(1.8474111129759192e-13), np.float64(-3.1752378504280487e-14), np.float64(5.773159728050781e-15), np.float64(-1.3322676295501896e-15), np.float64(0.0), np.float64(0.0), np.float64(0.0)]"
0.2,EANR-AdaBoost2_SVM | SMOTE,25,10,2,ERR,ERR,ERR,ERR,ERR,ERR,ERR,"Multi-dimensional indexing (e.g. `obj[:, None]`) is no longer supported. Convert to a numpy array before indexing instead.",None,None
0.2,EANR-AdaBoost2_WSVM | SMOTE,25,10,2,ERR,ERR,ERR,ERR,ERR,ERR,ERR,"Multi-dimensional indexing (e.g. `obj[:, None]`) is no longer supported. Convert to a numpy array before indexing instead.",None,None
0.2,EANR-AdaBoost2_DecisionTree | SMOTE,25,10,2,0.9744897959183674,0.0,0.0,0.0,0.0,0.955,0.4872448979591837,"[[382  10]
 [  8   0]]",None,"[np.float64(3.330447651692556), np.float64(3.329913999619057), np.float64(0.4097915684471603), np.float64(-0.054673071934760425), np.float64(0.009682981249664173), np.float64(-0.0016519261790108395), np.float64(0.00028370005050116354), np.float64(-4.866714446663889e-05), np.float64(8.350199953374872e-06), np.float64(-1.432660807311396e-06), np.float64(2.458059405774242e-07), np.float64(-4.2173625927104024e-08), np.float64(7.235850533016704e-09), np.float64(-1.241475812583654e-09), np.float64(2.130038367455331e-10), np.float64(-3.654587743673665e-11), np.float64(6.270539643043565e-12), np.float64(-1.0760281554678595e-12), np.float64(1.8474111129759192e-13), np.float64(-3.1752378504280487e-14), np.float64(5.773159728050781e-15), np.float64(-1.3322676295501896e-15), np.float64(0.0), np.float64(0.0), np.float64(0.0)]"
0.2,EANR-AdaBoost2_SVM | SMOTE,25,100,0.3,ERR,ERR,ERR,ERR,ERR,ERR,ERR,"Multi-dimensional indexing (e.g. `obj[:, None]`) is no longer supported. Convert to a numpy array before indexing instead.",None,None
0.2,EANR-AdaBoost2_WSVM | SMOTE,25,100,0.3,ERR,ERR,ERR,ERR,ERR,ERR,ERR,"Multi-dimensional indexing (e.g. `obj[:, None]`) is no longer supported. Convert to a numpy array before indexing instead.",None,None
0.2,EANR-AdaBoost2_DecisionTree | SMOTE,25,100,0.3,0.9744897959183674,0.125,0.34901464795878684,0.10526315789473684,0.09090909090909091,0.9575,0.5497448979591837,"[[382  10]
 [  7   1]]",None,"[np.float64(3.330447651692556), np.float64(3.329913999619057), np.float64(0.4097915684471603), np.float64(-0.054673071934760425), np.float64(0.009682981249664173), np.float64(-0.0016519261790108395), np.float64(0.00028370005050116354), np.float64(-4.866714446663889e-05), np.float64(8.350199953374872e-06), np.float64(-1.432660807311396e-06), np.float64(2.458059405774242e-07), np.float64(-4.2173625927104024e-08), np.float64(7.235850533016704e-09), np.float64(-1.241475812583654e-09), np.float64(2.130038367455331e-10), np.float64(-3.654587743673665e-11), np.float64(6.270539643043565e-12), np.float64(-1.0760281554678595e-12), np.float64(1.8474111129759192e-13), np.float64(-3.1752378504280487e-14), np.float64(5.773159728050781e-15), np.float64(-1.3322676295501896e-15), np.float64(0.0), np.float64(0.0), np.float64(0.0)]"
0.2,EANR-AdaBoost2_SVM | SMOTE,25,100,0.5,ERR,ERR,ERR,ERR,ERR,ERR,ERR,"Multi-dimensional indexing (e.g. `obj[:, None]`) is no longer supported. Convert to a numpy array before indexing instead.",None,None
0.2,EANR-AdaBoost2_WSVM | SMOTE,25,100,0.5,ERR,ERR,ERR,ERR,ERR,ERR,ERR,"Multi-dimensional indexing (e.g. `obj[:, None]`) is no longer supported. Convert to a numpy array before indexing instead.",None,None
0.2,EANR-AdaBoost2_DecisionTree | SMOTE,25,100,0.5,0.9693877551020408,0.0,0.0,0.0,0.0,0.95,0.4846938775510204,"[[380  12]
 [  8   0]]",None,"[np.float64(3.330447651692556), np.float64(3.329913999619057), np.float64(0.4097915684471603), np.float64(-0.054673071934760425), np.float64(0.009682981249664173), np.float64(-0.0016519261790108395), np.float64(0.00028370005050116354), np.float64(-4.866714446663889e-05), np.float64(8.350199953374872e-06), np.float64(-1.432660807311396e-06), np.float64(2.458059405774242e-07), np.float64(-4.2173625927104024e-08), np.float64(7.235850533016704e-09), np.float64(-1.241475812583654e-09), np.float64(2.130038367455331e-10), np.float64(-3.654587743673665e-11), np.float64(6.270539643043565e-12), np.float64(-1.0760281554678595e-12), np.float64(1.8474111129759192e-13), np.float64(-3.1752378504280487e-14), np.float64(5.773159728050781e-15), np.float64(-1.3322676295501896e-15), np.float64(0.0), np.float64(0.0), np.float64(0.0)]"
0.2,EANR-AdaBoost2_SVM | SMOTE,25,100,0.7,ERR,ERR,ERR,ERR,ERR,ERR,ERR,"Multi-dimensional indexing (e.g. `obj[:, None]`) is no longer supported. Convert to a numpy array before indexing instead.",None,None
0.2,EANR-AdaBoost2_WSVM | SMOTE,25,100,0.7,ERR,ERR,ERR,ERR,ERR,ERR,ERR,"Multi-dimensional indexing (e.g. `obj[:, None]`) is no longer supported. Convert to a numpy array before indexing instead.",None,None
0.2,EANR-AdaBoost2_DecisionTree | SMOTE,25,100,1,0.9770408163265306,0.0,0.0,0.0,0.0,0.9575,0.4885204081632653,"[[383   9]
 [  8   0]]",None,"[np.float64(3.330447651692556), np.float64(3.329913999619057), np.float64(0.4097915684471603), np.float64(-0.054673071934760425), np.float64(0.009682981249664173), np.float64(-0.0016519261790108395), np.float64(0.00028370005050116354), np.float64(-4.866714446663889e-05), np.float64(8.350199953374872e-06), np.float64(-1.432660807311396e-06), np.float64(2.458059405774242e-07), np.float64(-4.2173625927104024e-08), np.float64(7.235850533016704e-09), np.float64(-1.241475812583654e-09), np.float64(2.130038367455331e-10), np.float64(-3.654587743673665e-11), np.float64(6.270539643043565e-12), np.float64(-1.0760281554678595e-12), np.float64(1.8474111129759192e-13), np.float64(-3.1752378504280487e-14), np.float64(5.773159728050781e-15), np.float64(-1.3322676295501896e-15), np.float64(0.0), np.float64(0.0), np.float64(0.0)]"
0.2,EANR-AdaBoost2_SVM | SMOTE,25,100,1,ERR,ERR,ERR,ERR,ERR,ERR,ERR,"Multi-dimensional indexing (e.g. `obj[:, None]`) is no longer supported. Convert to a numpy array before indexing instead.",None,None
0.2,EANR-AdaBoost2_WSVM | SMOTE,25,100,1,ERR,ERR,ERR,ERR,ERR,ERR,ERR,"Multi-dimensional indexing (e.g. `obj[:, None]`) is no longer supported. Convert to a numpy array before indexing instead.",None,None
0.2,EANR-AdaBoost2_DecisionTree | SMOTE,25,100,0.7,0.9770408163265306,0.125,0.3494711748353737,0.1111111111111111,0.1,0.96,0.5510204081632654,"[[383   9]
 [  7   1]]",None,"[np.float64(3.330447651692556), np.float64(3.329913999619057), np.float64(0.4097915684471603), np.float64(-0.054673071934760425), np.float64(0.009682981249664173), np.float64(-0.0016519261790108395), np.float64(0.00028370005050116354), np.float64(-4.866714446663889e-05), np.float64(8.350199953374872e-06), np.float64(-1.432660807311396e-06), np.float64(2.458059405774242e-07), np.float64(-4.2173625927104024e-08), np.float64(7.235850533016704e-09), np.float64(-1.241475812583654e-09), np.float64(2.130038367455331e-10), np.float64(-3.654587743673665e-11), np.float64(6.270539643043565e-12), np.float64(-1.0760281554678595e-12), np.float64(1.8474111129759192e-13), np.float64(-3.1752378504280487e-14), np.float64(5.773159728050781e-15), np.float64(-1.3322676295501896e-15), np.float64(0.0), np.float64(0.0), np.float64(0.0)]"
0.2,EANR-AdaBoost2_SVM | SMOTE,25,100,1.5,ERR,ERR,ERR,ERR,ERR,ERR,ERR,"Multi-dimensional indexing (e.g. `obj[:, None]`) is no longer supported. Convert to a numpy array before indexing instead.",None,None
0.2,EANR-AdaBoost2_WSVM | SMOTE,25,100,1.5,ERR,ERR,ERR,ERR,ERR,ERR,ERR,"Multi-dimensional indexing (e.g. `obj[:, None]`) is no longer supported. Convert to a numpy array before indexing instead.",None,None
0.2,EANR-AdaBoost2_DecisionTree | SMOTE,25,100,1.5,0.9770408163265306,0.0,0.0,0.0,0.0,0.9575,0.4885204081632653,"[[383   9]
 [  8   0]]",None,"[np.float64(3.330447651692556), np.float64(3.329913999619057), np.float64(0.4097915684471603), np.float64(-0.054673071934760425), np.float64(0.009682981249664173), np.float64(-0.0016519261790108395), np.float64(0.00028370005050116354), np.float64(-4.866714446663889e-05), np.float64(8.350199953374872e-06), np.float64(-1.432660807311396e-06), np.float64(2.458059405774242e-07), np.float64(-4.2173625927104024e-08), np.float64(7.235850533016704e-09), np.float64(-1.241475812583654e-09), np.float64(2.130038367455331e-10), np.float64(-3.654587743673665e-11), np.float64(6.270539643043565e-12), np.float64(-1.0760281554678595e-12), np.float64(1.8474111129759192e-13), np.float64(-3.1752378504280487e-14), np.float64(5.773159728050781e-15), np.float64(-1.3322676295501896e-15), np.float64(0.0), np.float64(0.0), np.float64(0.0)]"
0.2,EANR-AdaBoost2_SVM | SMOTE,25,100,2,ERR,ERR,ERR,ERR,ERR,ERR,ERR,"Multi-dimensional indexing (e.g. `obj[:, None]`) is no longer supported. Convert to a numpy array before indexing instead.",None,None
0.2,EANR-AdaBoost2_WSVM | SMOTE,25,100,2,ERR,ERR,ERR,ERR,ERR,ERR,ERR,"Multi-dimensional indexing (e.g. `obj[:, None]`) is no longer supported. Convert to a numpy array before indexing instead.",None,None
0.2,EANR-AdaBoost2_DecisionTree | SMOTE,25,100,2,0.9795918367346939,0.0,0.0,0.0,0.0,0.96,0.4897959183673469,"[[384   8]
 [  8   0]]",None,"[np.float64(3.330447651692556), np.float64(3.329913999619057), np.float64(0.4097915684471603), np.float64(-0.054673071934760425), np.float64(0.009682981249664173), np.float64(-0.0016519261790108395), np.float64(0.00028370005050116354), np.float64(-4.866714446663889e-05), np.float64(8.350199953374872e-06), np.float64(-1.432660807311396e-06), np.float64(2.458059405774242e-07), np.float64(-4.2173625927104024e-08), np.float64(7.235850533016704e-09), np.float64(-1.241475812583654e-09), np.float64(2.130038367455331e-10), np.float64(-3.654587743673665e-11), np.float64(6.270539643043565e-12), np.float64(-1.0760281554678595e-12), np.float64(1.8474111129759192e-13), np.float64(-3.1752378504280487e-14), np.float64(5.773159728050781e-15), np.float64(-1.3322676295501896e-15), np.float64(0.0), np.float64(0.0), np.float64(0.0)]"
0.2,EANR-AdaBoost2_SVM | SMOTE,25,1000,0.3,ERR,ERR,ERR,ERR,ERR,ERR,ERR,"Multi-dimensional indexing (e.g. `obj[:, None]`) is no longer supported. Convert to a numpy array before indexing instead.",None,None
0.2,EANR-AdaBoost2_WSVM | SMOTE,25,1000,0.3,ERR,ERR,ERR,ERR,ERR,ERR,ERR,"Multi-dimensional indexing (e.g. `obj[:, None]`) is no longer supported. Convert to a numpy array before indexing instead.",None,None
0.2,EANR-AdaBoost2_DecisionTree | SMOTE,25,1000,0.3,0.9744897959183674,0.0,0.0,0.0,0.0,0.955,0.4872448979591837,"[[382  10]
 [  8   0]]",None,"[np.float64(3.330447651692556), np.float64(3.329913999619057), np.float64(0.4097915684471603), np.float64(-0.054673071934760425), np.float64(0.009682981249664173), np.float64(-0.0016519261790108395), np.float64(0.00028370005050116354), np.float64(-4.866714446663889e-05), np.float64(8.350199953374872e-06), np.float64(-1.432660807311396e-06), np.float64(2.458059405774242e-07), np.float64(-4.2173625927104024e-08), np.float64(7.235850533016704e-09), np.float64(-1.241475812583654e-09), np.float64(2.130038367455331e-10), np.float64(-3.654587743673665e-11), np.float64(6.270539643043565e-12), np.float64(-1.0760281554678595e-12), np.float64(1.8474111129759192e-13), np.float64(-3.1752378504280487e-14), np.float64(5.773159728050781e-15), np.float64(-1.3322676295501896e-15), np.float64(0.0), np.float64(0.0), np.float64(0.0)]"
0.2,EANR-AdaBoost2_SVM | SMOTE,25,1000,0.5,ERR,ERR,ERR,ERR,ERR,ERR,ERR,"Multi-dimensional indexing (e.g. `obj[:, None]`) is no longer supported. Convert to a numpy array before indexing instead.",None,None
0.2,EANR-AdaBoost2_WSVM | SMOTE,25,1000,0.5,ERR,ERR,ERR,ERR,ERR,ERR,ERR,"Multi-dimensional indexing (e.g. `obj[:, None]`) is no longer supported. Convert to a numpy array before indexing instead.",None,None
0.2,EANR-AdaBoost2_DecisionTree | SMOTE,25,1000,0.5,0.9770408163265306,0.0,0.0,0.0,0.0,0.9575,0.4885204081632653,"[[383   9]
 [  8   0]]",None,"[np.float64(3.330447651692556), np.float64(3.329913999619057), np.float64(0.4097915684471603), np.float64(-0.054673071934760425), np.float64(0.009682981249664173), np.float64(-0.0016519261790108395), np.float64(0.00028370005050116354), np.float64(-4.866714446663889e-05), np.float64(8.350199953374872e-06), np.float64(-1.432660807311396e-06), np.float64(2.458059405774242e-07), np.float64(-4.2173625927104024e-08), np.float64(7.235850533016704e-09), np.float64(-1.241475812583654e-09), np.float64(2.130038367455331e-10), np.float64(-3.654587743673665e-11), np.float64(6.270539643043565e-12), np.float64(-1.0760281554678595e-12), np.float64(1.8474111129759192e-13), np.float64(-3.1752378504280487e-14), np.float64(5.773159728050781e-15), np.float64(-1.3322676295501896e-15), np.float64(0.0), np.float64(0.0), np.float64(0.0)]"
0.2,EANR-AdaBoost2_SVM | SMOTE,25,1000,0.7,ERR,ERR,ERR,ERR,ERR,ERR,ERR,"Multi-dimensional indexing (e.g. `obj[:, None]`) is no longer supported. Convert to a numpy array before indexing instead.",None,None
0.2,EANR-AdaBoost2_WSVM | SMOTE,25,1000,0.7,ERR,ERR,ERR,ERR,ERR,ERR,ERR,"Multi-dimensional indexing (e.g. `obj[:, None]`) is no longer supported. Convert to a numpy array before indexing instead.",None,None
0.2,EANR-AdaBoost2_DecisionTree | SMOTE,25,1000,0.7,0.9744897959183674,0.125,0.34901464795878684,0.10526315789473684,0.09090909090909091,0.9575,0.5497448979591837,"[[382  10]
 [  7   1]]",None,"[np.float64(3.330447651692556), np.float64(3.329913999619057), np.float64(0.4097915684471603), np.float64(-0.054673071934760425), np.float64(0.009682981249664173), np.float64(-0.0016519261790108395), np.float64(0.00028370005050116354), np.float64(-4.866714446663889e-05), np.float64(8.350199953374872e-06), np.float64(-1.432660807311396e-06), np.float64(2.458059405774242e-07), np.float64(-4.2173625927104024e-08), np.float64(7.235850533016704e-09), np.float64(-1.241475812583654e-09), np.float64(2.130038367455331e-10), np.float64(-3.654587743673665e-11), np.float64(6.270539643043565e-12), np.float64(-1.0760281554678595e-12), np.float64(1.8474111129759192e-13), np.float64(-3.1752378504280487e-14), np.float64(5.773159728050781e-15), np.float64(-1.3322676295501896e-15), np.float64(0.0), np.float64(0.0), np.float64(0.0)]"
0.2,EANR-AdaBoost2_SVM | SMOTE,25,1000,1,ERR,ERR,ERR,ERR,ERR,ERR,ERR,"Multi-dimensional indexing (e.g. `obj[:, None]`) is no longer supported. Convert to a numpy array before indexing instead.",None,None
0.2,EANR-AdaBoost2_WSVM | SMOTE,25,1000,1,ERR,ERR,ERR,ERR,ERR,ERR,ERR,"Multi-dimensional indexing (e.g. `obj[:, None]`) is no longer supported. Convert to a numpy array before indexing instead.",None,None
0.2,EANR-AdaBoost2_DecisionTree | SMOTE,25,1000,1,0.9744897959183674,0.0,0.0,0.0,0.0,0.955,0.4872448979591837,"[[382  10]
 [  8   0]]",None,"[np.float64(3.330447651692556), np.float64(3.329913999619057), np.float64(0.4097915684471603), np.float64(-0.054673071934760425), np.float64(0.009682981249664173), np.float64(-0.0016519261790108395), np.float64(0.00028370005050116354), np.float64(-4.866714446663889e-05), np.float64(8.350199953374872e-06), np.float64(-1.432660807311396e-06), np.float64(2.458059405774242e-07), np.float64(-4.2173625927104024e-08), np.float64(7.235850533016704e-09), np.float64(-1.241475812583654e-09), np.float64(2.130038367455331e-10), np.float64(-3.654587743673665e-11), np.float64(6.270539643043565e-12), np.float64(-1.0760281554678595e-12), np.float64(1.8474111129759192e-13), np.float64(-3.1752378504280487e-14), np.float64(5.773159728050781e-15), np.float64(-1.3322676295501896e-15), np.float64(0.0), np.float64(0.0), np.float64(0.0)]"
0.2,EANR-AdaBoost2_SVM | SMOTE,25,1000,1.5,ERR,ERR,ERR,ERR,ERR,ERR,ERR,"Multi-dimensional indexing (e.g. `obj[:, None]`) is no longer supported. Convert to a numpy array before indexing instead.",None,None
0.2,EANR-AdaBoost2_WSVM | SMOTE,25,1000,1.5,ERR,ERR,ERR,ERR,ERR,ERR,ERR,"Multi-dimensional indexing (e.g. `obj[:, None]`) is no longer supported. Convert to a numpy array before indexing instead.",None,None
0.2,EANR-AdaBoost2_DecisionTree | SMOTE,25,1000,1.5,0.9795918367346939,0.0,0.0,0.0,0.0,0.96,0.4897959183673469,"[[384   8]
 [  8   0]]",None,"[np.float64(3.330447651692556), np.float64(3.329913999619057), np.float64(0.4097915684471603), np.float64(-0.054673071934760425), np.float64(0.009682981249664173), np.float64(-0.0016519261790108395), np.float64(0.00028370005050116354), np.float64(-4.866714446663889e-05), np.float64(8.350199953374872e-06), np.float64(-1.432660807311396e-06), np.float64(2.458059405774242e-07), np.float64(-4.2173625927104024e-08), np.float64(7.235850533016704e-09), np.float64(-1.241475812583654e-09), np.float64(2.130038367455331e-10), np.float64(-3.654587743673665e-11), np.float64(6.270539643043565e-12), np.float64(-1.0760281554678595e-12), np.float64(1.8474111129759192e-13), np.float64(-3.1752378504280487e-14), np.float64(5.773159728050781e-15), np.float64(-1.3322676295501896e-15), np.float64(0.0), np.float64(0.0), np.float64(0.0)]"
0.2,EANR-AdaBoost2_SVM | SMOTE,25,1000,2,ERR,ERR,ERR,ERR,ERR,ERR,ERR,"Multi-dimensional indexing (e.g. `obj[:, None]`) is no longer supported. Convert to a numpy array before indexing instead.",None,None
0.2,EANR-AdaBoost2_WSVM | SMOTE,25,1000,2,ERR,ERR,ERR,ERR,ERR,ERR,ERR,"Multi-dimensional indexing (e.g. `obj[:, None]`) is no longer supported. Convert to a numpy array before indexing instead.",None,None
0.2,EANR-AdaBoost2_DecisionTree | SMOTE,25,1000,2,0.9744897959183674,0.0,0.0,0.0,0.0,0.955,0.4872448979591837,"[[382  10]
 [  8   0]]",None,"[np.float64(3.330447651692556), np.float64(3.329913999619057), np.float64(0.4097915684471603), np.float64(-0.054673071934760425), np.float64(0.009682981249664173), np.float64(-0.0016519261790108395), np.float64(0.00028370005050116354), np.float64(-4.866714446663889e-05), np.float64(8.350199953374872e-06), np.float64(-1.432660807311396e-06), np.float64(2.458059405774242e-07), np.float64(-4.2173625927104024e-08), np.float64(7.235850533016704e-09), np.float64(-1.241475812583654e-09), np.float64(2.130038367455331e-10), np.float64(-3.654587743673665e-11), np.float64(6.270539643043565e-12), np.float64(-1.0760281554678595e-12), np.float64(1.8474111129759192e-13), np.float64(-3.1752378504280487e-14), np.float64(5.773159728050781e-15), np.float64(-1.3322676295501896e-15), np.float64(0.0), np.float64(0.0), np.float64(0.0)]"
0.2,EANR-AdaBoost2_SVM | SMOTE,25,5000,0.3,ERR,ERR,ERR,ERR,ERR,ERR,ERR,"Multi-dimensional indexing (e.g. `obj[:, None]`) is no longer supported. Convert to a numpy array before indexing instead.",None,None
0.2,EANR-AdaBoost2_WSVM | SMOTE,25,5000,0.3,ERR,ERR,ERR,ERR,ERR,ERR,ERR,"Multi-dimensional indexing (e.g. `obj[:, None]`) is no longer supported. Convert to a numpy array before indexing instead.",None,None
0.2,EANR-AdaBoost2_DecisionTree | SMOTE,25,5000,0.3,0.9795918367346939,0.125,0.3499271061118826,0.11764705882352941,0.1111111111111111,0.9625,0.5522959183673469,"[[384   8]
 [  7   1]]",None,"[np.float64(3.330447651692556), np.float64(3.329913999619057), np.float64(0.4097915684471603), np.float64(-0.054673071934760425), np.float64(0.009682981249664173), np.float64(-0.0016519261790108395), np.float64(0.00028370005050116354), np.float64(-4.866714446663889e-05), np.float64(8.350199953374872e-06), np.float64(-1.432660807311396e-06), np.float64(2.458059405774242e-07), np.float64(-4.2173625927104024e-08), np.float64(7.235850533016704e-09), np.float64(-1.241475812583654e-09), np.float64(2.130038367455331e-10), np.float64(-3.654587743673665e-11), np.float64(6.270539643043565e-12), np.float64(-1.0760281554678595e-12), np.float64(1.8474111129759192e-13), np.float64(-3.1752378504280487e-14), np.float64(5.773159728050781e-15), np.float64(-1.3322676295501896e-15), np.float64(0.0), np.float64(0.0), np.float64(0.0)]"
0.2,EANR-AdaBoost2_SVM | SMOTE,25,5000,0.5,ERR,ERR,ERR,ERR,ERR,ERR,ERR,"Multi-dimensional indexing (e.g. `obj[:, None]`) is no longer supported. Convert to a numpy array before indexing instead.",None,None
0.2,EANR-AdaBoost2_WSVM | SMOTE,25,5000,0.5,ERR,ERR,ERR,ERR,ERR,ERR,ERR,"Multi-dimensional indexing (e.g. `obj[:, None]`) is no longer supported. Convert to a numpy array before indexing instead.",None,None
0.2,EANR-AdaBoost2_DecisionTree | SMOTE,25,5000,0.5,0.9744897959183674,0.0,0.0,0.0,0.0,0.955,0.4872448979591837,"[[382  10]
 [  8   0]]",None,"[np.float64(3.330447651692556), np.float64(3.329913999619057), np.float64(0.4097915684471603), np.float64(-0.054673071934760425), np.float64(0.009682981249664173), np.float64(-0.0016519261790108395), np.float64(0.00028370005050116354), np.float64(-4.866714446663889e-05), np.float64(8.350199953374872e-06), np.float64(-1.432660807311396e-06), np.float64(2.458059405774242e-07), np.float64(-4.2173625927104024e-08), np.float64(7.235850533016704e-09), np.float64(-1.241475812583654e-09), np.float64(2.130038367455331e-10), np.float64(-3.654587743673665e-11), np.float64(6.270539643043565e-12), np.float64(-1.0760281554678595e-12), np.float64(1.8474111129759192e-13), np.float64(-3.1752378504280487e-14), np.float64(5.773159728050781e-15), np.float64(-1.3322676295501896e-15), np.float64(0.0), np.float64(0.0), np.float64(0.0)]"
0.2,EANR-AdaBoost2_SVM | SMOTE,25,5000,0.7,ERR,ERR,ERR,ERR,ERR,ERR,ERR,"Multi-dimensional indexing (e.g. `obj[:, None]`) is no longer supported. Convert to a numpy array before indexing instead.",None,None
0.2,EANR-AdaBoost2_WSVM | SMOTE,25,5000,0.7,ERR,ERR,ERR,ERR,ERR,ERR,ERR,"Multi-dimensional indexing (e.g. `obj[:, None]`) is no longer supported. Convert to a numpy array before indexing instead.",None,None
0.2,EANR-AdaBoost2_DecisionTree | SMOTE,25,5000,0.7,0.9795918367346939,0.0,0.0,0.0,0.0,0.96,0.4897959183673469,"[[384   8]
 [  8   0]]",None,"[np.float64(3.330447651692556), np.float64(3.329913999619057), np.float64(0.4097915684471603), np.float64(-0.054673071934760425), np.float64(0.009682981249664173), np.float64(-0.0016519261790108395), np.float64(0.00028370005050116354), np.float64(-4.866714446663889e-05), np.float64(8.350199953374872e-06), np.float64(-1.432660807311396e-06), np.float64(2.458059405774242e-07), np.float64(-4.2173625927104024e-08), np.float64(7.235850533016704e-09), np.float64(-1.241475812583654e-09), np.float64(2.130038367455331e-10), np.float64(-3.654587743673665e-11), np.float64(6.270539643043565e-12), np.float64(-1.0760281554678595e-12), np.float64(1.8474111129759192e-13), np.float64(-3.1752378504280487e-14), np.float64(5.773159728050781e-15), np.float64(-1.3322676295501896e-15), np.float64(0.0), np.float64(0.0), np.float64(0.0)]"
0.2,EANR-AdaBoost2_SVM | SMOTE,25,5000,1,ERR,ERR,ERR,ERR,ERR,ERR,ERR,"Multi-dimensional indexing (e.g. `obj[:, None]`) is no longer supported. Convert to a numpy array before indexing instead.",None,None
0.2,EANR-AdaBoost2_WSVM | SMOTE,25,5000,1,ERR,ERR,ERR,ERR,ERR,ERR,ERR,"Multi-dimensional indexing (e.g. `obj[:, None]`) is no longer supported. Convert to a numpy array before indexing instead.",None,None
0.2,EANR-AdaBoost2_DecisionTree | SMOTE,25,5000,1,0.9770408163265306,0.0,0.0,0.0,0.0,0.9575,0.4885204081632653,"[[383   9]
 [  8   0]]",None,"[np.float64(3.330447651692556), np.float64(3.329913999619057), np.float64(0.4097915684471603), np.float64(-0.054673071934760425), np.float64(0.009682981249664173), np.float64(-0.0016519261790108395), np.float64(0.00028370005050116354), np.float64(-4.866714446663889e-05), np.float64(8.350199953374872e-06), np.float64(-1.432660807311396e-06), np.float64(2.458059405774242e-07), np.float64(-4.2173625927104024e-08), np.float64(7.235850533016704e-09), np.float64(-1.241475812583654e-09), np.float64(2.130038367455331e-10), np.float64(-3.654587743673665e-11), np.float64(6.270539643043565e-12), np.float64(-1.0760281554678595e-12), np.float64(1.8474111129759192e-13), np.float64(-3.1752378504280487e-14), np.float64(5.773159728050781e-15), np.float64(-1.3322676295501896e-15), np.float64(0.0), np.float64(0.0), np.float64(0.0)]"
0.2,EANR-AdaBoost2_SVM | SMOTE,25,5000,1.5,ERR,ERR,ERR,ERR,ERR,ERR,ERR,"Multi-dimensional indexing (e.g. `obj[:, None]`) is no longer supported. Convert to a numpy array before indexing instead.",None,None
0.2,EANR-AdaBoost2_WSVM | SMOTE,25,5000,1.5,ERR,ERR,ERR,ERR,ERR,ERR,ERR,"Multi-dimensional indexing (e.g. `obj[:, None]`) is no longer supported. Convert to a numpy array before indexing instead.",None,None
0.2,EANR-AdaBoost2_DecisionTree | SMOTE,25,5000,1.5,0.9795918367346939,0.0,0.0,0.0,0.0,0.96,0.4897959183673469,"[[384   8]
 [  8   0]]",None,"[np.float64(3.330447651692556), np.float64(3.329913999619057), np.float64(0.4097915684471603), np.float64(-0.054673071934760425), np.float64(0.009682981249664173), np.float64(-0.0016519261790108395), np.float64(0.00028370005050116354), np.float64(-4.866714446663889e-05), np.float64(8.350199953374872e-06), np.float64(-1.432660807311396e-06), np.float64(2.458059405774242e-07), np.float64(-4.2173625927104024e-08), np.float64(7.235850533016704e-09), np.float64(-1.241475812583654e-09), np.float64(2.130038367455331e-10), np.float64(-3.654587743673665e-11), np.float64(6.270539643043565e-12), np.float64(-1.0760281554678595e-12), np.float64(1.8474111129759192e-13), np.float64(-3.1752378504280487e-14), np.float64(5.773159728050781e-15), np.float64(-1.3322676295501896e-15), np.float64(0.0), np.float64(0.0), np.float64(0.0)]"
0.2,EANR-AdaBoost2_SVM | SMOTE,25,5000,2,ERR,ERR,ERR,ERR,ERR,ERR,ERR,"Multi-dimensional indexing (e.g. `obj[:, None]`) is no longer supported. Convert to a numpy array before indexing instead.",None,None
0.2,EANR-AdaBoost2_WSVM | SMOTE,25,5000,2,ERR,ERR,ERR,ERR,ERR,ERR,ERR,"Multi-dimensional indexing (e.g. `obj[:, None]`) is no longer supported. Convert to a numpy array before indexing instead.",None,None
0.2,EANR-AdaBoost2_DecisionTree | SMOTE,25,5000,2,0.9719387755102041,0.0,0.0,0.0,0.0,0.9525,0.48596938775510207,"[[381  11]
 [  8   0]]",None,"[np.float64(3.330447651692556), np.float64(3.329913999619057), np.float64(0.4097915684471603), np.float64(-0.054673071934760425), np.float64(0.009682981249664173), np.float64(-0.0016519261790108395), np.float64(0.00028370005050116354), np.float64(-4.866714446663889e-05), np.float64(8.350199953374872e-06), np.float64(-1.432660807311396e-06), np.float64(2.458059405774242e-07), np.float64(-4.2173625927104024e-08), np.float64(7.235850533016704e-09), np.float64(-1.241475812583654e-09), np.float64(2.130038367455331e-10), np.float64(-3.654587743673665e-11), np.float64(6.270539643043565e-12), np.float64(-1.0760281554678595e-12), np.float64(1.8474111129759192e-13), np.float64(-3.1752378504280487e-14), np.float64(5.773159728050781e-15), np.float64(-1.3322676295501896e-15), np.float64(0.0), np.float64(0.0), np.float64(0.0)]"
0.2,EANR-AdaBoost2_SVM | SMOTE,25,10000,0.3,ERR,ERR,ERR,ERR,ERR,ERR,ERR,"Multi-dimensional indexing (e.g. `obj[:, None]`) is no longer supported. Convert to a numpy array before indexing instead.",None,None
0.2,EANR-AdaBoost2_WSVM | SMOTE,25,10000,0.3,ERR,ERR,ERR,ERR,ERR,ERR,ERR,"Multi-dimensional indexing (e.g. `obj[:, None]`) is no longer supported. Convert to a numpy array before indexing instead.",None,None
0.2,EANR-AdaBoost2_DecisionTree | SMOTE,25,10000,0.3,0.9770408163265306,0.0,0.0,0.0,0.0,0.9575,0.4885204081632653,"[[383   9]
 [  8   0]]",None,"[np.float64(3.330447651692556), np.float64(3.329913999619057), np.float64(0.4097915684471603), np.float64(-0.054673071934760425), np.float64(0.009682981249664173), np.float64(-0.0016519261790108395), np.float64(0.00028370005050116354), np.float64(-4.866714446663889e-05), np.float64(8.350199953374872e-06), np.float64(-1.432660807311396e-06), np.float64(2.458059405774242e-07), np.float64(-4.2173625927104024e-08), np.float64(7.235850533016704e-09), np.float64(-1.241475812583654e-09), np.float64(2.130038367455331e-10), np.float64(-3.654587743673665e-11), np.float64(6.270539643043565e-12), np.float64(-1.0760281554678595e-12), np.float64(1.8474111129759192e-13), np.float64(-3.1752378504280487e-14), np.float64(5.773159728050781e-15), np.float64(-1.3322676295501896e-15), np.float64(0.0), np.float64(0.0), np.float64(0.0)]"
0.2,EANR-AdaBoost2_SVM | SMOTE,25,10000,0.5,ERR,ERR,ERR,ERR,ERR,ERR,ERR,"Multi-dimensional indexing (e.g. `obj[:, None]`) is no longer supported. Convert to a numpy array before indexing instead.",None,None
0.2,EANR-AdaBoost2_WSVM | SMOTE,25,10000,0.5,ERR,ERR,ERR,ERR,ERR,ERR,ERR,"Multi-dimensional indexing (e.g. `obj[:, None]`) is no longer supported. Convert to a numpy array before indexing instead.",None,None
0.2,EANR-AdaBoost2_DecisionTree | SMOTE,25,10000,0.5,0.9744897959183674,0.125,0.34901464795878684,0.10526315789473684,0.09090909090909091,0.9575,0.5497448979591837,"[[382  10]
 [  7   1]]",None,"[np.float64(3.330447651692556), np.float64(3.329913999619057), np.float64(0.4097915684471603), np.float64(-0.054673071934760425), np.float64(0.009682981249664173), np.float64(-0.0016519261790108395), np.float64(0.00028370005050116354), np.float64(-4.866714446663889e-05), np.float64(8.350199953374872e-06), np.float64(-1.432660807311396e-06), np.float64(2.458059405774242e-07), np.float64(-4.2173625927104024e-08), np.float64(7.235850533016704e-09), np.float64(-1.241475812583654e-09), np.float64(2.130038367455331e-10), np.float64(-3.654587743673665e-11), np.float64(6.270539643043565e-12), np.float64(-1.0760281554678595e-12), np.float64(1.8474111129759192e-13), np.float64(-3.1752378504280487e-14), np.float64(5.773159728050781e-15), np.float64(-1.3322676295501896e-15), np.float64(0.0), np.float64(0.0), np.float64(0.0)]"
0.2,EANR-AdaBoost2_SVM | SMOTE,25,10000,0.7,ERR,ERR,ERR,ERR,ERR,ERR,ERR,"Multi-dimensional indexing (e.g. `obj[:, None]`) is no longer supported. Convert to a numpy array before indexing instead.",None,None
0.2,EANR-AdaBoost2_WSVM | SMOTE,25,10000,0.7,ERR,ERR,ERR,ERR,ERR,ERR,ERR,"Multi-dimensional indexing (e.g. `obj[:, None]`) is no longer supported. Convert to a numpy array before indexing instead.",None,None
0.2,EANR-AdaBoost2_DecisionTree | SMOTE,25,10000,0.7,0.9795918367346939,0.0,0.0,0.0,0.0,0.96,0.4897959183673469,"[[384   8]
 [  8   0]]",None,"[np.float64(3.330447651692556), np.float64(3.329913999619057), np.float64(0.4097915684471603), np.float64(-0.054673071934760425), np.float64(0.009682981249664173), np.float64(-0.0016519261790108395), np.float64(0.00028370005050116354), np.float64(-4.866714446663889e-05), np.float64(8.350199953374872e-06), np.float64(-1.432660807311396e-06), np.float64(2.458059405774242e-07), np.float64(-4.2173625927104024e-08), np.float64(7.235850533016704e-09), np.float64(-1.241475812583654e-09), np.float64(2.130038367455331e-10), np.float64(-3.654587743673665e-11), np.float64(6.270539643043565e-12), np.float64(-1.0760281554678595e-12), np.float64(1.8474111129759192e-13), np.float64(-3.1752378504280487e-14), np.float64(5.773159728050781e-15), np.float64(-1.3322676295501896e-15), np.float64(0.0), np.float64(0.0), np.float64(0.0)]"
0.2,EANR-AdaBoost2_SVM | SMOTE,25,10000,1,ERR,ERR,ERR,ERR,ERR,ERR,ERR,"Multi-dimensional indexing (e.g. `obj[:, None]`) is no longer supported. Convert to a numpy array before indexing instead.",None,None
0.2,EANR-AdaBoost2_WSVM | SMOTE,25,10000,1,ERR,ERR,ERR,ERR,ERR,ERR,ERR,"Multi-dimensional indexing (e.g. `obj[:, None]`) is no longer supported. Convert to a numpy array before indexing instead.",None,None
0.2,EANR-AdaBoost2_DecisionTree | SMOTE,25,10000,1,0.9795918367346939,0.0,0.0,0.0,0.0,0.96,0.4897959183673469,"[[384   8]
 [  8   0]]",None,"[np.float64(3.330447651692556), np.float64(3.329913999619057), np.float64(0.4097915684471603), np.float64(-0.054673071934760425), np.float64(0.009682981249664173), np.float64(-0.0016519261790108395), np.float64(0.00028370005050116354), np.float64(-4.866714446663889e-05), np.float64(8.350199953374872e-06), np.float64(-1.432660807311396e-06), np.float64(2.458059405774242e-07), np.float64(-4.2173625927104024e-08), np.float64(7.235850533016704e-09), np.float64(-1.241475812583654e-09), np.float64(2.130038367455331e-10), np.float64(-3.654587743673665e-11), np.float64(6.270539643043565e-12), np.float64(-1.0760281554678595e-12), np.float64(1.8474111129759192e-13), np.float64(-3.1752378504280487e-14), np.float64(5.773159728050781e-15), np.float64(-1.3322676295501896e-15), np.float64(0.0), np.float64(0.0), np.float64(0.0)]"
0.2,EANR-AdaBoost2_SVM | SMOTE,25,10000,1.5,ERR,ERR,ERR,ERR,ERR,ERR,ERR,"Multi-dimensional indexing (e.g. `obj[:, None]`) is no longer supported. Convert to a numpy array before indexing instead.",None,None
0.2,EANR-AdaBoost2_WSVM | SMOTE,25,10000,1.5,ERR,ERR,ERR,ERR,ERR,ERR,ERR,"Multi-dimensional indexing (e.g. `obj[:, None]`) is no longer supported. Convert to a numpy array before indexing instead.",None,None
0.2,EANR-AdaBoost2_DecisionTree | SMOTE,25,10000,1.5,0.9744897959183674,0.0,0.0,0.0,0.0,0.955,0.4872448979591837,"[[382  10]
 [  8   0]]",None,"[np.float64(3.330447651692556), np.float64(3.329913999619057), np.float64(0.4097915684471603), np.float64(-0.054673071934760425), np.float64(0.009682981249664173), np.float64(-0.0016519261790108395), np.float64(0.00028370005050116354), np.float64(-4.866714446663889e-05), np.float64(8.350199953374872e-06), np.float64(-1.432660807311396e-06), np.float64(2.458059405774242e-07), np.float64(-4.2173625927104024e-08), np.float64(7.235850533016704e-09), np.float64(-1.241475812583654e-09), np.float64(2.130038367455331e-10), np.float64(-3.654587743673665e-11), np.float64(6.270539643043565e-12), np.float64(-1.0760281554678595e-12), np.float64(1.8474111129759192e-13), np.float64(-3.1752378504280487e-14), np.float64(5.773159728050781e-15), np.float64(-1.3322676295501896e-15), np.float64(0.0), np.float64(0.0), np.float64(0.0)]"
0.2,EANR-AdaBoost2_SVM | SMOTE,25,10000,2,ERR,ERR,ERR,ERR,ERR,ERR,ERR,"Multi-dimensional indexing (e.g. `obj[:, None]`) is no longer supported. Convert to a numpy array before indexing instead.",None,None
0.2,EANR-AdaBoost2_WSVM | SMOTE,25,10000,2,ERR,ERR,ERR,ERR,ERR,ERR,ERR,"Multi-dimensional indexing (e.g. `obj[:, None]`) is no longer supported. Convert to a numpy array before indexing instead.",None,None
0.2,EANR-AdaBoost2_DecisionTree | SMOTE,25,10000,2,0.9693877551020408,0.0,0.0,0.0,0.0,0.95,0.4846938775510204,"[[380  12]
 [  8   0]]",None,"[np.float64(3.330447651692556), np.float64(3.329913999619057), np.float64(0.4097915684471603), np.float64(-0.054673071934760425), np.float64(0.009682981249664173), np.float64(-0.0016519261790108395), np.float64(0.00028370005050116354), np.float64(-4.866714446663889e-05), np.float64(8.350199953374872e-06), np.float64(-1.432660807311396e-06), np.float64(2.458059405774242e-07), np.float64(-4.2173625927104024e-08), np.float64(7.235850533016704e-09), np.float64(-1.241475812583654e-09), np.float64(2.130038367455331e-10), np.float64(-3.654587743673665e-11), np.float64(6.270539643043565e-12), np.float64(-1.0760281554678595e-12), np.float64(1.8474111129759192e-13), np.float64(-3.1752378504280487e-14), np.float64(5.773159728050781e-15), np.float64(-1.3322676295501896e-15), np.float64(0.0), np.float64(0.0), np.float64(0.0)]"
