Test Size,Method,M,C,theta,SP,SE,Gmean,F1 Score,Precision,Accuracy,AUC,Ma tran nham lan,List of err_w,List of alpha
0.2,ImADA_12_SVM | ORIG,10,10,0.3,0,1,0,0.039215686,0.02,0.02,0.5,"[[  0 392]
 [  0   8]]",None,"[np.float64(2.5674523993782326), np.float64(0.23391283358362533), np.float64(-0.13529915666705072), np.float64(0.16584658743140882), np.float64(-0.1473990652213577), np.float64(0.11747951774459289), np.float64(-0.10004532660865413), np.float64(0.08337879847144104), np.float64(-0.06358135795454234), np.float64(0.049144134702419004)]"
0.2,ImADA_12_WSVM | ORIG,10,10,0.3,0,1,0,0.039215686,0.02,0.02,0.5,"[[  0 392]
 [  0   8]]",None,"[np.float64(2.5674523993782326), np.float64(0.21551280254384925), np.float64(-0.08512585409668072), np.float64(-0.1283162220263897), np.float64(0.13004329763720285), np.float64(-0.27172157254340745), np.float64(-0.06839359195601362), np.float64(-0.0392843829466443), np.float64(0.07308449125316616), np.float64(-0.06320744044184846)]"
0.2,ImADA_12_SVM | ORIG,10,10,0.5,0,1,0,0.039215686,0.02,0.02,0.5,"[[  0 392]
 [  0   8]]",None,"[np.float64(2.3110794477571814), np.float64(0.23391283358362566), np.float64(-0.13529915666705122), np.float64(0.16584658743140882), np.float64(-0.14739906522135726), np.float64(0.11747951774459255), np.float64(-0.10004532660865413), np.float64(0.08337879847144124), np.float64(-0.0635813579545419), np.float64(0.049144134702418504)]"
0.2,ImADA_12_WSVM | ORIG,10,10,0.5,0,1,0,0.039215686,0.02,0.02,0.5,"[[  0 392]
 [  0   8]]",None,"[np.float64(2.3110794477571814), np.float64(0.24642494904845252), np.float64(-0.171231367657694), np.float64(-0.1460183021864652), np.float64(0.12127719572877779), np.float64(-0.16573214250765844), np.float64(-0.028468101442239203), np.float64(0.04214563728837267), np.float64(-0.008038344892515197), np.float64(-0.018169449358176003)]"
0.2,ImADA_12_SVM | ORIG,10,10,0.7,0,1,0,0.039215686,0.02,0.02,0.5,"[[  0 392]
 [  0   8]]",None,"[np.float64(2.141882678782805), np.float64(0.23391283358362594), np.float64(-0.13529915666705122), np.float64(0.1658465874314081), np.float64(-0.147399065221357), np.float64(0.11747951774459289), np.float64(-0.1000453266086546), np.float64(0.08337879847144142), np.float64(-0.06358135795454209), np.float64(0.049144134702419004)]"
0.2,ImADA_12_WSVM | ORIG,10,10,0.7,0,1,0,0.039215686,0.02,0.02,0.5,"[[  0 392]
 [  0   8]]",None,"[np.float64(2.141882678782805), np.float64(0.2208582061667942), np.float64(-0.09129858418423942), np.float64(-0.13414072115921147), np.float64(0.10112251442102099), np.float64(-0.23171506666067493), np.float64(-0.02741299286394914), np.float64(0.1669977275207088), np.float64(-0.09302558602814058), np.float64(-0.0539366878064041)]"
0.2,ImADA_12_SVM | ORIG,10,10,1,0,1,0,0.039215686,0.02,0.02,0.5,"[[  0 392]
 [  0   8]]",None,"[np.float64(1.9621032741239401), np.float64(0.23391283358362616), np.float64(-0.13529915666705122), np.float64(0.16584658743140818), np.float64(-0.147399065221357), np.float64(0.11747951774459271), np.float64(-0.10004532660865413), np.float64(0.08337879847144124), np.float64(-0.0635813579545419), np.float64(0.049144134702418706)]"
0.2,ImADA_12_WSVM | ORIG,10,10,1,0,1,0,0.039215686,0.02,0.02,0.5,"[[  0 392]
 [  0   8]]",None,"[np.float64(1.9621032741239401), np.float64(0.2356233187426667), np.float64(-0.1037382728825203), np.float64(-0.1364249472573124), np.float64(0.12302869261738819), np.float64(-0.2528725571611907), np.float64(-0.029238016029982574), np.float64(0.03573512686468934), np.float64(-0.02889230902412289), np.float64(0.08204451483959907)]"
0.2,ImADA_12_SVM | ORIG,10,10,1.5,0,1,0,0.039215686,0.02,0.02,0.5,"[[  0 392]
 [  0   8]]",None,"[np.float64(1.7569649526986753), np.float64(0.23391283358362594), np.float64(-0.13529915666705167), np.float64(0.16584658743140882), np.float64(-0.14739906522135726), np.float64(0.11747951774459271), np.float64(-0.10004532660865441), np.float64(0.08337879847144124), np.float64(-0.0635813579545419), np.float64(0.049144134702418706)]"
0.2,ImADA_12_WSVM | ORIG,10,10,1.5,0,1,0,0.039215686,0.02,0.02,0.5,"[[  0 392]
 [  0   8]]",None,"[np.float64(1.7569649526986753), np.float64(0.21236743145516973), np.float64(-0.09716946835337291), np.float64(-0.13911148112388766), np.float64(0.10501201017000816), np.float64(-0.1471609619745532), np.float64(-0.04682893670407955), np.float64(0.09795947973873582), np.float64(-0.12075770883482018), np.float64(-0.0527839618701428)]"
0.2,ImADA_12_SVM | ORIG,10,10,2,0,1,0,0.039215686,0.02,0.02,0.5,"[[  0 392]
 [  0   8]]",None,"[np.float64(1.6107149744687672), np.float64(0.23391283358362575), np.float64(-0.13529915666705122), np.float64(0.16584658743140906), np.float64(-0.14739906522135726), np.float64(0.11747951774459255), np.float64(-0.10004532660865413), np.float64(0.08337879847144124), np.float64(-0.0635813579545419), np.float64(0.049144134702418504)]"
0.2,ImADA_12_WSVM | ORIG,10,10,2,0,1,0,0.039215686,0.02,0.02,0.5,"[[  0 392]
 [  0   8]]",None,"[np.float64(1.6107149744687672), np.float64(0.2349500306654916), np.float64(-0.10394994180829537), np.float64(-0.13701361607186055), np.float64(0.11816789102071264), np.float64(-0.2429203823649193), np.float64(-0.01819910624815014), np.float64(0.10182950431422909), np.float64(-0.08689083257680699), np.float64(-0.003587787475542676)]"
0.2,ImADA_12_SVM | ORIG,10,100,0.3,0,1,0,0.039215686,0.02,0.02,0.5,"[[  0 392]
 [  0   8]]",None,"[np.float64(2.5674523993782326), np.float64(-0.48767392128243403), np.float64(0.2207698814056511), np.float64(0.01154403007484133), np.float64(-0.0011368632579136242), np.float64(0.0001727497788056065), np.float64(-2.6230129161358144e-05), np.float64(3.983207686564935e-06), np.float64(-6.048642873101974e-07), np.float64(9.185104033024145e-08)]"
0.2,ImADA_12_WSVM | ORIG,10,100,0.3,0,1,0,0.039215686,0.02,0.02,0.5,"[[  0 392]
 [  0   8]]",None,"[np.float64(2.5674523993782326), np.float64(-0.22037655958111968), np.float64(-0.09118180547049555), np.float64(-0.2004852893827009), np.float64(0.13113573309362442), np.float64(0.2446137020060793), np.float64(-0.2647562619129894), np.float64(-0.011226125726955565), np.float64(0.05597212448911352), np.float64(-0.032417956392783824)]"
0.2,ImADA_12_SVM | ORIG,10,100,0.5,0,1,0,0.039215686,0.02,0.02,0.5,"[[  0 392]
 [  0   8]]",None,"[np.float64(2.3110794477571814), np.float64(-0.4876739212824335), np.float64(0.22076988140565096), np.float64(0.011544030074841113), np.float64(-0.0011368632579136242), np.float64(0.00017274977880516257), np.float64(-2.623012916113609e-05), np.float64(3.983207686564935e-06), np.float64(-6.048642873101974e-07), np.float64(9.1851040552286e-08)]"
0.2,ImADA_12_WSVM | ORIG,10,100,0.5,0,1,0,0.039215686,0.02,0.02,0.5,"[[  0 392]
 [  0   8]]",None,"[np.float64(2.3110794477571814), np.float64(-0.3016707191540543), np.float64(-7.718348318589557e-05), np.float64(-0.1322063635235593), np.float64(0.008842713716020899), np.float64(0.0621640131194563), np.float64(0.2246337117883965), np.float64(-0.26419099660692846), np.float64(-0.010697746918706567), np.float64(0.07339727736614356)]"
0.2,ImADA_12_SVM | ORIG,10,100,0.7,0,1,0,0.039215686,0.02,0.02,0.5,"[[  0 392]
 [  0   8]]",None,"[np.float64(2.141882678782805), np.float64(-0.48767392128243325), np.float64(0.22076988140565046), np.float64(0.011544030074841113), np.float64(-0.0011368632579136242), np.float64(0.0001727497788049406), np.float64(-2.623012916091403e-05), np.float64(3.983207686564935e-06), np.float64(-6.048642870881525e-07), np.float64(9.185104033024145e-08)]"
0.2,ImADA_12_WSVM | ORIG,10,100,0.7,0,1,0,0.039215686,0.02,0.02,0.5,"[[  0 392]
 [  0   8]]",None,"[np.float64(2.141882678782805), np.float64(-0.301670719154054), np.float64(-7.718348318611766e-05), np.float64(-0.13220636352355952), np.float64(0.008842713716021118), np.float64(0.062164013119455915), np.float64(0.22463371178839672), np.float64(-0.264190996606928), np.float64(-0.010697746918707248), np.float64(0.07339727736614403)]"
0.2,ImADA_12_SVM | ORIG,10,100,1,0,1,0,0.039215686,0.02,0.02,0.5,"[[  0 392]
 [  0   8]]",None,"[np.float64(1.9621032741239401), np.float64(-0.4876739212824335), np.float64(0.22076988140565074), np.float64(0.011544030074841113), np.float64(-0.0011368632579136242), np.float64(0.00017274977880516257), np.float64(-2.623012916113609e-05), np.float64(3.983207686564935e-06), np.float64(-6.048642870881525e-07), np.float64(9.185104033024145e-08)]"
0.2,ImADA_12_WSVM | ORIG,10,100,1,0,1,0,0.039215686,0.02,0.02,0.5,"[[  0 392]
 [  0   8]]",None,"[np.float64(1.9621032741239401), np.float64(-0.301670719154054), np.float64(-7.718348318678389e-05), np.float64(-0.132206363523559), np.float64(0.00884271371602068), np.float64(0.0621640131194563), np.float64(0.22463371178839658), np.float64(-0.26419099660692846), np.float64(-0.010697746918706794), np.float64(0.07339727736614422)]"
0.2,ImADA_12_SVM | ORIG,10,100,1.5,0,1,0,0.039215686,0.02,0.02,0.5,"[[  0 392]
 [  0   8]]",None,"[np.float64(1.7569649526986753), np.float64(-0.4876739212824335), np.float64(0.22076988140565074), np.float64(0.01154403007484133), np.float64(-0.0011368632579136242), np.float64(0.00017274977880538453), np.float64(-2.6230129161358144e-05), np.float64(3.983207686564935e-06), np.float64(-6.048642870881525e-07), np.float64(9.185104033024145e-08)]"
0.2,ImADA_12_WSVM | ORIG,10,100,1.5,0,1,0,0.039215686,0.02,0.02,0.5,"[[  0 392]
 [  0   8]]",None,"[np.float64(1.7569649526986753), np.float64(-0.3016707191540543), np.float64(-7.718348318589557e-05), np.float64(-0.1322063635235593), np.float64(0.00884271371602068), np.float64(0.0621640131194563), np.float64(0.2246337117883965), np.float64(-0.264190996606928), np.float64(-0.010697746918707021), np.float64(0.07339727736614383)]"
0.2,ImADA_12_SVM | ORIG,10,100,2,0,1,0,0.039215686,0.02,0.02,0.5,"[[  0 392]
 [  0   8]]",None,"[np.float64(1.6107149744687672), np.float64(-0.48767392128243403), np.float64(0.22076988140565096), np.float64(0.011544030074841113), np.float64(-0.0011368632579136242), np.float64(0.0001727497788056065), np.float64(-2.6230129161358144e-05), np.float64(3.983207686564935e-06), np.float64(-6.048642873101974e-07), np.float64(9.185104044126373e-08)]"
0.2,ImADA_12_WSVM | ORIG,10,100,2,0,1,0,0.039215686,0.02,0.02,0.5,"[[  0 392]
 [  0   8]]",None,"[np.float64(1.6107149744687672), np.float64(-0.30167071915405475), np.float64(-7.718348318611766e-05), np.float64(-0.13220636352355952), np.float64(0.008842713716021227), np.float64(0.0621640131194563), np.float64(0.22463371178839672), np.float64(-0.26419099660692846), np.float64(-0.010697746918706794), np.float64(0.07339727736614383)]"
0.2,ImADA_12_SVM | ORIG,10,1000,0.3,0,1,0,0.039215686,0.02,0.02,0.5,"[[  0 392]
 [  0   8]]",None,"[np.float64(2.58973342734187), np.float64(-0.4767103191708968), np.float64(0.20777019812868236), np.float64(0.0453818658281094), np.float64(-0.004751114795747381), np.float64(-0.001104481322216494), np.float64(0.00016067220384934983), np.float64(-2.3356649672809468e-05), np.float64(3.3956726717595717e-06), np.float64(-4.93667437164906e-07)]"
0.2,ImADA_12_WSVM | ORIG,10,1000,0.3,0,1,0,0.039215686,0.02,0.02,0.5,"[[  0 392]
 [  0   8]]",None,"[np.float64(2.58973342734187), np.float64(-0.36657237663069503), np.float64(0.08236381558335586), np.float64(-0.09354921619658277), np.float64(-0.03778747616373331), np.float64(0.20055864693208444), np.float64(-0.19008189913703055), np.float64(0.032766975012829026), np.float64(0.1390246889426273), np.float64(-0.14477360532121236)]"
0.2,ImADA_12_WSVM | ORIG,10,1000,1,0.020408163,1,0.142857143,0.04,0.020408163,0.04,0.510204082,"[[  8 384]
 [  0   8]]",None,"[np.float64(-2.1716399328369898), np.float64(0.8977801272749129), np.float64(-0.4395416648210042), np.float64(0.07107651203919327), np.float64(0.027349779240079287), np.float64(-0.005741935297245259), np.float64(-0.002542057173043914), np.float64(0.00029633547584413016), np.float64(-0.0019029183248320323), np.float64(-0.04406517612879049)]"
0.2,ImADA_12_WSVM | ORIG,10,1000,1.5,0.035714286,1,0.188982237,0.040609137,0.020725389,0.055,0.517857143,"[[ 14 378]
 [  0   8]]",None,"[np.float64(-1.6780135382834025), np.float64(0.6927456648228897), np.float64(-0.047989795686537697), np.float64(0.03829835854118171), np.float64(-0.01922591828391496), np.float64(0.009085105616327), np.float64(-0.0008928167249981829), np.float64(4.4035343856053434e-05), np.float64(-6.861972021153667e-06), np.float64(1.0693238170133918e-06)]"
0.2,ImADA_12_SVM | ORIG,10,5000,0.3,0.005102041,1,0.071428571,0.039408867,0.020100503,0.025,0.50255102,"[[  2 390]
 [  0   8]]",None,"[np.float64(-1.7830255721686887), np.float64(0.7107982291423119), np.float64(-0.04838703050229011), np.float64(0.017362044913365265), np.float64(-0.002641810235896587), np.float64(0.0004388548778813256), np.float64(-7.277141582674284e-05), np.float64(1.2070637721667355e-05), np.float64(-2.0020648179497493e-06), np.float64(3.320699787114554e-07)]"
0.2,ImADA_12_WSVM | ORIG,10,5000,0.3,0,1,0,0.039215686,0.02,0.02,0.5,"[[  0 392]
 [  0   8]]",None,"[np.float64(-1.7830255721686887), np.float64(0.7662796434914405), np.float64(-0.11890217844159141), np.float64(0.03695301972540444), np.float64(-0.007512394387965562), np.float64(-0.0006236433289502207), np.float64(0.001660836723707452), np.float64(-0.0012832931313506094), np.float64(0.0007805504275356394), np.float64(-0.0004586982545956917)]"
0.2,ImADA_12_WSVM | ORIG,10,5000,0.5,0,1,0,0.039215686,0.02,0.02,0.5,"[[  0 392]
 [  0   8]]",None,"[np.float64(-1.764549402602487), np.float64(0.7212456890247962), np.float64(-0.10099647420666065), np.float64(0.045119269722955435), np.float64(-0.02305564794934575), np.float64(0.012797840951875503), np.float64(-0.010096216697915888), np.float64(0.009561104906030944), np.float64(-0.009590723964634252), np.float64(0.009402224255249893)]"
0.2,ImADA_12_SVM | ORIG,10,10000,0.3,0.007653061,1,0.087481777,0.039506173,0.020151134,0.0275,0.503826531,"[[  3 389]
 [  0   8]]",None,"[np.float64(-1.7830951505677346), np.float64(0.7378293663457395), np.float64(-0.11083011861598104), np.float64(0.018537008248280435), np.float64(0.005551298338412922), np.float64(-0.0008361938840861452), np.float64(4.339083763991232e-05), np.float64(-7.323733826612181e-06), np.float64(1.2361749543810652e-06), np.float64(-2.0865325135887983e-07)]"
0.2,ImADA_12_WSVM | ORIG,10,10000,0.3,0,1,0,0.039215686,0.02,0.02,0.5,"[[  0 392]
 [  0   8]]",None,"[np.float64(-1.7830951505677346), np.float64(0.7375937255397741), np.float64(-0.11105511419845247), np.float64(0.0274402621921393), np.float64(-0.0038563516136916835), np.float64(0.0005744316880057956), np.float64(-9.705372006360883e-05), np.float64(1.640425237311596e-05), np.float64(-2.7725021938403722e-06), np.float64(4.6858914329167924e-07)]"
0.2,ImADA_12_SVM | ORIG,15,10,0.3,0,1,0,0.039215686,0.02,0.02,0.5,"[[  0 392]
 [  0   8]]",None,"[np.float64(2.5674523993782326), np.float64(0.23391283358362533), np.float64(-0.13529915666705072), np.float64(0.16584658743140882), np.float64(-0.1473990652213577), np.float64(0.11747951774459289), np.float64(-0.10004532660865413), np.float64(0.08337879847144104), np.float64(-0.06358135795454234), np.float64(0.049144134702419004), np.float64(-0.03457093571685296), np.float64(0.013866744912131307), np.float64(-0.0028863871484038134), np.float64(2.2204460492503126e-16), np.float64(-4.440892098500628e-16)]"
0.2,ImADA_12_WSVM | ORIG,15,10,0.3,0,1,0,0.039215686,0.02,0.02,0.5,"[[  0 392]
 [  0   8]]",None,"[np.float64(2.5674523993782326), np.float64(0.21551280254384925), np.float64(-0.08512585409668072), np.float64(-0.1283162220263897), np.float64(0.13004329763720285), np.float64(-0.27172157254340745), np.float64(-0.06839359195601362), np.float64(-0.0392843829466443), np.float64(0.07308449125316616), np.float64(-0.06320744044184846), np.float64(0.0775496929567681), np.float64(-0.08521766315053324), np.float64(0.09550549739808968), np.float64(0.08202808741831077), np.float64(-0.049742385613123205)]"
0.2,ImADA_12_SVM | ORIG,15,10,0.5,0,1,0,0.039215686,0.02,0.02,0.5,"[[  0 392]
 [  0   8]]",None,"[np.float64(2.3110794477571814), np.float64(0.23391283358362566), np.float64(-0.13529915666705122), np.float64(0.16584658743140882), np.float64(-0.14739906522135726), np.float64(0.11747951774459255), np.float64(-0.10004532660865413), np.float64(0.08337879847144124), np.float64(-0.0635813579545419), np.float64(0.049144134702418504), np.float64(-0.03457093571685296), np.float64(0.013866744912131307), np.float64(-0.0028863871484040367), np.float64(2.2204460492503126e-16), np.float64(-4.440892098500628e-16)]"
0.2,ImADA_12_WSVM | ORIG,15,10,0.5,0,1,0,0.039215686,0.02,0.02,0.5,"[[  0 392]
 [  0   8]]",None,"[np.float64(2.3110794477571814), np.float64(0.24642494904845252), np.float64(-0.171231367657694), np.float64(-0.1460183021864652), np.float64(0.12127719572877779), np.float64(-0.16573214250765844), np.float64(-0.028468101442239203), np.float64(0.04214563728837267), np.float64(-0.008038344892515197), np.float64(-0.018169449358176003), np.float64(0.09431032655065998), np.float64(-0.1029648021063998), np.float64(0.03575756620533113), np.float64(0.05588787537260475), np.float64(-0.04887221386287393)]"
0.2,ImADA_12_SVM | ORIG,15,10,0.7,0,1,0,0.039215686,0.02,0.02,0.5,"[[  0 392]
 [  0   8]]",None,"[np.float64(2.141882678782805), np.float64(0.23391283358362594), np.float64(-0.13529915666705122), np.float64(0.1658465874314081), np.float64(-0.147399065221357), np.float64(0.11747951774459289), np.float64(-0.1000453266086546), np.float64(0.08337879847144142), np.float64(-0.06358135795454209), np.float64(0.049144134702419004), np.float64(-0.03457093571685296), np.float64(0.013866744912131416), np.float64(-0.0028863871484040367), np.float64(-4.440892098500628e-16), np.float64(4.440892098500624e-16)]"
0.2,ImADA_12_WSVM | ORIG,15,10,0.7,0,1,0,0.039215686,0.02,0.02,0.5,"[[  0 392]
 [  0   8]]",None,"[np.float64(2.141882678782805), np.float64(0.2208582061667942), np.float64(-0.09129858418423942), np.float64(-0.13414072115921147), np.float64(0.10112251442102099), np.float64(-0.23171506666067493), np.float64(-0.02741299286394914), np.float64(0.1669977275207088), np.float64(-0.09302558602814058), np.float64(-0.0539366878064041), np.float64(0.06439455299307692), np.float64(-0.13402404589874511), np.float64(0.036725012161861754), np.float64(0.03315306905916733), np.float64(-0.4596256108256956)]"
0.2,ImADA_12_SVM | ORIG,15,10,1,0,1,0,0.039215686,0.02,0.02,0.5,"[[  0 392]
 [  0   8]]",None,"[np.float64(1.9621032741239401), np.float64(0.23391283358362616), np.float64(-0.13529915666705122), np.float64(0.16584658743140818), np.float64(-0.147399065221357), np.float64(0.11747951774459271), np.float64(-0.10004532660865413), np.float64(0.08337879847144124), np.float64(-0.0635813579545419), np.float64(0.049144134702418706), np.float64(-0.03457093571685296), np.float64(0.013866744912131523), np.float64(-0.0028863871484040367), np.float64(-4.440892098500628e-16), np.float64(0.0)]"
0.2,ImADA_12_WSVM | ORIG,15,10,1,0,1,0,0.039215686,0.02,0.02,0.5,"[[  0 392]
 [  0   8]]",None,"[np.float64(1.9621032741239401), np.float64(0.2356233187426667), np.float64(-0.1037382728825203), np.float64(-0.1364249472573124), np.float64(0.12302869261738819), np.float64(-0.2528725571611907), np.float64(-0.029238016029982574), np.float64(0.03573512686468934), np.float64(-0.02889230902412289), np.float64(0.08204451483959907), np.float64(-0.08776618360897208), np.float64(0.038012177538957595), np.float64(0.0659442625982871), np.float64(-0.06733593808343159), np.float64(-0.036294128223537434)]"
0.2,ImADA_12_SVM | ORIG,15,10,1.5,0,1,0,0.039215686,0.02,0.02,0.5,"[[  0 392]
 [  0   8]]",None,"[np.float64(1.7569649526986753), np.float64(0.23391283358362594), np.float64(-0.13529915666705167), np.float64(0.16584658743140882), np.float64(-0.14739906522135726), np.float64(0.11747951774459271), np.float64(-0.10004532660865441), np.float64(0.08337879847144124), np.float64(-0.0635813579545419), np.float64(0.049144134702418706), np.float64(-0.03457093571685279), np.float64(0.013866744912131307), np.float64(-0.0028863871484040367), np.float64(-2.2204460492503136e-16), np.float64(-2.2204460492503136e-16)]"
0.2,ImADA_12_WSVM | ORIG,15,10,1.5,0,1,0,0.039215686,0.02,0.02,0.5,"[[  0 392]
 [  0   8]]",None,"[np.float64(1.7569649526986753), np.float64(0.21236743145516973), np.float64(-0.09716946835337291), np.float64(-0.13911148112388766), np.float64(0.10501201017000816), np.float64(-0.1471609619745532), np.float64(-0.04682893670407955), np.float64(0.09795947973873582), np.float64(-0.12075770883482018), np.float64(-0.0527839618701428), np.float64(0.09711653026468035), np.float64(-0.1251663071096125), np.float64(0.002967343354215046), np.float64(0.07003165269360567), np.float64(-0.39773390657166025)]"
0.2,ImADA_12_SVM | ORIG,15,10,2,0,1,0,0.039215686,0.02,0.02,0.5,"[[  0 392]
 [  0   8]]",None,"[np.float64(1.6107149744687672), np.float64(0.23391283358362575), np.float64(-0.13529915666705122), np.float64(0.16584658743140906), np.float64(-0.14739906522135726), np.float64(0.11747951774459255), np.float64(-0.10004532660865413), np.float64(0.08337879847144124), np.float64(-0.0635813579545419), np.float64(0.049144134702418504), np.float64(-0.03457093571685296), np.float64(0.013866744912131307), np.float64(-0.0028863871484040367), np.float64(2.2204460492503126e-16), np.float64(-4.440892098500628e-16)]"
0.2,ImADA_12_WSVM | ORIG,15,10,2,0,1,0,0.039215686,0.02,0.02,0.5,"[[  0 392]
 [  0   8]]",None,"[np.float64(1.6107149744687672), np.float64(0.2349500306654916), np.float64(-0.10394994180829537), np.float64(-0.13701361607186055), np.float64(0.11816789102071264), np.float64(-0.2429203823649193), np.float64(-0.01819910624815014), np.float64(0.10182950431422909), np.float64(-0.08689083257680699), np.float64(-0.003587787475542676), np.float64(0.05049004676197323), np.float64(0.006922787002726651), np.float64(-0.03162055015910715), np.float64(0.031101277859569756), np.float64(-0.08293669003347712)]"
0.2,ImADA_12_SVM | ORIG,15,100,0.3,0,1,0,0.039215686,0.02,0.02,0.5,"[[  0 392]
 [  0   8]]",None,"[np.float64(2.5674523993782326), np.float64(-0.48767392128243403), np.float64(0.2207698814056511), np.float64(0.01154403007484133), np.float64(-0.0011368632579136242), np.float64(0.0001727497788056065), np.float64(-2.6230129161358144e-05), np.float64(3.983207686564935e-06), np.float64(-6.048642873101974e-07), np.float64(9.185104033024145e-08), np.float64(-1.3947939220527244e-08), np.float64(2.1180495090691863e-09), np.float64(-3.2163449691722063e-10), np.float64(4.884148640843671e-11), np.float64(-7.416955938365832e-12)]"
0.2,ImADA_12_WSVM | ORIG,15,100,0.3,0,1,0,0.039215686,0.02,0.02,0.5,"[[  0 392]
 [  0   8]]",None,"[np.float64(2.5674523993782326), np.float64(-0.22037655958111968), np.float64(-0.09118180547049555), np.float64(-0.2004852893827009), np.float64(0.13113573309362442), np.float64(0.2446137020060793), np.float64(-0.2647562619129894), np.float64(-0.011226125726955565), np.float64(0.05597212448911352), np.float64(-0.032417956392783824), np.float64(0.004294384574780622), np.float64(-0.0010399599691794938), np.float64(0.0005653227368059578), np.float64(0.023156526306380737), np.float64(-0.024760662987875517)]"
0.2,ImADA_12_SVM | ORIG,15,100,0.5,0,1,0,0.039215686,0.02,0.02,0.5,"[[  0 392]
 [  0   8]]",None,"[np.float64(2.3110794477571814), np.float64(-0.4876739212824335), np.float64(0.22076988140565096), np.float64(0.011544030074841113), np.float64(-0.0011368632579136242), np.float64(0.00017274977880516257), np.float64(-2.623012916113609e-05), np.float64(3.983207686564935e-06), np.float64(-6.048642873101974e-07), np.float64(9.1851040552286e-08), np.float64(-1.3947939220527244e-08), np.float64(2.118049287024582e-09), np.float64(-3.2163427487261555e-10), np.float64(4.884137538613426e-11), np.float64(-7.416733893760903e-12)]"
0.2,ImADA_12_WSVM | ORIG,15,100,0.5,0,1,0,0.039215686,0.02,0.02,0.5,"[[  0 392]
 [  0   8]]",None,"[np.float64(2.3110794477571814), np.float64(-0.3016707191540543), np.float64(-7.718348318589557e-05), np.float64(-0.1322063635235593), np.float64(0.008842713716020899), np.float64(0.0621640131194563), np.float64(0.2246337117883965), np.float64(-0.26419099660692846), np.float64(-0.010697746918706567), np.float64(0.07339727736614356), np.float64(-0.012944475719151988), np.float64(-0.036209442646661545), np.float64(0.04324580523456854), np.float64(-0.006884007115903856), np.float64(-0.03264067218979121)]"
0.2,ImADA_12_SVM | ORIG,15,100,0.7,0,1,0,0.039215686,0.02,0.02,0.5,"[[  0 392]
 [  0   8]]",None,"[np.float64(2.141882678782805), np.float64(-0.48767392128243325), np.float64(0.22076988140565046), np.float64(0.011544030074841113), np.float64(-0.0011368632579136242), np.float64(0.0001727497788049406), np.float64(-2.623012916091403e-05), np.float64(3.983207686564935e-06), np.float64(-6.048642870881525e-07), np.float64(9.185104033024145e-08), np.float64(-1.3947939220527244e-08), np.float64(2.118049287024582e-09), np.float64(-3.2163449691722063e-10), np.float64(4.884148640843671e-11), np.float64(-7.416511849155975e-12)]"
0.2,ImADA_12_WSVM | ORIG,15,100,0.7,0,1,0,0.039215686,0.02,0.02,0.5,"[[  0 392]
 [  0   8]]",None,"[np.float64(2.141882678782805), np.float64(-0.301670719154054), np.float64(-7.718348318611766e-05), np.float64(-0.13220636352355952), np.float64(0.008842713716021118), np.float64(0.062164013119455915), np.float64(0.22463371178839672), np.float64(-0.264190996606928), np.float64(-0.010697746918707248), np.float64(0.07339727736614403), np.float64(-0.012944475719151988), np.float64(-0.0362094426466613), np.float64(0.043245805234568134), np.float64(-0.0068840071159036315), np.float64(-0.03264067218979121)]"
0.2,ImADA_12_SVM | ORIG,15,100,1,0,1,0,0.039215686,0.02,0.02,0.5,"[[  0 392]
 [  0   8]]",None,"[np.float64(1.9621032741239401), np.float64(-0.4876739212824335), np.float64(0.22076988140565074), np.float64(0.011544030074841113), np.float64(-0.0011368632579136242), np.float64(0.00017274977880516257), np.float64(-2.623012916113609e-05), np.float64(3.983207686564935e-06), np.float64(-6.048642870881525e-07), np.float64(9.185104033024145e-08), np.float64(-1.3947939220527244e-08), np.float64(2.1180493980468843e-09), np.float64(-3.2163449691722063e-10), np.float64(4.884148640843671e-11), np.float64(-7.416511849155975e-12)]"
0.2,ImADA_12_WSVM | ORIG,15,100,1,0,1,0,0.039215686,0.02,0.02,0.5,"[[  0 392]
 [  0   8]]",None,"[np.float64(1.9621032741239401), np.float64(-0.301670719154054), np.float64(-7.718348318678389e-05), np.float64(-0.132206363523559), np.float64(0.00884271371602068), np.float64(0.0621640131194563), np.float64(0.22463371178839658), np.float64(-0.26419099660692846), np.float64(-0.010697746918706794), np.float64(0.07339727736614422), np.float64(-0.012944475719152443), np.float64(-0.036209442646661066), np.float64(0.043245805234568134), np.float64(-0.006884007115903856), np.float64(-0.03264067218979121)]"
0.2,ImADA_12_SVM | ORIG,15,100,1.5,0,1,0,0.039215686,0.02,0.02,0.5,"[[  0 392]
 [  0   8]]",None,"[np.float64(1.7569649526986753), np.float64(-0.4876739212824335), np.float64(0.22076988140565074), np.float64(0.01154403007484133), np.float64(-0.0011368632579136242), np.float64(0.00017274977880538453), np.float64(-2.6230129161358144e-05), np.float64(3.983207686564935e-06), np.float64(-6.048642870881525e-07), np.float64(9.185104033024145e-08), np.float64(-1.3947939220527244e-08), np.float64(2.118049287024582e-09), np.float64(-3.2163449691722063e-10), np.float64(4.884137538613426e-11), np.float64(-7.416511849155975e-12)]"
0.2,ImADA_12_WSVM | ORIG,15,100,1.5,0,1,0,0.039215686,0.02,0.02,0.5,"[[  0 392]
 [  0   8]]",None,"[np.float64(1.7569649526986753), np.float64(-0.3016707191540543), np.float64(-7.718348318589557e-05), np.float64(-0.1322063635235593), np.float64(0.00884271371602068), np.float64(0.0621640131194563), np.float64(0.2246337117883965), np.float64(-0.264190996606928), np.float64(-0.010697746918707021), np.float64(0.07339727736614383), np.float64(-0.012944475719151988), np.float64(-0.036209442646661545), np.float64(0.04324580523456854), np.float64(-0.006884007115903856), np.float64(-0.03264067218979121)]"
0.2,ImADA_12_SVM | ORIG,15,100,2,0,1,0,0.039215686,0.02,0.02,0.5,"[[  0 392]
 [  0   8]]",None,"[np.float64(1.6107149744687672), np.float64(-0.48767392128243403), np.float64(0.22076988140565096), np.float64(0.011544030074841113), np.float64(-0.0011368632579136242), np.float64(0.0001727497788056065), np.float64(-2.6230129161358144e-05), np.float64(3.983207686564935e-06), np.float64(-6.048642873101974e-07), np.float64(9.185104044126373e-08), np.float64(-1.3947939220527244e-08), np.float64(2.1180493980468843e-09), np.float64(-3.2163427487261555e-10), np.float64(4.884137538613426e-11), np.float64(-7.416511849155975e-12)]"
0.2,ImADA_12_WSVM | ORIG,15,100,2,0,1,0,0.039215686,0.02,0.02,0.5,"[[  0 392]
 [  0   8]]",None,"[np.float64(1.6107149744687672), np.float64(-0.30167071915405475), np.float64(-7.718348318611766e-05), np.float64(-0.13220636352355952), np.float64(0.008842713716021227), np.float64(0.0621640131194563), np.float64(0.22463371178839672), np.float64(-0.26419099660692846), np.float64(-0.010697746918706794), np.float64(0.07339727736614383), np.float64(-0.01294447571915176), np.float64(-0.03620944264666172), np.float64(0.04324580523456854), np.float64(-0.006884007115903856), np.float64(-0.03264067218979121)]"
0.2,ImADA_12_SVM | ORIG,15,1000,0.3,0,1,0,0.039215686,0.02,0.02,0.5,"[[  0 392]
 [  0   8]]",None,"[np.float64(2.58973342734187), np.float64(-0.4767103191708968), np.float64(0.20777019812868236), np.float64(0.0453818658281094), np.float64(-0.004751114795747381), np.float64(-0.001104481322216494), np.float64(0.00016067220384934983), np.float64(-2.3356649672809468e-05), np.float64(3.3956726717595717e-06), np.float64(-4.93667437164906e-07), np.float64(7.177019196772056e-08), np.float64(-1.0434066497545688e-08), np.float64(1.5169212529724234e-09), np.float64(-2.205322591695214e-10), np.float64(3.206113152639982e-11)]"
0.2,ImADA_12_WSVM | ORIG,15,1000,0.3,0,1,0,0.039215686,0.02,0.02,0.5,"[[  0 392]
 [  0   8]]",None,"[np.float64(2.58973342734187), np.float64(-0.36657237663069503), np.float64(0.08236381558335586), np.float64(-0.09354921619658277), np.float64(-0.03778747616373331), np.float64(0.20055864693208444), np.float64(-0.19008189913703055), np.float64(0.032766975012829026), np.float64(0.1390246889426273), np.float64(-0.14477360532121236), np.float64(0.025548324483526657), np.float64(-0.0016603715738426306), np.float64(-0.0007806101440707037), np.float64(0.00047502678949028513), np.float64(-0.0004325297124507448)]"
0.2,ImADA_12_WSVM | ORIG,15,1000,0.5,0.028061224,1,0.167514849,0.040302267,0.020565553,0.0475,0.514030612,"[[ 11 381]
 [  0   8]]",None,"[np.float64(2.3906808345246557), np.float64(-0.2870191931880107), np.float64(-0.025746280258143652), np.float64(0.14656078241463164), np.float64(-0.19365855884210592), np.float64(0.18212115853190838), np.float64(-0.15060315344998337), np.float64(0.10714177901430853), np.float64(-0.0897098441171644), np.float64(0.05937877253634695), np.float64(-0.05130713900936806), np.float64(0.049709702935814545), np.float64(-0.04679534668533004), np.float64(0.039938091934438875), np.float64(-0.037245093266552884)]"
0.2,ImADA_12_WSVM | ORIG,15,1000,1,0.020408163,1,0.142857143,0.04,0.020408163,0.04,0.510204082,"[[  8 384]
 [  0   8]]",None,"[np.float64(-2.1716399328369898), np.float64(0.8977801272749129), np.float64(-0.4395416648210042), np.float64(0.07107651203919327), np.float64(0.027349779240079287), np.float64(-0.005741935297245259), np.float64(-0.002542057173043914), np.float64(0.00029633547584413016), np.float64(-0.0019029183248320323), np.float64(-0.04406517612879049), np.float64(0.0014369944410618115), np.float64(0.002509052130930938), np.float64(-0.0007915007059562463), np.float64(0.0001330857708453715), np.float64(0.00043749169814796335)]"
0.2,ImADA_12_WSVM | ORIG,15,1000,1.5,0.035714286,1,0.188982237,0.040609137,0.020725389,0.055,0.517857143,"[[ 14 378]
 [  0   8]]",None,"[np.float64(-1.6780135382834025), np.float64(0.6927456648228897), np.float64(-0.047989795686537697), np.float64(0.03829835854118171), np.float64(-0.01922591828391496), np.float64(0.009085105616327), np.float64(-0.0008928167249981829), np.float64(4.4035343856053434e-05), np.float64(-6.861972021153667e-06), np.float64(1.0693238170133918e-06), np.float64(-1.666355082925908e-07), np.float64(2.596726277631154e-08), np.float64(-4.046548668089499e-09), np.float64(6.305846951735642e-10), np.float64(-9.826583991922878e-11)]"
0.2,ImADA_12_SVM | ORIG,15,5000,0.3,0.005102041,1,0.071428571,0.039408867,0.020100503,0.025,0.50255102,"[[  2 390]
 [  0   8]]",None,"[np.float64(-1.7830255721686887), np.float64(0.7107982291423119), np.float64(-0.04838703050229011), np.float64(0.017362044913365265), np.float64(-0.002641810235896587), np.float64(0.0004388548778813256), np.float64(-7.277141582674284e-05), np.float64(1.2070637721667355e-05), np.float64(-2.0020648179497493e-06), np.float64(3.320699787114554e-07), np.float64(-5.507829701483313e-08), np.float64(9.135482176102034e-09), np.float64(-1.5152439326238338e-09), np.float64(2.513242946457017e-10), np.float64(-4.1686210041153266e-11)]"
0.2,ImADA_12_WSVM | ORIG,15,5000,0.3,0,1,0,0.039215686,0.02,0.02,0.5,"[[  0 392]
 [  0   8]]",None,"[np.float64(-1.7830255721686887), np.float64(0.7662796434914405), np.float64(-0.11890217844159141), np.float64(0.03695301972540444), np.float64(-0.007512394387965562), np.float64(-0.0006236433289502207), np.float64(0.001660836723707452), np.float64(-0.0012832931313506094), np.float64(0.0007805504275356394), np.float64(-0.0004586982545956917), np.float64(0.0001859798816330509), np.float64(-0.00014042936512420216), np.float64(0.00013280830142834625), np.float64(-0.00013152406750469405), np.float64(0.0001312929177434128)]"
0.2,ImADA_12_WSVM | ORIG,15,5000,0.5,0,1,0,0.039215686,0.02,0.02,0.5,"[[  0 392]
 [  0   8]]",None,"[np.float64(-1.764549402602487), np.float64(0.7212456890247962), np.float64(-0.10099647420666065), np.float64(0.045119269722955435), np.float64(-0.02305564794934575), np.float64(0.012797840951875503), np.float64(-0.010096216697915888), np.float64(0.009561104906030944), np.float64(-0.009590723964634252), np.float64(0.009402224255249893), np.float64(-0.009062007605705058), np.float64(0.009002764557881302), np.float64(-0.00870117039509309), np.float64(0.008177760982630778), np.float64(-0.00742240479641276)]"
0.2,ImADA_12_SVM | ORIG,15,10000,0.3,0.007653061,1,0.087481777,0.039506173,0.020151134,0.0275,0.503826531,"[[  3 389]
 [  0   8]]",None,"[np.float64(-1.7830951505677346), np.float64(0.7378293663457395), np.float64(-0.11083011861598104), np.float64(0.018537008248280435), np.float64(0.005551298338412922), np.float64(-0.0008361938840861452), np.float64(4.339083763991232e-05), np.float64(-7.323733826612181e-06), np.float64(1.2361749543810652e-06), np.float64(-2.0865325135887983e-07), np.float64(3.521849054921494e-08), np.float64(-5.944512417675957e-09), np.float64(1.0033716070147982e-09), np.float64(-1.6935874927552196e-10), np.float64(2.8585800392626458e-11)]"
0.2,ImADA_12_WSVM | ORIG,15,10000,0.3,0,1,0,0.039215686,0.02,0.02,0.5,"[[  0 392]
 [  0   8]]",None,"[np.float64(-1.7830951505677346), np.float64(0.7375937255397741), np.float64(-0.11105511419845247), np.float64(0.0274402621921393), np.float64(-0.0038563516136916835), np.float64(0.0005744316880057956), np.float64(-9.705372006360883e-05), np.float64(1.640425237311596e-05), np.float64(-2.7725021938403722e-06), np.float64(4.6858914329167924e-07), np.float64(-7.919754585421646e-08), np.float64(1.3385400164510582e-08), np.float64(-2.2623036828427486e-09), np.float64(3.8235814499944705e-10), np.float64(-6.462341773234745e-11)]"
0.2,ImADA_12_SVM | ORIG,20,10,0.3,0,1,0,0.039215686,0.02,0.02,0.5,"[[  0 392]
 [  0   8]]",None,"[np.float64(2.5674523993782326), np.float64(0.23391283358362533), np.float64(-0.13529915666705072), np.float64(0.16584658743140882), np.float64(-0.1473990652213577), np.float64(0.11747951774459289), np.float64(-0.10004532660865413), np.float64(0.08337879847144104), np.float64(-0.06358135795454234), np.float64(0.049144134702419004), np.float64(-0.03457093571685296), np.float64(0.013866744912131307), np.float64(-0.0028863871484038134), np.float64(2.2204460492503126e-16), np.float64(-4.440892098500628e-16), np.float64(1.1102230246251564e-16), np.float64(1.1102230246251564e-16), np.float64(1.1102230246251564e-16), np.float64(-4.440892098500628e-16), np.float64(2.2204460492503126e-16)]"
0.2,ImADA_12_WSVM | ORIG,20,10,0.3,0,1,0,0.039215686,0.02,0.02,0.5,"[[  0 392]
 [  0   8]]",None,"[np.float64(2.5674523993782326), np.float64(0.21551280254384925), np.float64(-0.08512585409668072), np.float64(-0.1283162220263897), np.float64(0.13004329763720285), np.float64(-0.27172157254340745), np.float64(-0.06839359195601362), np.float64(-0.0392843829466443), np.float64(0.07308449125316616), np.float64(-0.06320744044184846), np.float64(0.0775496929567681), np.float64(-0.08521766315053324), np.float64(0.09550549739808968), np.float64(0.08202808741831077), np.float64(-0.049742385613123205), np.float64(0.004483523381795888), np.float64(0.05668145238724043), np.float64(-0.08744327256189807), np.float64(0.04117464950090171), np.float64(-0.0014111249048553277)]"
0.2,ImADA_12_SVM | ORIG,20,10,0.5,0,1,0,0.039215686,0.02,0.02,0.5,"[[  0 392]
 [  0   8]]",None,"[np.float64(2.3110794477571814), np.float64(0.23391283358362566), np.float64(-0.13529915666705122), np.float64(0.16584658743140882), np.float64(-0.14739906522135726), np.float64(0.11747951774459255), np.float64(-0.10004532660865413), np.float64(0.08337879847144124), np.float64(-0.0635813579545419), np.float64(0.049144134702418504), np.float64(-0.03457093571685296), np.float64(0.013866744912131307), np.float64(-0.0028863871484040367), np.float64(2.2204460492503126e-16), np.float64(-4.440892098500628e-16), np.float64(4.440892098500624e-16), np.float64(-4.440892098500628e-16), np.float64(4.440892098500624e-16), np.float64(-4.440892098500628e-16), np.float64(4.440892098500624e-16)]"
0.2,ImADA_12_WSVM | ORIG,20,10,0.5,0,1,0,0.039215686,0.02,0.02,0.5,"[[  0 392]
 [  0   8]]",None,"[np.float64(2.3110794477571814), np.float64(0.24642494904845252), np.float64(-0.171231367657694), np.float64(-0.1460183021864652), np.float64(0.12127719572877779), np.float64(-0.16573214250765844), np.float64(-0.028468101442239203), np.float64(0.04214563728837267), np.float64(-0.008038344892515197), np.float64(-0.018169449358176003), np.float64(0.09431032655065998), np.float64(-0.1029648021063998), np.float64(0.03575756620533113), np.float64(0.05588787537260475), np.float64(-0.04887221386287393), np.float64(0.0008750976212177583), np.float64(0.1844663386650412), np.float64(-0.16467802771799872), np.float64(-0.011020647713821772), np.float64(0.09224571566010042)]"
0.2,ImADA_12_SVM | ORIG,20,10,0.7,0,1,0,0.039215686,0.02,0.02,0.5,"[[  0 392]
 [  0   8]]",None,"[np.float64(2.141882678782805), np.float64(0.23391283358362594), np.float64(-0.13529915666705122), np.float64(0.1658465874314081), np.float64(-0.147399065221357), np.float64(0.11747951774459289), np.float64(-0.1000453266086546), np.float64(0.08337879847144142), np.float64(-0.06358135795454209), np.float64(0.049144134702419004), np.float64(-0.03457093571685296), np.float64(0.013866744912131416), np.float64(-0.0028863871484040367), np.float64(-4.440892098500628e-16), np.float64(4.440892098500624e-16), np.float64(-4.440892098500628e-16), np.float64(4.440892098500624e-16), np.float64(-4.440892098500628e-16), np.float64(4.440892098500624e-16), np.float64(-4.440892098500628e-16)]"
0.2,ImADA_12_WSVM | ORIG,20,10,0.7,0,1,0,0.039215686,0.02,0.02,0.5,"[[  0 392]
 [  0   8]]",None,"[np.float64(2.141882678782805), np.float64(0.2208582061667942), np.float64(-0.09129858418423942), np.float64(-0.13414072115921147), np.float64(0.10112251442102099), np.float64(-0.23171506666067493), np.float64(-0.02741299286394914), np.float64(0.1669977275207088), np.float64(-0.09302558602814058), np.float64(-0.0539366878064041), np.float64(0.06439455299307692), np.float64(-0.13402404589874511), np.float64(0.036725012161861754), np.float64(0.03315306905916733), np.float64(-0.4596256108256956), np.float64(-0.525221367871132), np.float64(0.048028903257278065), np.float64(-0.0013759845043937046), np.float64(0.034859615160720246), np.float64(-0.04137350169604608)]"
0.2,ImADA_12_SVM | ORIG,20,10,1,0,1,0,0.039215686,0.02,0.02,0.5,"[[  0 392]
 [  0   8]]",None,"[np.float64(1.9621032741239401), np.float64(0.23391283358362616), np.float64(-0.13529915666705122), np.float64(0.16584658743140818), np.float64(-0.147399065221357), np.float64(0.11747951774459271), np.float64(-0.10004532660865413), np.float64(0.08337879847144124), np.float64(-0.0635813579545419), np.float64(0.049144134702418706), np.float64(-0.03457093571685296), np.float64(0.013866744912131523), np.float64(-0.0028863871484040367), np.float64(-4.440892098500628e-16), np.float64(0.0), np.float64(0.0), np.float64(0.0), np.float64(0.0), np.float64(0.0), np.float64(0.0)]"
0.2,ImADA_12_WSVM | ORIG,20,10,1,0,1,0,0.039215686,0.02,0.02,0.5,"[[  0 392]
 [  0   8]]",None,"[np.float64(1.9621032741239401), np.float64(0.2356233187426667), np.float64(-0.1037382728825203), np.float64(-0.1364249472573124), np.float64(0.12302869261738819), np.float64(-0.2528725571611907), np.float64(-0.029238016029982574), np.float64(0.03573512686468934), np.float64(-0.02889230902412289), np.float64(0.08204451483959907), np.float64(-0.08776618360897208), np.float64(0.038012177538957595), np.float64(0.0659442625982871), np.float64(-0.06733593808343159), np.float64(-0.036294128223537434), np.float64(0.08318918208853603), np.float64(-0.06294335425976307), np.float64(0.016510374102582267), np.float64(0.20605532766259618), np.float64(-0.22103805759324263)]"
0.2,ImADA_12_SVM | ORIG,20,10,1.5,0,1,0,0.039215686,0.02,0.02,0.5,"[[  0 392]
 [  0   8]]",None,"[np.float64(1.7569649526986753), np.float64(0.23391283358362594), np.float64(-0.13529915666705167), np.float64(0.16584658743140882), np.float64(-0.14739906522135726), np.float64(0.11747951774459271), np.float64(-0.10004532660865441), np.float64(0.08337879847144124), np.float64(-0.0635813579545419), np.float64(0.049144134702418706), np.float64(-0.03457093571685279), np.float64(0.013866744912131307), np.float64(-0.0028863871484040367), np.float64(-2.2204460492503136e-16), np.float64(-2.2204460492503136e-16), np.float64(2.2204460492503126e-16), np.float64(-2.2204460492503136e-16), np.float64(2.2204460492503126e-16), np.float64(-2.2204460492503136e-16), np.float64(2.2204460492503126e-16)]"
0.2,ImADA_12_WSVM | ORIG,20,10,1.5,0,1,0,0.039215686,0.02,0.02,0.5,"[[  0 392]
 [  0   8]]",None,"[np.float64(1.7569649526986753), np.float64(0.21236743145516973), np.float64(-0.09716946835337291), np.float64(-0.13911148112388766), np.float64(0.10501201017000816), np.float64(-0.1471609619745532), np.float64(-0.04682893670407955), np.float64(0.09795947973873582), np.float64(-0.12075770883482018), np.float64(-0.0527839618701428), np.float64(0.09711653026468035), np.float64(-0.1251663071096125), np.float64(0.002967343354215046), np.float64(0.07003165269360567), np.float64(-0.39773390657166025), np.float64(-0.5116804159571682), np.float64(0.052345731511961015), np.float64(-0.001198262241315711), np.float64(0.010928427858116237), np.float64(0.03440434918986353)]"
0.2,ImADA_12_SVM | ORIG,20,10,2,0,1,0,0.039215686,0.02,0.02,0.5,"[[  0 392]
 [  0   8]]",None,"[np.float64(1.6107149744687672), np.float64(0.23391283358362575), np.float64(-0.13529915666705122), np.float64(0.16584658743140906), np.float64(-0.14739906522135726), np.float64(0.11747951774459255), np.float64(-0.10004532660865413), np.float64(0.08337879847144124), np.float64(-0.0635813579545419), np.float64(0.049144134702418504), np.float64(-0.03457093571685296), np.float64(0.013866744912131307), np.float64(-0.0028863871484040367), np.float64(2.2204460492503126e-16), np.float64(-4.440892098500628e-16), np.float64(0.0), np.float64(0.0), np.float64(0.0), np.float64(0.0), np.float64(0.0)]"
0.2,ImADA_12_WSVM | ORIG,20,10,2,0,1,0,0.039215686,0.02,0.02,0.5,"[[  0 392]
 [  0   8]]",None,"[np.float64(1.6107149744687672), np.float64(0.2349500306654916), np.float64(-0.10394994180829537), np.float64(-0.13701361607186055), np.float64(0.11816789102071264), np.float64(-0.2429203823649193), np.float64(-0.01819910624815014), np.float64(0.10182950431422909), np.float64(-0.08689083257680699), np.float64(-0.003587787475542676), np.float64(0.05049004676197323), np.float64(0.006922787002726651), np.float64(-0.03162055015910715), np.float64(0.031101277859569756), np.float64(-0.08293669003347712), np.float64(-0.018386544282349503), np.float64(0.10842451257096362), np.float64(-0.11590619667322813), np.float64(-0.0019524507862437824), np.float64(0.11573932139861724)]"
0.2,ImADA_12_SVM | ORIG,20,100,0.3,0,1,0,0.039215686,0.02,0.02,0.5,"[[  0 392]
 [  0   8]]",None,"[np.float64(2.5674523993782326), np.float64(-0.48767392128243403), np.float64(0.2207698814056511), np.float64(0.01154403007484133), np.float64(-0.0011368632579136242), np.float64(0.0001727497788056065), np.float64(-2.6230129161358144e-05), np.float64(3.983207686564935e-06), np.float64(-6.048642873101974e-07), np.float64(9.185104033024145e-08), np.float64(-1.3947939220527244e-08), np.float64(2.1180495090691863e-09), np.float64(-3.2163449691722063e-10), np.float64(4.884148640843671e-11), np.float64(-7.416955938365832e-12), np.float64(1.1266543253883394e-12), np.float64(-1.7119639039722845e-13), np.float64(2.6201263381153006e-14), np.float64(-4.218847493575613e-15), np.float64(8.881784197001244e-16)]"
0.2,ImADA_12_WSVM | ORIG,20,100,0.3,0,1,0,0.039215686,0.02,0.02,0.5,"[[  0 392]
 [  0   8]]",None,"[np.float64(2.5674523993782326), np.float64(-0.22037655958111968), np.float64(-0.09118180547049555), np.float64(-0.2004852893827009), np.float64(0.13113573309362442), np.float64(0.2446137020060793), np.float64(-0.2647562619129894), np.float64(-0.011226125726955565), np.float64(0.05597212448911352), np.float64(-0.032417956392783824), np.float64(0.004294384574780622), np.float64(-0.0010399599691794938), np.float64(0.0005653227368059578), np.float64(0.023156526306380737), np.float64(-0.024760662987875517), np.float64(0.0043043764798844225), np.float64(-0.00145122545731737), np.float64(0.00023710610392292818), np.float64(-3.476108236699715e-05), np.float64(-0.0004186628269684528)]"
0.2,ImADA_12_SVM | ORIG,20,100,0.5,0,1,0,0.039215686,0.02,0.02,0.5,"[[  0 392]
 [  0   8]]",None,"[np.float64(2.3110794477571814), np.float64(-0.4876739212824335), np.float64(0.22076988140565096), np.float64(0.011544030074841113), np.float64(-0.0011368632579136242), np.float64(0.00017274977880516257), np.float64(-2.623012916113609e-05), np.float64(3.983207686564935e-06), np.float64(-6.048642873101974e-07), np.float64(9.1851040552286e-08), np.float64(-1.3947939220527244e-08), np.float64(2.118049287024582e-09), np.float64(-3.2163427487261555e-10), np.float64(4.884137538613426e-11), np.float64(-7.416733893760903e-12), np.float64(1.126432280783415e-12), np.float64(-1.7141843500215355e-13), np.float64(2.6645352591003047e-14), np.float64(-4.218847493575613e-15), np.float64(4.440892098500624e-16)]"
0.2,ImADA_12_WSVM | ORIG,20,100,0.5,0,1,0,0.039215686,0.02,0.02,0.5,"[[  0 392]
 [  0   8]]",None,"[np.float64(2.3110794477571814), np.float64(-0.3016707191540543), np.float64(-7.718348318589557e-05), np.float64(-0.1322063635235593), np.float64(0.008842713716020899), np.float64(0.0621640131194563), np.float64(0.2246337117883965), np.float64(-0.26419099660692846), np.float64(-0.010697746918706567), np.float64(0.07339727736614356), np.float64(-0.012944475719151988), np.float64(-0.036209442646661545), np.float64(0.04324580523456854), np.float64(-0.006884007115903856), np.float64(-0.03264067218979121), np.float64(0.038026097393683324), np.float64(-0.03698206896786341), np.float64(0.03508333702583716), np.float64(-0.03400166947800508), np.float64(0.03380438681727825)]"
0.2,ImADA_12_SVM | ORIG,20,100,0.7,0,1,0,0.039215686,0.02,0.02,0.5,"[[  0 392]
 [  0   8]]",None,"[np.float64(2.141882678782805), np.float64(-0.48767392128243325), np.float64(0.22076988140565046), np.float64(0.011544030074841113), np.float64(-0.0011368632579136242), np.float64(0.0001727497788049406), np.float64(-2.623012916091403e-05), np.float64(3.983207686564935e-06), np.float64(-6.048642870881525e-07), np.float64(9.185104033024145e-08), np.float64(-1.3947939220527244e-08), np.float64(2.118049287024582e-09), np.float64(-3.2163449691722063e-10), np.float64(4.884148640843671e-11), np.float64(-7.416511849155975e-12), np.float64(1.1262102361784904e-12), np.float64(-1.7075230118737823e-13), np.float64(2.6201263381153006e-14), np.float64(-4.218847493575613e-15), np.float64(6.661338147750935e-16)]"
0.2,ImADA_12_WSVM | ORIG,20,100,0.7,0,1,0,0.039215686,0.02,0.02,0.5,"[[  0 392]
 [  0   8]]",None,"[np.float64(2.141882678782805), np.float64(-0.301670719154054), np.float64(-7.718348318611766e-05), np.float64(-0.13220636352355952), np.float64(0.008842713716021118), np.float64(0.062164013119455915), np.float64(0.22463371178839672), np.float64(-0.264190996606928), np.float64(-0.010697746918707248), np.float64(0.07339727736614403), np.float64(-0.012944475719151988), np.float64(-0.0362094426466613), np.float64(0.043245805234568134), np.float64(-0.0068840071159036315), np.float64(-0.03264067218979121), np.float64(0.038026097393683324), np.float64(-0.036982068967863886), np.float64(0.035083337025837574), np.float64(-0.03400166947800508), np.float64(0.03380438681727804)]"
0.2,ImADA_12_SVM | ORIG,20,100,1,0,1,0,0.039215686,0.02,0.02,0.5,"[[  0 392]
 [  0   8]]",None,"[np.float64(1.9621032741239401), np.float64(-0.4876739212824335), np.float64(0.22076988140565074), np.float64(0.011544030074841113), np.float64(-0.0011368632579136242), np.float64(0.00017274977880516257), np.float64(-2.623012916113609e-05), np.float64(3.983207686564935e-06), np.float64(-6.048642870881525e-07), np.float64(9.185104033024145e-08), np.float64(-1.3947939220527244e-08), np.float64(2.1180493980468843e-09), np.float64(-3.2163449691722063e-10), np.float64(4.884148640843671e-11), np.float64(-7.416511849155975e-12), np.float64(1.1262102361784904e-12), np.float64(-1.7075230118737823e-13), np.float64(2.6201263381153006e-14), np.float64(-4.218847493575613e-15), np.float64(6.661338147750935e-16)]"
0.2,ImADA_12_SVM | ORIG,20,100,1.5,0,1,0,0.039215686,0.02,0.02,0.5,"[[  0 392]
 [  0   8]]",None,"[np.float64(1.7569649526986753), np.float64(-0.4876739212824335), np.float64(0.22076988140565074), np.float64(0.01154403007484133), np.float64(-0.0011368632579136242), np.float64(0.00017274977880538453), np.float64(-2.6230129161358144e-05), np.float64(3.983207686564935e-06), np.float64(-6.048642870881525e-07), np.float64(9.185104033024145e-08), np.float64(-1.3947939220527244e-08), np.float64(2.118049287024582e-09), np.float64(-3.2163449691722063e-10), np.float64(4.884137538613426e-11), np.float64(-7.416511849155975e-12), np.float64(1.126432280783415e-12), np.float64(-1.7119639039722845e-13), np.float64(2.6201263381153006e-14), np.float64(-4.218847493575613e-15), np.float64(6.661338147750935e-16)]"
0.2,ImADA_12_WSVM | ORIG,20,100,1,0,1,0,0.039215686,0.02,0.02,0.5,"[[  0 392]
 [  0   8]]",None,"[np.float64(1.9621032741239401), np.float64(-0.301670719154054), np.float64(-7.718348318678389e-05), np.float64(-0.132206363523559), np.float64(0.00884271371602068), np.float64(0.0621640131194563), np.float64(0.22463371178839658), np.float64(-0.26419099660692846), np.float64(-0.010697746918706794), np.float64(0.07339727736614422), np.float64(-0.012944475719152443), np.float64(-0.036209442646661066), np.float64(0.043245805234568134), np.float64(-0.006884007115903856), np.float64(-0.03264067218979121), np.float64(0.038026097393683324), np.float64(-0.03698206896786365), np.float64(0.03508333702583716), np.float64(-0.03400166947800466), np.float64(0.033804386817277834)]"
0.2,ImADA_12_WSVM | ORIG,20,100,1.5,0,1,0,0.039215686,0.02,0.02,0.5,"[[  0 392]
 [  0   8]]",None,"[np.float64(1.7569649526986753), np.float64(-0.3016707191540543), np.float64(-7.718348318589557e-05), np.float64(-0.1322063635235593), np.float64(0.00884271371602068), np.float64(0.0621640131194563), np.float64(0.2246337117883965), np.float64(-0.264190996606928), np.float64(-0.010697746918707021), np.float64(0.07339727736614383), np.float64(-0.012944475719151988), np.float64(-0.036209442646661545), np.float64(0.04324580523456854), np.float64(-0.006884007115903856), np.float64(-0.03264067218979121), np.float64(0.038026097393683525), np.float64(-0.03698206896786413), np.float64(0.03508333702583799), np.float64(-0.03400166947800556), np.float64(0.03380438681727825)]"
0.2,ImADA_12_SVM | ORIG,20,100,2,0,1,0,0.039215686,0.02,0.02,0.5,"[[  0 392]
 [  0   8]]",None,"[np.float64(1.6107149744687672), np.float64(-0.48767392128243403), np.float64(0.22076988140565096), np.float64(0.011544030074841113), np.float64(-0.0011368632579136242), np.float64(0.0001727497788056065), np.float64(-2.6230129161358144e-05), np.float64(3.983207686564935e-06), np.float64(-6.048642873101974e-07), np.float64(9.185104044126373e-08), np.float64(-1.3947939220527244e-08), np.float64(2.1180493980468843e-09), np.float64(-3.2163427487261555e-10), np.float64(4.884137538613426e-11), np.float64(-7.416511849155975e-12), np.float64(1.1262102361784904e-12), np.float64(-1.7141843500215355e-13), np.float64(2.6645352591003047e-14), np.float64(-4.218847493575613e-15), np.float64(5.55111512312578e-16)]"
0.2,ImADA_12_WSVM | ORIG,20,100,2,0,1,0,0.039215686,0.02,0.02,0.5,"[[  0 392]
 [  0   8]]",None,"[np.float64(1.6107149744687672), np.float64(-0.30167071915405475), np.float64(-7.718348318611766e-05), np.float64(-0.13220636352355952), np.float64(0.008842713716021227), np.float64(0.0621640131194563), np.float64(0.22463371178839672), np.float64(-0.26419099660692846), np.float64(-0.010697746918706794), np.float64(0.07339727736614383), np.float64(-0.01294447571915176), np.float64(-0.03620944264666172), np.float64(0.04324580523456854), np.float64(-0.006884007115903856), np.float64(-0.03264067218979121), np.float64(0.038026097393683324), np.float64(-0.03698206896786413), np.float64(0.03508333702583799), np.float64(-0.03400166947800508), np.float64(0.03380438681727804)]"
0.2,ImADA_12_SVM | ORIG,20,1000,0.3,0,1,0,0.039215686,0.02,0.02,0.5,"[[  0 392]
 [  0   8]]",None,"[np.float64(2.58973342734187), np.float64(-0.4767103191708968), np.float64(0.20777019812868236), np.float64(0.0453818658281094), np.float64(-0.004751114795747381), np.float64(-0.001104481322216494), np.float64(0.00016067220384934983), np.float64(-2.3356649672809468e-05), np.float64(3.3956726717595717e-06), np.float64(-4.93667437164906e-07), np.float64(7.177019196772056e-08), np.float64(-1.0434066497545688e-08), np.float64(1.5169212529724234e-09), np.float64(-2.205322591695214e-10), np.float64(3.206113152639982e-11), np.float64(-4.660938302003056e-12), np.float64(6.777911565331986e-13), np.float64(-9.88098491916487e-14), np.float64(1.4765966227514364e-14), np.float64(-2.4424906541753503e-15)]"
0.2,ImADA_12_WSVM | ORIG,20,1000,0.3,0,1,0,0.039215686,0.02,0.02,0.5,"[[  0 392]
 [  0   8]]",None,"[np.float64(2.58973342734187), np.float64(-0.36657237663069503), np.float64(0.08236381558335586), np.float64(-0.09354921619658277), np.float64(-0.03778747616373331), np.float64(0.20055864693208444), np.float64(-0.19008189913703055), np.float64(0.032766975012829026), np.float64(0.1390246889426273), np.float64(-0.14477360532121236), np.float64(0.025548324483526657), np.float64(-0.0016603715738426306), np.float64(-0.0007806101440707037), np.float64(0.00047502678949028513), np.float64(-0.0004325297124507448), np.float64(0.0004264610454294554), np.float64(-0.00042548567757850933), np.float64(0.00042517310889938836), np.float64(-0.00042499574446333544), np.float64(0.0004247941010451678)]"
0.2,ImADA_12_WSVM | ORIG,20,1000,0.5,0.030612245,1,0.174963553,0.04040404,0.020618557,0.05,0.515306122,"[[ 12 380]
 [  0   8]]",None,"[np.float64(2.3906808345246557), np.float64(-0.2870191931880107), np.float64(-0.025746280258143652), np.float64(0.14656078241463164), np.float64(-0.19365855884210592), np.float64(0.18212115853190838), np.float64(-0.15060315344998337), np.float64(0.10714177901430853), np.float64(-0.0897098441171644), np.float64(0.05937877253634695), np.float64(-0.05130713900936806), np.float64(0.049709702935814545), np.float64(-0.04679534668533004), np.float64(0.039938091934438875), np.float64(-0.037245093266552884), np.float64(0.037861756273562516), np.float64(-0.036549190282506), np.float64(0.03618564623443759), np.float64(-0.034864755199334914), np.float64(0.03143619653683455)]"
0.2,ImADA_12_WSVM | ORIG,20,1000,1,0.020408163,1,0.142857143,0.04,0.020408163,0.04,0.510204082,"[[  8 384]
 [  0   8]]",None,"[np.float64(-2.1716399328369898), np.float64(0.8977801272749129), np.float64(-0.4395416648210042), np.float64(0.07107651203919327), np.float64(0.027349779240079287), np.float64(-0.005741935297245259), np.float64(-0.002542057173043914), np.float64(0.00029633547584413016), np.float64(-0.0019029183248320323), np.float64(-0.04406517612879049), np.float64(0.0014369944410618115), np.float64(0.002509052130930938), np.float64(-0.0007915007059562463), np.float64(0.0001330857708453715), np.float64(0.00043749169814796335), np.float64(-0.00039232376363627805), np.float64(5.227432145542019e-05), np.float64(-0.0013561792693907334), np.float64(-0.003941245660419559), np.float64(0.0006134842778116015)]"
0.2,ImADA_12_WSVM | ORIG,20,1000,1.5,0.035714286,1,0.188982237,0.040609137,0.020725389,0.055,0.517857143,"[[ 14 378]
 [  0   8]]",None,"[np.float64(-1.6780135382834025), np.float64(0.6927456648228897), np.float64(-0.047989795686537697), np.float64(0.03829835854118171), np.float64(-0.01922591828391496), np.float64(0.009085105616327), np.float64(-0.0008928167249981829), np.float64(4.4035343856053434e-05), np.float64(-6.861972021153667e-06), np.float64(1.0693238170133918e-06), np.float64(-1.666355082925908e-07), np.float64(2.596726277631154e-08), np.float64(-4.046548668089499e-09), np.float64(6.305846951735642e-10), np.float64(-9.826583991922878e-11), np.float64(1.5313306178420288e-11), np.float64(-2.3860913245300798e-12), np.float64(3.714806240394394e-13), np.float64(-5.773159728051147e-14), np.float64(8.881784197001173e-15)]"
0.2,ImADA_12_SVM | ORIG,20,5000,0.3,0.005102041,1,0.071428571,0.039408867,0.020100503,0.025,0.50255102,"[[  2 390]
 [  0   8]]",None,"[np.float64(-1.7830255721686887), np.float64(0.7107982291423119), np.float64(-0.04838703050229011), np.float64(0.017362044913365265), np.float64(-0.002641810235896587), np.float64(0.0004388548778813256), np.float64(-7.277141582674284e-05), np.float64(1.2070637721667355e-05), np.float64(-2.0020648179497493e-06), np.float64(3.320699787114554e-07), np.float64(-5.507829701483313e-08), np.float64(9.135482176102034e-09), np.float64(-1.5152439326238338e-09), np.float64(2.513242946457017e-10), np.float64(-4.1686210041153266e-11), np.float64(6.914468997317665e-12), np.float64(-1.1466383398341764e-12), np.float64(1.9007018181579068e-13), np.float64(-3.153033389935544e-14), np.float64(5.551115123125752e-15)]"
0.2,ImADA_12_WSVM | ORIG,20,5000,0.3,0,1,0,0.039215686,0.02,0.02,0.5,"[[  0 392]
 [  0   8]]",None,"[np.float64(-1.7830255721686887), np.float64(0.7662796434914405), np.float64(-0.11890217844159141), np.float64(0.03695301972540444), np.float64(-0.007512394387965562), np.float64(-0.0006236433289502207), np.float64(0.001660836723707452), np.float64(-0.0012832931313506094), np.float64(0.0007805504275356394), np.float64(-0.0004586982545956917), np.float64(0.0001859798816330509), np.float64(-0.00014042936512420216), np.float64(0.00013280830142834625), np.float64(-0.00013152406750469405), np.float64(0.0001312929177434128), np.float64(-0.00013124237668431872), np.float64(0.0001312171990607425), np.float64(-0.00013120104943771128), np.float64(0.00013118162220707508), np.float64(-0.00013116643882767388)]"
0.2,ImADA_12_WSVM | ORIG,20,5000,0.5,0,1,0,0.039215686,0.02,0.02,0.5,"[[  0 392]
 [  0   8]]",None,"[np.float64(-1.764549402602487), np.float64(0.7212456890247962), np.float64(-0.10099647420666065), np.float64(0.045119269722955435), np.float64(-0.02305564794934575), np.float64(0.012797840951875503), np.float64(-0.010096216697915888), np.float64(0.009561104906030944), np.float64(-0.009590723964634252), np.float64(0.009402224255249893), np.float64(-0.009062007605705058), np.float64(0.009002764557881302), np.float64(-0.00870117039509309), np.float64(0.008177760982630778), np.float64(-0.00742240479641276), np.float64(0.007015140823957902), np.float64(-0.006714266534660432), np.float64(0.006711625842740382), np.float64(-0.006629687724458155), np.float64(0.006342857401898408)]"
0.2,ImADA_12_SVM | ORIG,20,10000,0.3,0.007653061,1,0.087481777,0.039506173,0.020151134,0.0275,0.503826531,"[[  3 389]
 [  0   8]]",None,"[np.float64(-1.7830951505677346), np.float64(0.7378293663457395), np.float64(-0.11083011861598104), np.float64(0.018537008248280435), np.float64(0.005551298338412922), np.float64(-0.0008361938840861452), np.float64(4.339083763991232e-05), np.float64(-7.323733826612181e-06), np.float64(1.2361749543810652e-06), np.float64(-2.0865325135887983e-07), np.float64(3.521849054921494e-08), np.float64(-5.944512417675957e-09), np.float64(1.0033716070147982e-09), np.float64(-1.6935874927552196e-10), np.float64(2.8585800392626458e-11), np.float64(-4.824585175834357e-12), np.float64(8.141265439569645e-13), np.float64(-1.3722356584368818e-13), np.float64(2.28705943072777e-14), np.float64(-3.996802888650579e-15)]"
0.2,ImADA_12_WSVM | ORIG,20,10000,0.3,0,1,0,0.039215686,0.02,0.02,0.5,"[[  0 392]
 [  0   8]]",None,"[np.float64(-1.7830951505677346), np.float64(0.7375937255397741), np.float64(-0.11105511419845247), np.float64(0.0274402621921393), np.float64(-0.0038563516136916835), np.float64(0.0005744316880057956), np.float64(-9.705372006360883e-05), np.float64(1.640425237311596e-05), np.float64(-2.7725021938403722e-06), np.float64(4.6858914329167924e-07), np.float64(-7.919754585421646e-08), np.float64(1.3385400164510582e-08), np.float64(-2.2623036828427486e-09), np.float64(3.8235814499944705e-10), np.float64(-6.462341773234745e-11), np.float64(1.0922152071538072e-11), np.float64(-1.8460788453501184e-12), np.float64(3.1175062531464677e-13), np.float64(-5.218048215738508e-14), np.float64(8.659739592076145e-15)]"
0.2,ImADA_12_SVM | ORIG,25,10,0.3,0,1,0,0.039215686,0.02,0.02,0.5,"[[  0 392]
 [  0   8]]",None,"[np.float64(2.5674523993782326), np.float64(0.23391283358362533), np.float64(-0.13529915666705072), np.float64(0.16584658743140882), np.float64(-0.1473990652213577), np.float64(0.11747951774459289), np.float64(-0.10004532660865413), np.float64(0.08337879847144104), np.float64(-0.06358135795454234), np.float64(0.049144134702419004), np.float64(-0.03457093571685296), np.float64(0.013866744912131307), np.float64(-0.0028863871484038134), np.float64(2.2204460492503126e-16), np.float64(-4.440892098500628e-16), np.float64(1.1102230246251564e-16), np.float64(1.1102230246251564e-16), np.float64(1.1102230246251564e-16), np.float64(-4.440892098500628e-16), np.float64(2.2204460492503126e-16), np.float64(1.1102230246251564e-16), np.float64(1.1102230246251564e-16), np.float64(1.1102230246251564e-16), np.float64(-4.440892098500628e-16), np.float64(2.2204460492503126e-16)]"
0.2,ImADA_12_WSVM | ORIG,25,10,0.3,0,1,0,0.039215686,0.02,0.02,0.5,"[[  0 392]
 [  0   8]]",None,"[np.float64(2.5674523993782326), np.float64(0.21551280254384925), np.float64(-0.08512585409668072), np.float64(-0.1283162220263897), np.float64(0.13004329763720285), np.float64(-0.27172157254340745), np.float64(-0.06839359195601362), np.float64(-0.0392843829466443), np.float64(0.07308449125316616), np.float64(-0.06320744044184846), np.float64(0.0775496929567681), np.float64(-0.08521766315053324), np.float64(0.09550549739808968), np.float64(0.08202808741831077), np.float64(-0.049742385613123205), np.float64(0.004483523381795888), np.float64(0.05668145238724043), np.float64(-0.08744327256189807), np.float64(0.04117464950090171), np.float64(-0.0014111249048553277), np.float64(0.0), np.float64(0.024340441797320256), np.float64(-0.046394334488804846), np.float64(-0.031699563646698174), np.float64(0.01618508178371173)]"
0.2,ImADA_12_SVM | ORIG,25,10,0.5,0,1,0,0.039215686,0.02,0.02,0.5,"[[  0 392]
 [  0   8]]",None,"[np.float64(2.3110794477571814), np.float64(0.23391283358362566), np.float64(-0.13529915666705122), np.float64(0.16584658743140882), np.float64(-0.14739906522135726), np.float64(0.11747951774459255), np.float64(-0.10004532660865413), np.float64(0.08337879847144124), np.float64(-0.0635813579545419), np.float64(0.049144134702418504), np.float64(-0.03457093571685296), np.float64(0.013866744912131307), np.float64(-0.0028863871484040367), np.float64(2.2204460492503126e-16), np.float64(-4.440892098500628e-16), np.float64(4.440892098500624e-16), np.float64(-4.440892098500628e-16), np.float64(4.440892098500624e-16), np.float64(-4.440892098500628e-16), np.float64(4.440892098500624e-16), np.float64(-4.440892098500628e-16), np.float64(4.440892098500624e-16), np.float64(-4.440892098500628e-16), np.float64(4.440892098500624e-16), np.float64(-4.440892098500628e-16)]"
0.2,ImADA_12_WSVM | ORIG,25,10,0.5,0,1,0,0.039215686,0.02,0.02,0.5,"[[  0 392]
 [  0   8]]",None,"[np.float64(2.3110794477571814), np.float64(0.24642494904845252), np.float64(-0.171231367657694), np.float64(-0.1460183021864652), np.float64(0.12127719572877779), np.float64(-0.16573214250765844), np.float64(-0.028468101442239203), np.float64(0.04214563728837267), np.float64(-0.008038344892515197), np.float64(-0.018169449358176003), np.float64(0.09431032655065998), np.float64(-0.1029648021063998), np.float64(0.03575756620533113), np.float64(0.05588787537260475), np.float64(-0.04887221386287393), np.float64(0.0008750976212177583), np.float64(0.1844663386650412), np.float64(-0.16467802771799872), np.float64(-0.011020647713821772), np.float64(0.09224571566010042), np.float64(-0.36953843224812793), np.float64(-0.5074300560906773), np.float64(0.004558785317325388), np.float64(0.010147730092355148), np.float64(-0.004500566336467716)]"
0.2,ImADA_12_SVM | ORIG,25,10,0.7,0,1,0,0.039215686,0.02,0.02,0.5,"[[  0 392]
 [  0   8]]",None,"[np.float64(2.141882678782805), np.float64(0.23391283358362594), np.float64(-0.13529915666705122), np.float64(0.1658465874314081), np.float64(-0.147399065221357), np.float64(0.11747951774459289), np.float64(-0.1000453266086546), np.float64(0.08337879847144142), np.float64(-0.06358135795454209), np.float64(0.049144134702419004), np.float64(-0.03457093571685296), np.float64(0.013866744912131416), np.float64(-0.0028863871484040367), np.float64(-4.440892098500628e-16), np.float64(4.440892098500624e-16), np.float64(-4.440892098500628e-16), np.float64(4.440892098500624e-16), np.float64(-4.440892098500628e-16), np.float64(4.440892098500624e-16), np.float64(-4.440892098500628e-16), np.float64(4.440892098500624e-16), np.float64(-4.440892098500628e-16), np.float64(4.440892098500624e-16), np.float64(-4.440892098500628e-16), np.float64(4.440892098500624e-16)]"
0.2,ImADA_12_WSVM | ORIG,25,10,0.7,0.005102041,1,0.071428571,0.039408867,0.020100503,0.025,0.50255102,"[[  2 390]
 [  0   8]]",None,"[np.float64(2.141882678782805), np.float64(0.2208582061667942), np.float64(-0.09129858418423942), np.float64(-0.13414072115921147), np.float64(0.10112251442102099), np.float64(-0.23171506666067493), np.float64(-0.02741299286394914), np.float64(0.1669977275207088), np.float64(-0.09302558602814058), np.float64(-0.0539366878064041), np.float64(0.06439455299307692), np.float64(-0.13402404589874511), np.float64(0.036725012161861754), np.float64(0.03315306905916733), np.float64(-0.4596256108256956), np.float64(-0.525221367871132), np.float64(0.048028903257278065), np.float64(-0.0013759845043937046), np.float64(0.034859615160720246), np.float64(-0.04137350169604608), np.float64(0.06690551724367297), np.float64(-0.40756273852574604), np.float64(-0.5157725722937015), np.float64(0.046740671155520164), np.float64(0.028701592178481276)]"
0.2,ImADA_12_SVM | ORIG,25,10,1,0,1,0,0.039215686,0.02,0.02,0.5,"[[  0 392]
 [  0   8]]",None,"[np.float64(1.9621032741239401), np.float64(0.23391283358362616), np.float64(-0.13529915666705122), np.float64(0.16584658743140818), np.float64(-0.147399065221357), np.float64(0.11747951774459271), np.float64(-0.10004532660865413), np.float64(0.08337879847144124), np.float64(-0.0635813579545419), np.float64(0.049144134702418706), np.float64(-0.03457093571685296), np.float64(0.013866744912131523), np.float64(-0.0028863871484040367), np.float64(-4.440892098500628e-16), np.float64(0.0), np.float64(0.0), np.float64(0.0), np.float64(0.0), np.float64(0.0), np.float64(0.0), np.float64(0.0), np.float64(0.0), np.float64(0.0), np.float64(0.0), np.float64(0.0)]"
0.2,ImADA_12_WSVM | ORIG,25,10,1,0,1,0,0.039215686,0.02,0.02,0.5,"[[  0 392]
 [  0   8]]",None,"[np.float64(1.9621032741239401), np.float64(0.2356233187426667), np.float64(-0.1037382728825203), np.float64(-0.1364249472573124), np.float64(0.12302869261738819), np.float64(-0.2528725571611907), np.float64(-0.029238016029982574), np.float64(0.03573512686468934), np.float64(-0.02889230902412289), np.float64(0.08204451483959907), np.float64(-0.08776618360897208), np.float64(0.038012177538957595), np.float64(0.0659442625982871), np.float64(-0.06733593808343159), np.float64(-0.036294128223537434), np.float64(0.08318918208853603), np.float64(-0.06294335425976307), np.float64(0.016510374102582267), np.float64(0.20605532766259618), np.float64(-0.22103805759324263), np.float64(0.017903643498561952), np.float64(0.026668443958661085), np.float64(-0.01491562689592482), np.float64(4.440892098500624e-16), np.float64(0.0065439514973274025)]"
0.2,ImADA_12_SVM | ORIG,25,10,1.5,0,1,0,0.039215686,0.02,0.02,0.5,"[[  0 392]
 [  0   8]]",None,"[np.float64(1.7569649526986753), np.float64(0.23391283358362594), np.float64(-0.13529915666705167), np.float64(0.16584658743140882), np.float64(-0.14739906522135726), np.float64(0.11747951774459271), np.float64(-0.10004532660865441), np.float64(0.08337879847144124), np.float64(-0.0635813579545419), np.float64(0.049144134702418706), np.float64(-0.03457093571685279), np.float64(0.013866744912131307), np.float64(-0.0028863871484040367), np.float64(-2.2204460492503136e-16), np.float64(-2.2204460492503136e-16), np.float64(2.2204460492503126e-16), np.float64(-2.2204460492503136e-16), np.float64(2.2204460492503126e-16), np.float64(-2.2204460492503136e-16), np.float64(2.2204460492503126e-16), np.float64(-2.2204460492503136e-16), np.float64(2.2204460492503126e-16), np.float64(-2.2204460492503136e-16), np.float64(2.2204460492503126e-16), np.float64(-2.2204460492503136e-16)]"
0.2,ImADA_12_WSVM | ORIG,25,10,1.5,0,1,0,0.039215686,0.02,0.02,0.5,"[[  0 392]
 [  0   8]]",None,"[np.float64(1.7569649526986753), np.float64(0.21236743145516973), np.float64(-0.09716946835337291), np.float64(-0.13911148112388766), np.float64(0.10501201017000816), np.float64(-0.1471609619745532), np.float64(-0.04682893670407955), np.float64(0.09795947973873582), np.float64(-0.12075770883482018), np.float64(-0.0527839618701428), np.float64(0.09711653026468035), np.float64(-0.1251663071096125), np.float64(0.002967343354215046), np.float64(0.07003165269360567), np.float64(-0.39773390657166025), np.float64(-0.5116804159571682), np.float64(0.052345731511961015), np.float64(-0.001198262241315711), np.float64(0.010928427858116237), np.float64(0.03440434918986353), np.float64(-0.005810539759173335), np.float64(0.04565496576247541), np.float64(-0.05075365667495171), np.float64(-0.06303947385014128), np.float64(-0.000491114320986543)]"
0.2,ImADA_12_SVM | ORIG,25,10,2,0,1,0,0.039215686,0.02,0.02,0.5,"[[  0 392]
 [  0   8]]",None,"[np.float64(1.6107149744687672), np.float64(0.23391283358362575), np.float64(-0.13529915666705122), np.float64(0.16584658743140906), np.float64(-0.14739906522135726), np.float64(0.11747951774459255), np.float64(-0.10004532660865413), np.float64(0.08337879847144124), np.float64(-0.0635813579545419), np.float64(0.049144134702418504), np.float64(-0.03457093571685296), np.float64(0.013866744912131307), np.float64(-0.0028863871484040367), np.float64(2.2204460492503126e-16), np.float64(-4.440892098500628e-16), np.float64(0.0), np.float64(0.0), np.float64(0.0), np.float64(0.0), np.float64(0.0), np.float64(0.0), np.float64(0.0), np.float64(0.0), np.float64(0.0), np.float64(0.0)]"
0.2,ImADA_12_WSVM | ORIG,25,10,2,0.00255102,1,0.050507627,0.039312039,0.020050125,0.0225,0.50127551,"[[  1 391]
 [  0   8]]",None,"[np.float64(1.6107149744687672), np.float64(0.2349500306654916), np.float64(-0.10394994180829537), np.float64(-0.13701361607186055), np.float64(0.11816789102071264), np.float64(-0.2429203823649193), np.float64(-0.01819910624815014), np.float64(0.10182950431422909), np.float64(-0.08689083257680699), np.float64(-0.003587787475542676), np.float64(0.05049004676197323), np.float64(0.006922787002726651), np.float64(-0.03162055015910715), np.float64(0.031101277859569756), np.float64(-0.08293669003347712), np.float64(-0.018386544282349503), np.float64(0.10842451257096362), np.float64(-0.11590619667322813), np.float64(-0.0019524507862437824), np.float64(0.11573932139861724), np.float64(-0.3743565298591852), np.float64(-0.5084717643090232), np.float64(0.024698001078085133), np.float64(0.04210076839755084), np.float64(-0.017203150905329655)]"
0.2,ImADA_12_SVM | ORIG,25,100,0.3,0,1,0,0.039215686,0.02,0.02,0.5,"[[  0 392]
 [  0   8]]",None,"[np.float64(2.5674523993782326), np.float64(-0.48767392128243403), np.float64(0.2207698814056511), np.float64(0.01154403007484133), np.float64(-0.0011368632579136242), np.float64(0.0001727497788056065), np.float64(-2.6230129161358144e-05), np.float64(3.983207686564935e-06), np.float64(-6.048642873101974e-07), np.float64(9.185104033024145e-08), np.float64(-1.3947939220527244e-08), np.float64(2.1180495090691863e-09), np.float64(-3.2163449691722063e-10), np.float64(4.884148640843671e-11), np.float64(-7.416955938365832e-12), np.float64(1.1266543253883394e-12), np.float64(-1.7119639039722845e-13), np.float64(2.6201263381153006e-14), np.float64(-4.218847493575613e-15), np.float64(8.881784197001244e-16), np.float64(-4.440892098500628e-16), np.float64(2.2204460492503126e-16), np.float64(-4.440892098500628e-16), np.float64(4.440892098500624e-16), np.float64(-4.440892098500628e-16)]"
0.2,ImADA_12_SVM | ORIG,10,1000,0.5,0.040816327,0.875,0.188982237,0.035805627,0.018276762,0.0575,0.457908163,"[[ 16 376]
 [  1   7]]",None,"[np.float64(2.3906808345246557), np.float64(-0.4805741182942908), np.float64(0.23938909539406475), np.float64(0.02472381210921106), np.float64(-0.0012794800739324966), np.float64(-0.0007927190876315383), np.float64(0.00011550355962076413), np.float64(-1.682081124744171e-05), np.float64(2.4498033113083684e-06), np.float64(-3.5678840594165234e-07)]"
0.2,ImADA_12_WSVM | ORIG,10,1000,0.5,0.038265306,0.875,0.182981264,0.035714286,0.018229167,0.055,0.456632653,"[[ 15 377]
 [  1   7]]",None,"[np.float64(2.3906808345246557), np.float64(-0.2870191931880107), np.float64(-0.025746280258143652), np.float64(0.14656078241463164), np.float64(-0.19365855884210592), np.float64(0.18212115853190838), np.float64(-0.15060315344998337), np.float64(0.10714177901430853), np.float64(-0.0897098441171644), np.float64(0.05937877253634695)]"
0.2,ImADA_12_SVM | ORIG,10,1000,0.7,0.06377551,0.875,0.236227796,0.036649215,0.018716578,0.08,0.469387755,"[[ 25 367]
 [  1   7]]",None,"[np.float64(2.2413975641244526), np.float64(-0.40293792181413185), np.float64(0.17096520149078887), np.float64(0.04398583254463663), np.float64(-0.026343281288247353), np.float64(0.005822092154439715), np.float64(-0.0009509325939986853), np.float64(0.00013884880249669337), np.float64(-2.0261196115653734e-05), np.float64(2.956836909977712e-06)]"
0.2,ImADA_12_WSVM | ORIG,10,1000,0.7,0.058673469,0.875,0.226581742,0.036458333,0.018617021,0.075,0.466836735,"[[ 23 369]
 [  1   7]]",None,"[np.float64(2.2413975641244526), np.float64(-0.32613776778554227), np.float64(0.039357293992633074), np.float64(0.10713207820571112), np.float64(-0.17406101659185877), np.float64(0.17037451587504918), np.float64(-0.14220803092536433), np.float64(0.0824378568596504), np.float64(-0.06720495917633422), np.float64(0.06210666711317888)]"
0.2,ImADA_12_SVM | ORIG,10,1000,1.5,0.086734694,0.875,0.275486583,0.037533512,0.019178082,0.1025,0.480867347,"[[ 34 358]
 [  1   7]]",None,"[np.float64(-1.6780135382834025), np.float64(0.6491414720517719), np.float64(0.024871299047871852), np.float64(-0.0032696776890885526), np.float64(0.0005007294029741699), np.float64(-7.651751114625262e-05), np.float64(1.169668065474903e-05), np.float64(-1.7878966787231932e-06), np.float64(2.73291149740474e-07), np.float64(-4.177420589649665e-08)]"
0.2,ImADA_12_WSVM | ORIG,10,1000,2,0.045918367,0.875,0.200445931,0.035989717,0.018372703,0.0625,0.460459184,"[[ 18 374]
 [  1   7]]",None,"[np.float64(-1.6376634280829911), np.float64(0.6737496515220818), np.float64(0.004344451221985889), np.float64(-0.03592183904805308), np.float64(-0.0037580892291011357), np.float64(0.00045958212952872026), np.float64(0.0009620106805924923), np.float64(-0.0007157759272428484), np.float64(0.001067778684522546), np.float64(-0.0002782916442724957)]"
0.2,ImADA_12_SVM | ORIG,10,5000,0.5,0.033163265,0.875,0.170346286,0.035532995,0.018134715,0.05,0.454081633,"[[ 13 379]
 [  1   7]]",None,"[np.float64(-1.764549402602487), np.float64(0.7259710705837186), np.float64(-0.06601396090224297), np.float64(0.011815030717788543), np.float64(-0.0027316195849260154), np.float64(0.00045823028749908054), np.float64(-7.672538867223964e-05), np.float64(1.2850795467184488e-05), np.float64(-2.152277275509646e-06), np.float64(3.6047091751653233e-07)]"
0.2,ImADA_12_WSVM | ORIG,10,5000,0.7,0.030612245,0.875,0.163663418,0.035443038,0.018087855,0.0475,0.452806122,"[[ 12 380]
 [  1   7]]",None,"[np.float64(-1.4181235279032562), np.float64(0.5092787376928881), np.float64(-0.09369020772882691), np.float64(0.029011847352850097), np.float64(-0.003676127445871884), np.float64(0.00042631212600272744), np.float64(-7.196796666909144e-05), np.float64(1.2152825135505961e-05), np.float64(-2.0520782428857117e-06), np.float64(3.4650873498527546e-07)]"
0.2,ImADA_12_WSVM | ORIG,10,5000,1,0.030612245,0.875,0.163663418,0.035443038,0.018087855,0.0475,0.452806122,"[[ 12 380]
 [  1   7]]",None,"[np.float64(-1.400160927521059), np.float64(0.4970812884600743), np.float64(-0.08889441618297535), np.float64(0.028689710462511387), np.float64(-0.004782366669145903), np.float64(0.0008013977052038317), np.float64(-0.0001338564635927418), np.float64(2.237008370623771e-05), np.float64(-3.7381462258869385e-06), np.float64(6.246713360203751e-07)]"
0.2,ImADA_12_WSVM | ORIG,10,10000,0.5,0.030612245,0.875,0.163663418,0.035443038,0.018087855,0.0475,0.452806122,"[[ 12 380]
 [  1   7]]",None,"[np.float64(-1.4304775824158142), np.float64(0.5175558790451639), np.float64(-0.0978114185833292), np.float64(0.030368222942267774), np.float64(-0.005114216442137579), np.float64(0.0008679800896562425), np.float64(-0.00014679886137106252), np.float64(2.4842384054041347e-05), np.float64(-4.203589327315691e-06), np.float64(7.113030391122921e-07)]"
0.2,ImADA_12_SVM | ORIG,15,1000,0.5,0.040816327,0.875,0.188982237,0.035805627,0.018276762,0.0575,0.457908163,"[[ 16 376]
 [  1   7]]",None,"[np.float64(2.3906808345246557), np.float64(-0.4805741182942908), np.float64(0.23938909539406475), np.float64(0.02472381210921106), np.float64(-0.0012794800739324966), np.float64(-0.0007927190876315383), np.float64(0.00011550355962076413), np.float64(-1.682081124744171e-05), np.float64(2.4498033113083684e-06), np.float64(-3.5678840594165234e-07), np.float64(5.196260840273873e-08), np.float64(-7.567824590977161e-09), np.float64(1.1021765710170902e-09), np.float64(-1.6052070786277547e-10), np.float64(2.337841031819522e-11)]"
0.2,ImADA_12_SVM | ORIG,15,1000,0.7,0.06377551,0.875,0.236227796,0.036649215,0.018716578,0.08,0.469387755,"[[ 25 367]
 [  1   7]]",None,"[np.float64(2.2413975641244526), np.float64(-0.40293792181413185), np.float64(0.17096520149078887), np.float64(0.04398583254463663), np.float64(-0.026343281288247353), np.float64(0.005822092154439715), np.float64(-0.0009509325939986853), np.float64(0.00013884880249669337), np.float64(-2.0261196115653734e-05), np.float64(2.956836909977712e-06), np.float64(-4.315030992623541e-07), np.float64(6.297110369626454e-08), np.float64(-9.189641465640447e-09), np.float64(1.3410836867456258e-09), np.float64(-1.9571055890843507e-10)]"
0.2,ImADA_12_WSVM | ORIG,15,1000,0.7,0.043367347,0.875,0.194798431,0.035897436,0.018324607,0.06,0.459183673,"[[ 17 375]
 [  1   7]]",None,"[np.float64(2.2413975641244526), np.float64(-0.32613776778554227), np.float64(0.039357293992633074), np.float64(0.10713207820571112), np.float64(-0.17406101659185877), np.float64(0.17037451587504918), np.float64(-0.14220803092536433), np.float64(0.0824378568596504), np.float64(-0.06720495917633422), np.float64(0.06210666711317888), np.float64(-0.05846801783193881), np.float64(0.052038481920507904), np.float64(-0.04758426376890156), np.float64(0.04632488950638584), np.float64(-0.04453832371998268)]"
0.2,ImADA_12_SVM | ORIG,15,1000,1.5,0.086734694,0.875,0.275486583,0.037533512,0.019178082,0.1025,0.480867347,"[[ 34 358]
 [  1   7]]",None,"[np.float64(-1.6780135382834025), np.float64(0.6491414720517719), np.float64(0.024871299047871852), np.float64(-0.0032696776890885526), np.float64(0.0005007294029741699), np.float64(-7.651751114625262e-05), np.float64(1.169668065474903e-05), np.float64(-1.7878966787231932e-06), np.float64(2.73291149740474e-07), np.float64(-4.177420589649665e-08), np.float64(6.385441246064185e-09), np.float64(-9.760534612303065e-10), np.float64(1.491957668297578e-10), np.float64(-2.2805757283160218e-11), np.float64(3.4861002973108387e-12)]"
0.2,ImADA_12_WSVM | ORIG,15,1000,2,0.045918367,0.875,0.200445931,0.035989717,0.018372703,0.0625,0.460459184,"[[ 18 374]
 [  1   7]]",None,"[np.float64(-1.6376634280829911), np.float64(0.6737496515220818), np.float64(0.004344451221985889), np.float64(-0.03592183904805308), np.float64(-0.0037580892291011357), np.float64(0.00045958212952872026), np.float64(0.0009620106805924923), np.float64(-0.0007157759272428484), np.float64(0.001067778684522546), np.float64(-0.0002782916442724957), np.float64(0.0003929046852209156), np.float64(-6.032256752498213e-05), np.float64(9.263724493956101e-06), np.float64(-1.4225713684740789e-06), np.float64(2.184565977166652e-07)]"
0.2,ImADA_12_SVM | ORIG,15,5000,0.5,0.033163265,0.875,0.170346286,0.035532995,0.018134715,0.05,0.454081633,"[[ 13 379]
 [  1   7]]",None,"[np.float64(-1.764549402602487), np.float64(0.7259710705837186), np.float64(-0.06601396090224297), np.float64(0.011815030717788543), np.float64(-0.0027316195849260154), np.float64(0.00045823028749908054), np.float64(-7.672538867223964e-05), np.float64(1.2850795467184488e-05), np.float64(-2.152277275509646e-06), np.float64(3.6047091751653233e-07), np.float64(-6.037284004169556e-08), np.float64(1.0111441359660657e-08), np.float64(-1.6934971231821239e-09), np.float64(2.836322287342203e-10), np.float64(-4.7503334601498066e-11)]"
0.2,ImADA_12_WSVM | ORIG,15,5000,0.7,0.030612245,0.875,0.163663418,0.035443038,0.018087855,0.0475,0.452806122,"[[ 12 380]
 [  1   7]]",None,"[np.float64(-1.4181235279032562), np.float64(0.5092787376928881), np.float64(-0.09369020772882691), np.float64(0.029011847352850097), np.float64(-0.003676127445871884), np.float64(0.00042631212600272744), np.float64(-7.196796666909144e-05), np.float64(1.2152825135505961e-05), np.float64(-2.0520782428857117e-06), np.float64(3.4650873498527546e-07), np.float64(-5.851050531146633e-08), np.float64(9.879924447540166e-09), np.float64(-1.668296836795254e-09), np.float64(2.8170354929693186e-10), np.float64(-4.7567283447722556e-11)]"
0.2,ImADA_12_WSVM | ORIG,15,5000,1,0.030612245,0.875,0.163663418,0.035443038,0.018087855,0.0475,0.452806122,"[[ 12 380]
 [  1   7]]",None,"[np.float64(-1.400160927521059), np.float64(0.4970812884600743), np.float64(-0.08889441618297535), np.float64(0.028689710462511387), np.float64(-0.004782366669145903), np.float64(0.0008013977052038317), np.float64(-0.0001338564635927418), np.float64(2.237008370623771e-05), np.float64(-3.7381462258869385e-06), np.float64(6.246713360203751e-07), np.float64(-1.043868434078508e-07), np.float64(1.744376135306936e-08), np.float64(-2.9149727161542368e-09), np.float64(4.871121281738486e-10), np.float64(-8.139999785990796e-11)]"
0.2,ImADA_12_WSVM | ORIG,15,10000,0.5,0.030612245,0.875,0.163663418,0.035443038,0.018087855,0.0475,0.452806122,"[[ 12 380]
 [  1   7]]",None,"[np.float64(-1.4304775824158142), np.float64(0.5175558790451639), np.float64(-0.0978114185833292), np.float64(0.030368222942267774), np.float64(-0.005114216442137579), np.float64(0.0008679800896562425), np.float64(-0.00014679886137106252), np.float64(2.4842384054041347e-05), np.float64(-4.203589327315691e-06), np.float64(7.113030391122921e-07), np.float64(-1.2036155805210961e-07), np.float64(2.0366722893048535e-08), np.float64(-3.44631102622051e-09), np.float64(5.831598533997254e-10), np.float64(-9.86779547060508e-11)]"
0.2,ImADA_12_SVM | ORIG,20,1000,0.5,0.040816327,0.875,0.188982237,0.035805627,0.018276762,0.0575,0.457908163,"[[ 16 376]
 [  1   7]]",None,"[np.float64(2.3906808345246557), np.float64(-0.4805741182942908), np.float64(0.23938909539406475), np.float64(0.02472381210921106), np.float64(-0.0012794800739324966), np.float64(-0.0007927190876315383), np.float64(0.00011550355962076413), np.float64(-1.682081124744171e-05), np.float64(2.4498033113083684e-06), np.float64(-3.5678840594165234e-07), np.float64(5.196260840273873e-08), np.float64(-7.567824590977161e-09), np.float64(1.1021765710170902e-09), np.float64(-1.6052070786277547e-10), np.float64(2.337841031819522e-11), np.float64(-3.404831971932023e-12), np.float64(4.95825602797349e-13), np.float64(-7.238654120556544e-14), np.float64(1.0658141036401389e-14), np.float64(-1.3322676295501896e-15)]"
0.2,ImADA_12_SVM | ORIG,20,1000,0.7,0.06377551,0.875,0.236227796,0.036649215,0.018716578,0.08,0.469387755,"[[ 25 367]
 [  1   7]]",None,"[np.float64(2.2413975641244526), np.float64(-0.40293792181413185), np.float64(0.17096520149078887), np.float64(0.04398583254463663), np.float64(-0.026343281288247353), np.float64(0.005822092154439715), np.float64(-0.0009509325939986853), np.float64(0.00013884880249669337), np.float64(-2.0261196115653734e-05), np.float64(2.956836909977712e-06), np.float64(-4.315030992623541e-07), np.float64(6.297110369626454e-08), np.float64(-9.189641465640447e-09), np.float64(1.3410836867456258e-09), np.float64(-1.9571055890843507e-10), np.float64(2.8561153441481188e-11), np.float64(-4.167999279065135e-12), np.float64(6.084022174942156e-13), np.float64(-8.903988657494548e-14), np.float64(1.287858708565165e-14)]"
0.2,ImADA_12_WSVM | ORIG,20,1000,0.7,0.043367347,0.875,0.194798431,0.035897436,0.018324607,0.06,0.459183673,"[[ 17 375]
 [  1   7]]",None,"[np.float64(2.2413975641244526), np.float64(-0.32613776778554227), np.float64(0.039357293992633074), np.float64(0.10713207820571112), np.float64(-0.17406101659185877), np.float64(0.17037451587504918), np.float64(-0.14220803092536433), np.float64(0.0824378568596504), np.float64(-0.06720495917633422), np.float64(0.06210666711317888), np.float64(-0.05846801783193881), np.float64(0.052038481920507904), np.float64(-0.04758426376890156), np.float64(0.04632488950638584), np.float64(-0.04453832371998268), np.float64(0.04139804316320106), np.float64(-0.03895745840400263), np.float64(0.03778542647659162), np.float64(-0.0359255699751107), np.float64(0.03457637483660495)]"
0.2,ImADA_12_SVM | ORIG,20,1000,1.5,0.086734694,0.875,0.275486583,0.037533512,0.019178082,0.1025,0.480867347,"[[ 34 358]
 [  1   7]]",None,"[np.float64(-1.6780135382834025), np.float64(0.6491414720517719), np.float64(0.024871299047871852), np.float64(-0.0032696776890885526), np.float64(0.0005007294029741699), np.float64(-7.651751114625262e-05), np.float64(1.169668065474903e-05), np.float64(-1.7878966787231932e-06), np.float64(2.73291149740474e-07), np.float64(-4.177420589649665e-08), np.float64(6.385441246064185e-09), np.float64(-9.760534612303065e-10), np.float64(1.491957668297578e-10), np.float64(-2.2805757283160218e-11), np.float64(3.4861002973108387e-12), np.float64(-5.324629626105086e-13), np.float64(8.093525849516736e-14), np.float64(-1.1990408665951834e-14), np.float64(1.5543122344752168e-15), np.float64(0.0)]"
0.2,ImADA_12_WSVM | ORIG,20,1000,2,0.045918367,0.875,0.200445931,0.035989717,0.018372703,0.0625,0.460459184,"[[ 18 374]
 [  1   7]]",None,"[np.float64(-1.6376634280829911), np.float64(0.6737496515220818), np.float64(0.004344451221985889), np.float64(-0.03592183904805308), np.float64(-0.0037580892291011357), np.float64(0.00045958212952872026), np.float64(0.0009620106805924923), np.float64(-0.0007157759272428484), np.float64(0.001067778684522546), np.float64(-0.0002782916442724957), np.float64(0.0003929046852209156), np.float64(-6.032256752498213e-05), np.float64(9.263724493956101e-06), np.float64(-1.4225713684740789e-06), np.float64(2.184565977166652e-07), np.float64(-3.3547167947657794e-08), np.float64(5.1516535216570434e-09), np.float64(-7.911109551491896e-10), np.float64(1.2148648752175617e-10), np.float64(-1.865596566154425e-11)]"
0.2,ImADA_12_SVM | ORIG,20,5000,0.5,0.033163265,0.875,0.170346286,0.035532995,0.018134715,0.05,0.454081633,"[[ 13 379]
 [  1   7]]",None,"[np.float64(-1.764549402602487), np.float64(0.7259710705837186), np.float64(-0.06601396090224297), np.float64(0.011815030717788543), np.float64(-0.0027316195849260154), np.float64(0.00045823028749908054), np.float64(-7.672538867223964e-05), np.float64(1.2850795467184488e-05), np.float64(-2.152277275509646e-06), np.float64(3.6047091751653233e-07), np.float64(-6.037284004169556e-08), np.float64(1.0111441359660657e-08), np.float64(-1.6934971231821239e-09), np.float64(2.836322287342203e-10), np.float64(-4.7503334601498066e-11), np.float64(7.955636149795654e-12), np.float64(-1.3318235403421115e-12), np.float64(2.2293278334468173e-13), np.float64(-3.774758283725675e-14), np.float64(6.328271240363352e-15)]"
0.2,ImADA_12_WSVM | ORIG,20,5000,0.7,0.030612245,0.875,0.163663418,0.035443038,0.018087855,0.0475,0.452806122,"[[ 12 380]
 [  1   7]]",None,"[np.float64(-1.4181235279032562), np.float64(0.5092787376928881), np.float64(-0.09369020772882691), np.float64(0.029011847352850097), np.float64(-0.003676127445871884), np.float64(0.00042631212600272744), np.float64(-7.196796666909144e-05), np.float64(1.2152825135505961e-05), np.float64(-2.0520782428857117e-06), np.float64(3.4650873498527546e-07), np.float64(-5.851050531146633e-08), np.float64(9.879924447540166e-09), np.float64(-1.668296836795254e-09), np.float64(2.8170354929693186e-10), np.float64(-4.7567283447722556e-11), np.float64(8.031797449283722e-12), np.float64(-1.356026402279005e-12), np.float64(2.288169653751924e-13), np.float64(-3.885780586188199e-14), np.float64(6.661338147750895e-15)]"
0.2,ImADA_12_WSVM | ORIG,20,5000,1,0.030612245,0.875,0.163663418,0.035443038,0.018087855,0.0475,0.452806122,"[[ 12 380]
 [  1   7]]",None,"[np.float64(-1.400160927521059), np.float64(0.4970812884600743), np.float64(-0.08889441618297535), np.float64(0.028689710462511387), np.float64(-0.004782366669145903), np.float64(0.0008013977052038317), np.float64(-0.0001338564635927418), np.float64(2.237008370623771e-05), np.float64(-3.7381462258869385e-06), np.float64(6.246713360203751e-07), np.float64(-1.043868434078508e-07), np.float64(1.744376135306936e-08), np.float64(-2.9149727161542368e-09), np.float64(4.871121281738486e-10), np.float64(-8.139999785990796e-11), np.float64(1.3602452497522391e-11), np.float64(-2.2732926652276384e-12), np.float64(3.801403636315091e-13), np.float64(-6.350475700856299e-14), np.float64(1.0880185641326416e-14)]"
0.2,ImADA_12_WSVM | ORIG,20,10000,0.5,0.030612245,0.875,0.163663418,0.035443038,0.018087855,0.0475,0.452806122,"[[ 12 380]
 [  1   7]]",None,"[np.float64(-1.4304775824158142), np.float64(0.5175558790451639), np.float64(-0.0978114185833292), np.float64(0.030368222942267774), np.float64(-0.005114216442137579), np.float64(0.0008679800896562425), np.float64(-0.00014679886137106252), np.float64(2.4842384054041347e-05), np.float64(-4.203589327315691e-06), np.float64(7.113030391122921e-07), np.float64(-1.2036155805210961e-07), np.float64(2.0366722893048535e-08), np.float64(-3.44631102622051e-09), np.float64(5.831598533997254e-10), np.float64(-9.86779547060508e-11), np.float64(1.669753224547862e-11), np.float64(-2.8252955530740806e-12), np.float64(4.780620344033639e-13), np.float64(-8.126832540256806e-14), np.float64(1.3988810110276777e-14)]"
0.2,ImADA_12_SVM | ORIG,10,1000,2,0.12244898,0.75,0.303045763,0.033519553,0.017142857,0.135,0.43622449,"[[ 48 344]
 [  2   6]]",None,"[np.float64(-1.6376634280829911), np.float64(0.6263524452436338), np.float64(-0.07139710711654593), np.float64(0.010668798548426828), np.float64(-0.0017447183402134964), np.float64(-3.0380254192147793e-05), np.float64(4.926779765058016e-06), np.float64(-7.989617558825096e-07), np.float64(1.2956576897965971e-07), np.float64(-2.1011368420306894e-08)]"
0.2,ImADA_12_SVM | ORIG,10,5000,0.7,0.051020408,0.75,0.195615199,0.031088083,0.015873016,0.065,0.400510204,"[[ 20 372]
 [  2   6]]",None,"[np.float64(-1.4181235279032562), np.float64(0.5081880252983734), np.float64(-0.07587716371340554), np.float64(0.012449357497827444), np.float64(-0.002090807170026839), np.float64(0.0003541427295686532), np.float64(-5.989935552842492e-05), np.float64(1.013377102494483e-05), np.float64(-1.7143608692568372e-06), np.float64(2.90025651978929e-07)]"
0.2,ImADA_12_SVM | ORIG,10,5000,1,0.142857143,0.75,0.327326835,0.034285714,0.01754386,0.155,0.446428571,"[[ 56 336]
 [  2   6]]",None,"[np.float64(-1.400160927521059), np.float64(0.07052052211737485), np.float64(0.41178383886882725), np.float64(-0.06487673322013417), np.float64(0.010718033902833367), np.float64(-0.0017383096375020138), np.float64(0.00029244039693726196), np.float64(-4.91397205109393e-05), np.float64(8.258755944027234e-06), np.float64(-1.387976220640913e-06)]"
0.2,ImADA_12_SVM | ORIG,10,5000,1.5,0.170918367,0.75,0.358034601,0.03539823,0.018126888,0.1825,0.460459184,"[[ 67 325]
 [  2   6]]",None,"[np.float64(-1.3712467152802843), np.float64(0.0737421978851825), np.float64(-0.01241850737035707), np.float64(0.0020013801020365247), np.float64(-0.00033652543203105466), np.float64(5.666298364753591e-05), np.float64(-9.538525564570961e-06), np.float64(1.6057571004323576e-06), np.float64(-2.7031841167416846e-07), np.float64(4.5506336959505534e-08)]"
0.2,ImADA_12_WSVM | ORIG,10,5000,1.5,0.12755102,0.75,0.309294787,0.033707865,0.017241379,0.14,0.43877551,"[[ 50 342]
 [  2   6]]",None,"[np.float64(-1.3712467152802843), np.float64(0.4337065505410983), np.float64(-0.051202843121200124), np.float64(0.00888169589471631), np.float64(-0.0016117401846187283), np.float64(0.0002694732836767147), np.float64(-4.5004904757771115e-05), np.float64(7.517677011056404e-06), np.float64(-1.255723930829013e-06), np.float64(2.0975238254268813e-07)]"
0.2,ImADA_12_SVM | ORIG,10,5000,2,0.170918367,0.75,0.358034601,0.03539823,0.018126888,0.1825,0.460459184,"[[ 67 325]
 [  2   6]]",None,"[np.float64(-1.218529172144792), np.float64(-0.17324420168244686), np.float64(0.05010584320102068), np.float64(-0.025118876021822566), np.float64(0.020837464668705154), np.float64(-0.019601264733253566), np.float64(0.019207856265398685), np.float64(-0.018704466390283985), np.float64(0.018446198444745102), np.float64(-0.017998345119795072)]"
0.2,ImADA_12_WSVM | ORIG,10,5000,2,0.147959184,0.75,0.33312068,0.034482759,0.017647059,0.16,0.448979592,"[[ 58 334]
 [  2   6]]",None,"[np.float64(-1.218529172144792), np.float64(0.34581504504996324), np.float64(-0.04379902088197858), np.float64(0.0066189391905426345), np.float64(-0.000571773277411403), np.float64(9.570706634827061e-05), np.float64(-1.6013822073114538e-05), np.float64(2.6796267750921533e-06), np.float64(-4.483827338164805e-07), np.float64(7.502815061416043e-08)]"
0.2,ImADA_12_SVM | ORIG,10,10000,0.5,0.130102041,0.75,0.312372423,0.033802817,0.017291066,0.1425,0.44005102,"[[ 51 341]
 [  2   6]]",None,"[np.float64(-1.4304775824158142), np.float64(0.46527432880487923), np.float64(-0.05758728707165355), np.float64(0.010071255216768264), np.float64(-0.0017021960633903026), np.float64(0.00028968808926884033), np.float64(-4.924314138261869e-05), np.float64(8.37234225079567e-06), np.float64(-1.4234216232624063e-06), np.float64(2.4200404929837714e-07)]"
0.2,ImADA_12_SVM | ORIG,10,10000,0.7,0.137755102,0.75,0.321428571,0.034090909,0.01744186,0.15,0.443877551,"[[ 54 338]
 [  2   6]]",None,"[np.float64(-1.418397696514299), np.float64(0.4591910931350414), np.float64(-0.05777571650064648), np.float64(0.010296222006147862), np.float64(-0.0016934580210571234), np.float64(0.0002867295872460018), np.float64(-4.849176544445316e-05), np.float64(8.202544328395797e-06), np.float64(-1.3874418289589963e-06), np.float64(2.346839642524517e-07)]"
0.2,ImADA_12_WSVM | ORIG,10,10000,0.7,0.117346939,0.75,0.296665138,0.033333333,0.017045455,0.13,0.433673469,"[[ 46 346]
 [  2   6]]",None,"[np.float64(-1.418397696514299), np.float64(0.4588688559529295), np.float64(-0.07123366221915882), np.float64(0.0620385600710098), np.float64(-0.04323759558801895), np.float64(0.007511130000630667), np.float64(-0.001266884512466434), np.float64(0.00021478300250760642), np.float64(-3.638200445003707e-05), np.float64(6.163637868784058e-06)]"
0.2,ImADA_12_SVM | ORIG,10,10000,1,0.150510204,0.75,0.335980138,0.034582133,0.017699115,0.1625,0.450255102,"[[ 59 333]
 [  2   6]]",None,"[np.float64(-1.2678307542324496), np.float64(0.3703951165409416), np.float64(-0.049227613840372254), np.float64(0.008649416596632861), np.float64(-0.0014097731885276833), np.float64(0.00023881560544822974), np.float64(-4.041640447207756e-05), np.float64(6.841062281654278e-06), np.float64(-1.1579169601026355e-06), np.float64(1.9598973066866048e-07)]"
0.2,ImADA_12_WSVM | ORIG,10,10000,1,0.142857143,0.75,0.327326835,0.034285714,0.01754386,0.155,0.446428571,"[[ 56 336]
 [  2   6]]",None,"[np.float64(-1.2678307542324496), np.float64(0.3696019443145908), np.float64(-0.04745400442568603), np.float64(0.007671605137386328), np.float64(-0.0012451433731338268), np.float64(0.00021077133355090627), np.float64(-3.564791874711818e-05), np.float64(6.030028631387669e-06), np.float64(-1.0199854782807385e-06), np.float64(1.7253229266146897e-07)]"
0.2,ImADA_12_SVM | ORIG,10,10000,1.5,0.160714286,0.75,0.347182537,0.034985423,0.017910448,0.1725,0.455357143,"[[ 63 329]
 [  2   6]]",None,"[np.float64(-1.242832072009467), np.float64(0.07813968859257794), np.float64(0.3128965935669313), np.float64(-0.06091978977441273), np.float64(0.010479218441668797), np.float64(-0.0016836076486824445), np.float64(0.000216077418246639), np.float64(-3.631711218998177e-05), np.float64(6.104881632562933e-06), np.float64(-1.0262009886154092e-06)]"
0.2,ImADA_12_WSVM | ORIG,10,10000,1.5,0.150510204,0.75,0.335980138,0.034582133,0.017699115,0.1625,0.450255102,"[[ 59 333]
 [  2   6]]",None,"[np.float64(-1.242832072009467), np.float64(0.3568739122713718), np.float64(-0.044907338106577495), np.float64(0.0064423695136725705), np.float64(-0.0010806065894446196), np.float64(0.000181213893964819), np.float64(-3.0366556212703737e-05), np.float64(5.089243496420106e-06), np.float64(-8.529074930534571e-07), np.float64(1.4293945959838879e-07)]"
0.2,ImADA_12_SVM | ORIG,10,10000,2,0.173469388,0.75,0.360696605,0.035502959,0.018181818,0.185,0.461734694,"[[ 68 324]
 [  2   6]]",None,"[np.float64(-1.2184817856710055), np.float64(-0.15078329579849353), np.float64(0.02778099144571554), np.float64(-0.004294079817409695), np.float64(0.0007302087923525801), np.float64(-0.0001238079949492798), np.float64(2.100231849004436e-05), np.float64(-3.562451926804965e-06), np.float64(6.042783344816339e-07), np.float64(-1.025000258150142e-07)]"
0.2,ImADA_12_WSVM | ORIG,10,10000,2,0.153061224,0.75,0.338815464,0.034682081,0.017751479,0.165,0.451530612,"[[ 60 332]
 [  2   6]]",None,"[np.float64(-1.2184817856710055), np.float64(0.3767500794479499), np.float64(-0.06728439749565902), np.float64(0.0661014221979556), np.float64(-0.06107916385323025), np.float64(0.058474545619886575), np.float64(-0.05412672268600018), np.float64(0.05185636508082037), np.float64(-0.04820895810999049), np.float64(0.007529520546152749)]"
0.2,ImADA_12_SVM | ORIG,15,1000,2,0.12244898,0.75,0.303045763,0.033519553,0.017142857,0.135,0.43622449,"[[ 48 344]
 [  2   6]]",None,"[np.float64(-1.6376634280829911), np.float64(0.6263524452436338), np.float64(-0.07139710711654593), np.float64(0.010668798548426828), np.float64(-0.0017447183402134964), np.float64(-3.0380254192147793e-05), np.float64(4.926779765058016e-06), np.float64(-7.989617558825096e-07), np.float64(1.2956576897965971e-07), np.float64(-2.1011368420306894e-08), np.float64(3.4073630467618475e-09), np.float64(-5.525637728209952e-10), np.float64(8.960787666630621e-11), np.float64(-1.4531265080319981e-11), np.float64(2.35633734745888e-12)]"
0.2,ImADA_12_SVM | ORIG,15,5000,0.7,0.051020408,0.75,0.195615199,0.031088083,0.015873016,0.065,0.400510204,"[[ 20 372]
 [  2   6]]",None,"[np.float64(-1.4181235279032562), np.float64(0.5081880252983734), np.float64(-0.07587716371340554), np.float64(0.012449357497827444), np.float64(-0.002090807170026839), np.float64(0.0003541427295686532), np.float64(-5.989935552842492e-05), np.float64(1.013377102494483e-05), np.float64(-1.7143608692568372e-06), np.float64(2.90025651978929e-07), np.float64(-4.90648042398873e-08), np.float64(8.300491447446108e-09), np.float64(-1.4042271809523313e-09), np.float64(2.375584173254994e-10), np.float64(-4.018874122541625e-11)]"
0.2,ImADA_12_SVM | ORIG,15,5000,1,0.142857143,0.75,0.327326835,0.034285714,0.01754386,0.155,0.446428571,"[[ 56 336]
 [  2   6]]",None,"[np.float64(-1.400160927521059), np.float64(0.07052052211737485), np.float64(0.41178383886882725), np.float64(-0.06487673322013417), np.float64(0.010718033902833367), np.float64(-0.0017383096375020138), np.float64(0.00029244039693726196), np.float64(-4.91397205109393e-05), np.float64(8.258755944027234e-06), np.float64(-1.387976220640913e-06), np.float64(2.332662272108704e-07), np.float64(-3.920317979611763e-08), np.float64(6.5885647614344134e-09), np.float64(-1.1072875961741334e-09), np.float64(1.8609291881777908e-10)]"
0.2,ImADA_12_SVM | ORIG,15,5000,1.5,0.170918367,0.75,0.358034601,0.03539823,0.018126888,0.1825,0.460459184,"[[ 67 325]
 [  2   6]]",None,"[np.float64(-1.3712467152802843), np.float64(0.0737421978851825), np.float64(-0.01241850737035707), np.float64(0.0020013801020365247), np.float64(-0.00033652543203105466), np.float64(5.666298364753591e-05), np.float64(-9.538525564570961e-06), np.float64(1.6057571004323576e-06), np.float64(-2.7031841167416846e-07), np.float64(4.5506336959505534e-08), np.float64(-7.660692972044463e-09), np.float64(1.2896272921802708e-09), np.float64(-2.1710011570969318e-10), np.float64(3.654743174629981e-11), np.float64(-6.15241191330062e-12)]"
0.2,ImADA_12_WSVM | ORIG,15,5000,1.5,0.12755102,0.75,0.309294787,0.033707865,0.017241379,0.14,0.43877551,"[[ 50 342]
 [  2   6]]",None,"[np.float64(-1.3712467152802843), np.float64(0.4337065505410983), np.float64(-0.051202843121200124), np.float64(0.00888169589471631), np.float64(-0.0016117401846187283), np.float64(0.0002694732836767147), np.float64(-4.5004904757771115e-05), np.float64(7.517677011056404e-06), np.float64(-1.255723930829013e-06), np.float64(2.0975238254268813e-07), np.float64(-3.503638269028666e-08), np.float64(5.85236877753708e-09), np.float64(-9.775618102345089e-10), np.float64(1.6328893789994564e-10), np.float64(-2.727551518052495e-11)]"
0.2,ImADA_12_SVM | ORIG,15,5000,2,0.173469388,0.75,0.360696605,0.035502959,0.018181818,0.185,0.461734694,"[[ 68 324]
 [  2   6]]",None,"[np.float64(-1.218529172144792), np.float64(-0.17324420168244686), np.float64(0.05010584320102068), np.float64(-0.025118876021822566), np.float64(0.020837464668705154), np.float64(-0.019601264733253566), np.float64(0.019207856265398685), np.float64(-0.018704466390283985), np.float64(0.018446198444745102), np.float64(-0.017998345119795072), np.float64(0.01776147914038449), np.float64(-0.01734554141156682), np.float64(0.01709645503346617), np.float64(-0.016704681814281797), np.float64(0.016493206943948815)]"
0.2,ImADA_12_WSVM | ORIG,15,5000,2,0.147959184,0.75,0.33312068,0.034482759,0.017647059,0.16,0.448979592,"[[ 58 334]
 [  2   6]]",None,"[np.float64(-1.218529172144792), np.float64(0.34581504504996324), np.float64(-0.04379902088197858), np.float64(0.0066189391905426345), np.float64(-0.000571773277411403), np.float64(9.570706634827061e-05), np.float64(-1.6013822073114538e-05), np.float64(2.6796267750921533e-06), np.float64(-4.483827338164805e-07), np.float64(7.502815061416043e-08), np.float64(-1.2554501429526328e-08), np.float64(2.1007515682846884e-09), np.float64(-3.515192582695927e-10), np.float64(5.881939379657615e-11), np.float64(-9.84190506879395e-12)]"
0.2,ImADA_12_SVM | ORIG,15,10000,0.5,0.130102041,0.75,0.312372423,0.033802817,0.017291066,0.1425,0.44005102,"[[ 51 341]
 [  2   6]]",None,"[np.float64(-1.4304775824158142), np.float64(0.46527432880487923), np.float64(-0.05758728707165355), np.float64(0.010071255216768264), np.float64(-0.0017021960633903026), np.float64(0.00028968808926884033), np.float64(-4.924314138261869e-05), np.float64(8.37234225079567e-06), np.float64(-1.4234216232624063e-06), np.float64(2.4200404929837714e-07), np.float64(-4.114445187308527e-08), np.float64(6.995197705445277e-09), np.float64(-1.189292443719562e-09), np.float64(2.0219781400673822e-10), np.float64(-3.43762796018603e-11)]"
0.2,ImADA_12_SVM | ORIG,15,10000,0.7,0.137755102,0.75,0.321428571,0.034090909,0.01744186,0.15,0.443877551,"[[ 54 338]
 [  2   6]]",None,"[np.float64(-1.418397696514299), np.float64(0.4591910931350414), np.float64(-0.05777571650064648), np.float64(0.010296222006147862), np.float64(-0.0016934580210571234), np.float64(0.0002867295872460018), np.float64(-4.849176544445316e-05), np.float64(8.202544328395797e-06), np.float64(-1.3874418289589963e-06), np.float64(2.346839642524517e-07), np.float64(-3.9696446817851256e-08), np.float64(6.714596167290221e-09), np.float64(-1.1357639286412228e-09), np.float64(1.9211277009962484e-10), np.float64(-3.249533975341458e-11)]"
0.2,ImADA_12_WSVM | ORIG,15,10000,0.7,0.117346939,0.75,0.296665138,0.033333333,0.017045455,0.13,0.433673469,"[[ 46 346]
 [  2   6]]",None,"[np.float64(-1.418397696514299), np.float64(0.4588688559529295), np.float64(-0.07123366221915882), np.float64(0.0620385600710098), np.float64(-0.04323759558801895), np.float64(0.007511130000630667), np.float64(-0.001266884512466434), np.float64(0.00021478300250760642), np.float64(-3.638200445003707e-05), np.float64(6.163637868784058e-06), np.float64(-1.0441834455104115e-06), np.float64(1.768961259856518e-07), np.float64(-2.9968121993879704e-08), np.float64(5.07692552085691e-09), np.float64(-8.600862252031783e-10)]"
0.2,ImADA_12_SVM | ORIG,15,10000,1,0.150510204,0.75,0.335980138,0.034582133,0.017699115,0.1625,0.450255102,"[[ 59 333]
 [  2   6]]",None,"[np.float64(-1.2678307542324496), np.float64(0.3703951165409416), np.float64(-0.049227613840372254), np.float64(0.008649416596632861), np.float64(-0.0014097731885276833), np.float64(0.00023881560544822974), np.float64(-4.041640447207756e-05), np.float64(6.841062281654278e-06), np.float64(-1.1579169601026355e-06), np.float64(1.9598973066866048e-07), np.float64(-3.317331497411555e-08), np.float64(5.614931821276802e-09), np.float64(-9.503859930299456e-10), np.float64(1.608626565027163e-10), np.float64(-2.7227997635068403e-11)]"
0.2,ImADA_12_WSVM | ORIG,15,10000,1,0.142857143,0.75,0.327326835,0.034285714,0.01754386,0.155,0.446428571,"[[ 56 336]
 [  2   6]]",None,"[np.float64(-1.2678307542324496), np.float64(0.3696019443145908), np.float64(-0.04745400442568603), np.float64(0.007671605137386328), np.float64(-0.0012451433731338268), np.float64(0.00021077133355090627), np.float64(-3.564791874711818e-05), np.float64(6.030028631387669e-06), np.float64(-1.0199854782807385e-06), np.float64(1.7253229266146897e-07), np.float64(-2.9184113145180178e-08), np.float64(4.936539597155648e-09), np.float64(-8.350240506028069e-10), np.float64(1.4124612588654076e-10), np.float64(-2.3891999490504198e-11)]"
0.2,ImADA_12_SVM | ORIG,15,10000,1.5,0.160714286,0.75,0.347182537,0.034985423,0.017910448,0.1725,0.455357143,"[[ 63 329]
 [  2   6]]",None,"[np.float64(-1.242832072009467), np.float64(0.07813968859257794), np.float64(0.3128965935669313), np.float64(-0.06091978977441273), np.float64(0.010479218441668797), np.float64(-0.0016836076486824445), np.float64(0.000216077418246639), np.float64(-3.631711218998177e-05), np.float64(6.104881632562933e-06), np.float64(-1.0262009886154092e-06), np.float64(1.7250012662496404e-07), np.float64(-2.8996534959052004e-08), np.float64(4.87419435768566e-09), np.float64(-8.193317142575843e-10), np.float64(1.3772649685485595e-10)]"
0.2,ImADA_12_WSVM | ORIG,15,10000,1.5,0.150510204,0.75,0.335980138,0.034582133,0.017699115,0.1625,0.450255102,"[[ 59 333]
 [  2   6]]",None,"[np.float64(-1.242832072009467), np.float64(0.3568739122713718), np.float64(-0.044907338106577495), np.float64(0.0064423695136725705), np.float64(-0.0010806065894446196), np.float64(0.000181213893964819), np.float64(-3.0366556212703737e-05), np.float64(5.089243496420106e-06), np.float64(-8.529074930534571e-07), np.float64(1.4293945959838879e-07), np.float64(-2.395532663000414e-08), np.float64(4.014691229994788e-09), np.float64(-6.728255734864138e-10), np.float64(1.1275957943873438e-10), np.float64(-1.889777223631669e-11)]"
0.2,ImADA_12_SVM | ORIG,15,10000,2,0.173469388,0.75,0.360696605,0.035502959,0.018181818,0.185,0.461734694,"[[ 68 324]
 [  2   6]]",None,"[np.float64(-1.2184817856710055), np.float64(-0.15078329579849353), np.float64(0.02778099144571554), np.float64(-0.004294079817409695), np.float64(0.0007302087923525801), np.float64(-0.0001238079949492798), np.float64(2.100231849004436e-05), np.float64(-3.562451926804965e-06), np.float64(6.042783344816339e-07), np.float64(-1.025000258150142e-07), np.float64(1.738645719364925e-08), np.float64(-2.9491591478181783e-09), np.float64(5.002482869882433e-10), np.float64(-8.485434577930097e-11), np.float64(1.4393819469453048e-11)]"
0.2,ImADA_12_WSVM | ORIG,15,10000,2,0.153061224,0.75,0.338815464,0.034682081,0.017751479,0.165,0.451530612,"[[ 60 332]
 [  2   6]]",None,"[np.float64(-1.2184817856710055), np.float64(0.3767500794479499), np.float64(-0.06728439749565902), np.float64(0.0661014221979556), np.float64(-0.06107916385323025), np.float64(0.058474545619886575), np.float64(-0.05412672268600018), np.float64(0.05185636508082037), np.float64(-0.04820895810999049), np.float64(0.007529520546152749), np.float64(-0.0012526470315220328), np.float64(0.012684423507257112), np.float64(-0.014053049955699566), np.float64(0.0021116153289006917), np.float64(-0.0002926033776921267)]"
0.2,ImADA_12_SVM | ORIG,20,1000,2,0.12244898,0.75,0.303045763,0.033519553,0.017142857,0.135,0.43622449,"[[ 48 344]
 [  2   6]]",None,"[np.float64(-1.6376634280829911), np.float64(0.6263524452436338), np.float64(-0.07139710711654593), np.float64(0.010668798548426828), np.float64(-0.0017447183402134964), np.float64(-3.0380254192147793e-05), np.float64(4.926779765058016e-06), np.float64(-7.989617558825096e-07), np.float64(1.2956576897965971e-07), np.float64(-2.1011368420306894e-08), np.float64(3.4073630467618475e-09), np.float64(-5.525637728209952e-10), np.float64(8.960787666630621e-11), np.float64(-1.4531265080319981e-11), np.float64(2.35633734745888e-12), np.float64(-3.819167204711997e-13), np.float64(6.172840016915489e-14), np.float64(-9.769962616701474e-15), np.float64(1.5543122344752168e-15), np.float64(-4.440892098500628e-16)]"
0.2,ImADA_12_SVM | ORIG,20,5000,0.7,0.051020408,0.75,0.195615199,0.031088083,0.015873016,0.065,0.400510204,"[[ 20 372]
 [  2   6]]",None,"[np.float64(-1.4181235279032562), np.float64(0.5081880252983734), np.float64(-0.07587716371340554), np.float64(0.012449357497827444), np.float64(-0.002090807170026839), np.float64(0.0003541427295686532), np.float64(-5.989935552842492e-05), np.float64(1.013377102494483e-05), np.float64(-1.7143608692568372e-06), np.float64(2.90025651978929e-07), np.float64(-4.90648042398873e-08), np.float64(8.300491447446108e-09), np.float64(-1.4042271809523313e-09), np.float64(2.375584173254994e-10), np.float64(-4.018874122541625e-11), np.float64(6.798561713548388e-12), np.float64(-1.149746964303134e-12), np.float64(1.9428902930936466e-13), np.float64(-3.3084646133830757e-14), np.float64(5.773159728050781e-15)]"
0.2,ImADA_12_SVM | ORIG,20,5000,1,0.142857143,0.75,0.327326835,0.034285714,0.01754386,0.155,0.446428571,"[[ 56 336]
 [  2   6]]",None,"[np.float64(-1.400160927521059), np.float64(0.07052052211737485), np.float64(0.41178383886882725), np.float64(-0.06487673322013417), np.float64(0.010718033902833367), np.float64(-0.0017383096375020138), np.float64(0.00029244039693726196), np.float64(-4.91397205109393e-05), np.float64(8.258755944027234e-06), np.float64(-1.387976220640913e-06), np.float64(2.332662272108704e-07), np.float64(-3.920317979611763e-08), np.float64(6.5885647614344134e-09), np.float64(-1.1072875961741334e-09), np.float64(1.8609291881777908e-10), np.float64(-3.1275204649273726e-11), np.float64(5.25601784315279e-12), np.float64(-8.828493491827039e-13), np.float64(1.47881706880049e-13), np.float64(-2.442490654175404e-14)]"
0.2,ImADA_12_SVM | ORIG,20,5000,1.5,0.170918367,0.75,0.358034601,0.03539823,0.018126888,0.1825,0.460459184,"[[ 67 325]
 [  2   6]]",None,"[np.float64(-1.3712467152802843), np.float64(0.0737421978851825), np.float64(-0.01241850737035707), np.float64(0.0020013801020365247), np.float64(-0.00033652543203105466), np.float64(5.666298364753591e-05), np.float64(-9.538525564570961e-06), np.float64(1.6057571004323576e-06), np.float64(-2.7031841167416846e-07), np.float64(4.5506336959505534e-08), np.float64(-7.660692972044463e-09), np.float64(1.2896272921802708e-09), np.float64(-2.1710011570969318e-10), np.float64(3.654743174629981e-11), np.float64(-6.15241191330062e-12), np.float64(1.0356160373692735e-12), np.float64(-1.7452705947110508e-13), np.float64(2.953193245502829e-14), np.float64(-4.6629367034256796e-15), np.float64(5.55111512312578e-16)]"
0.2,ImADA_12_WSVM | ORIG,20,5000,1.5,0.12755102,0.75,0.309294787,0.033707865,0.017241379,0.14,0.43877551,"[[ 50 342]
 [  2   6]]",None,"[np.float64(-1.3712467152802843), np.float64(0.4337065505410983), np.float64(-0.051202843121200124), np.float64(0.00888169589471631), np.float64(-0.0016117401846187283), np.float64(0.0002694732836767147), np.float64(-4.5004904757771115e-05), np.float64(7.517677011056404e-06), np.float64(-1.255723930829013e-06), np.float64(2.0975238254268813e-07), np.float64(-3.503638269028666e-08), np.float64(5.85236877753708e-09), np.float64(-9.775618102345089e-10), np.float64(1.6328893789994564e-10), np.float64(-2.727551518052495e-11), np.float64(4.555911203831036e-12), np.float64(-7.607248164737359e-13), np.float64(1.2700951401710178e-13), np.float64(-2.0872192862953378e-14), np.float64(2.8865798640253987e-15)]"
0.2,ImADA_12_SVM | ORIG,20,5000,2,0.170918367,0.75,0.358034601,0.03539823,0.018126888,0.1825,0.460459184,"[[ 67 325]
 [  2   6]]",None,"[np.float64(-1.218529172144792), np.float64(-0.17324420168244686), np.float64(0.05010584320102068), np.float64(-0.025118876021822566), np.float64(0.020837464668705154), np.float64(-0.019601264733253566), np.float64(0.019207856265398685), np.float64(-0.018704466390283985), np.float64(0.018446198444745102), np.float64(-0.017998345119795072), np.float64(0.01776147914038449), np.float64(-0.01734554141156682), np.float64(0.01709645503346617), np.float64(-0.016704681814281797), np.float64(0.016493206943948815), np.float64(-0.01613093746150116), np.float64(0.015938839090088162), np.float64(-0.015600448973957919), np.float64(0.015420306226197483), np.float64(-0.015102588764751863)]"
0.2,ImADA_12_WSVM | ORIG,20,5000,2,0.147959184,0.75,0.33312068,0.034482759,0.017647059,0.16,0.448979592,"[[ 58 334]
 [  2   6]]",None,"[np.float64(-1.218529172144792), np.float64(0.34581504504996324), np.float64(-0.04379902088197858), np.float64(0.0066189391905426345), np.float64(-0.000571773277411403), np.float64(9.570706634827061e-05), np.float64(-1.6013822073114538e-05), np.float64(2.6796267750921533e-06), np.float64(-4.483827338164805e-07), np.float64(7.502815061416043e-08), np.float64(-1.2554501429526328e-08), np.float64(2.1007515682846884e-09), np.float64(-3.515192582695927e-10), np.float64(5.881939379657615e-11), np.float64(-9.84190506879395e-12), np.float64(1.646349723213934e-12), np.float64(-2.7489122089726434e-13), np.float64(4.5852210917016864e-14), np.float64(-7.993605777301192e-15), np.float64(1.5543122344752168e-15)]"
0.2,ImADA_12_SVM | ORIG,20,10000,0.5,0.130102041,0.75,0.312372423,0.033802817,0.017291066,0.1425,0.44005102,"[[ 51 341]
 [  2   6]]",None,"[np.float64(-1.4304775824158142), np.float64(0.46527432880487923), np.float64(-0.05758728707165355), np.float64(0.010071255216768264), np.float64(-0.0017021960633903026), np.float64(0.00028968808926884033), np.float64(-4.924314138261869e-05), np.float64(8.37234225079567e-06), np.float64(-1.4234216232624063e-06), np.float64(2.4200404929837714e-07), np.float64(-4.114445187308527e-08), np.float64(6.995197705445277e-09), np.float64(-1.189292443719562e-09), np.float64(2.0219781400673822e-10), np.float64(-3.43762796018603e-11), np.float64(5.844214001592669e-12), np.float64(-9.936496070405024e-13), np.float64(1.6919798895284523e-13), np.float64(-2.930988785010499e-14), np.float64(5.329070518200723e-15)]"
0.2,ImADA_12_SVM | ORIG,20,10000,0.7,0.137755102,0.75,0.321428571,0.034090909,0.01744186,0.15,0.443877551,"[[ 54 338]
 [  2   6]]",None,"[np.float64(-1.418397696514299), np.float64(0.4591910931350414), np.float64(-0.05777571650064648), np.float64(0.010296222006147862), np.float64(-0.0016934580210571234), np.float64(0.0002867295872460018), np.float64(-4.849176544445316e-05), np.float64(8.202544328395797e-06), np.float64(-1.3874418289589963e-06), np.float64(2.346839642524517e-07), np.float64(-3.9696446817851256e-08), np.float64(6.714596167290221e-09), np.float64(-1.1357639286412228e-09), np.float64(1.9211277009962484e-10), np.float64(-3.249533975341458e-11), np.float64(5.496048061074168e-12), np.float64(-9.292566716121196e-13), np.float64(1.569855356819725e-13), np.float64(-2.6423307986079423e-14), np.float64(4.107825191113063e-15)]"
0.2,ImADA_12_WSVM | ORIG,20,10000,0.7,0.117346939,0.75,0.296665138,0.033333333,0.017045455,0.13,0.433673469,"[[ 46 346]
 [  2   6]]",None,"[np.float64(-1.418397696514299), np.float64(0.4588688559529295), np.float64(-0.07123366221915882), np.float64(0.0620385600710098), np.float64(-0.04323759558801895), np.float64(0.007511130000630667), np.float64(-0.001266884512466434), np.float64(0.00021478300250760642), np.float64(-3.638200445003707e-05), np.float64(6.163637868784058e-06), np.float64(-1.0441834455104115e-06), np.float64(1.768961259856518e-07), np.float64(-2.9968121993879704e-08), np.float64(5.07692552085691e-09), np.float64(-8.600862252031783e-10), np.float64(1.4570766813201914e-10), np.float64(-2.4684254640915193e-11), np.float64(4.181543999930704e-12), np.float64(-7.083222897113516e-13), np.float64(1.201261312644275e-13)]"
0.2,ImADA_12_SVM | ORIG,20,10000,1,0.150510204,0.75,0.335980138,0.034582133,0.017699115,0.1625,0.450255102,"[[ 59 333]
 [  2   6]]",None,"[np.float64(-1.2678307542324496), np.float64(0.3703951165409416), np.float64(-0.049227613840372254), np.float64(0.008649416596632861), np.float64(-0.0014097731885276833), np.float64(0.00023881560544822974), np.float64(-4.041640447207756e-05), np.float64(6.841062281654278e-06), np.float64(-1.1579169601026355e-06), np.float64(1.9598973066866048e-07), np.float64(-3.317331497411555e-08), np.float64(5.614931821276802e-09), np.float64(-9.503859930299456e-10), np.float64(1.608626565027163e-10), np.float64(-2.7227997635068403e-11), np.float64(4.608979864407632e-12), np.float64(-7.802647417071688e-13), np.float64(1.318944953254512e-13), np.float64(-2.2204460492503623e-14), np.float64(3.996802888650548e-15)]"
0.2,ImADA_12_WSVM | ORIG,20,10000,1,0.142857143,0.75,0.327326835,0.034285714,0.01754386,0.155,0.446428571,"[[ 56 336]
 [  2   6]]",None,"[np.float64(-1.2678307542324496), np.float64(0.3696019443145908), np.float64(-0.04745400442568603), np.float64(0.007671605137386328), np.float64(-0.0012451433731338268), np.float64(0.00021077133355090627), np.float64(-3.564791874711818e-05), np.float64(6.030028631387669e-06), np.float64(-1.0199854782807385e-06), np.float64(1.7253229266146897e-07), np.float64(-2.9184113145180178e-08), np.float64(4.936539597155648e-09), np.float64(-8.350240506028069e-10), np.float64(1.4124612588654076e-10), np.float64(-2.3891999490504198e-11), np.float64(4.041655898829085e-12), np.float64(-6.838973831695641e-13), np.float64(1.1546319456100295e-13), np.float64(-1.9317880628478096e-14), np.float64(3.108624468950429e-15)]"
0.2,ImADA_12_SVM | ORIG,20,10000,1.5,0.160714286,0.75,0.347182537,0.034985423,0.017910448,0.1725,0.455357143,"[[ 63 329]
 [  2   6]]",None,"[np.float64(-1.242832072009467), np.float64(0.07813968859257794), np.float64(0.3128965935669313), np.float64(-0.06091978977441273), np.float64(0.010479218441668797), np.float64(-0.0016836076486824445), np.float64(0.000216077418246639), np.float64(-3.631711218998177e-05), np.float64(6.104881632562933e-06), np.float64(-1.0262009886154092e-06), np.float64(1.7250012662496404e-07), np.float64(-2.8996534959052004e-08), np.float64(4.87419435768566e-09), np.float64(-8.193317142575843e-10), np.float64(1.3772649685485595e-10), np.float64(-2.3151258688439445e-11), np.float64(3.891664768203416e-12), np.float64(-6.545874953194208e-13), np.float64(1.1024514634526589e-13), np.float64(-1.82076576038529e-14)]"
0.2,ImADA_12_WSVM | ORIG,20,10000,1.5,0.150510204,0.75,0.335980138,0.034582133,0.017699115,0.1625,0.450255102,"[[ 59 333]
 [  2   6]]",None,"[np.float64(-1.242832072009467), np.float64(0.3568739122713718), np.float64(-0.044907338106577495), np.float64(0.0064423695136725705), np.float64(-0.0010806065894446196), np.float64(0.000181213893964819), np.float64(-3.0366556212703737e-05), np.float64(5.089243496420106e-06), np.float64(-8.529074930534571e-07), np.float64(1.4293945959838879e-07), np.float64(-2.395532663000414e-08), np.float64(4.014691229994788e-09), np.float64(-6.728255734864138e-10), np.float64(1.1275957943873438e-10), np.float64(-1.889777223631669e-11), np.float64(3.167244244640615e-12), np.float64(-5.304645611661812e-13), np.float64(8.859579736507964e-14), np.float64(-1.5099033134902356e-14), np.float64(2.6645352591003686e-15)]"
0.2,ImADA_12_SVM | ORIG,20,10000,2,0.173469388,0.75,0.360696605,0.035502959,0.018181818,0.185,0.461734694,"[[ 68 324]
 [  2   6]]",None,"[np.float64(-1.2184817856710055), np.float64(-0.15078329579849353), np.float64(0.02778099144571554), np.float64(-0.004294079817409695), np.float64(0.0007302087923525801), np.float64(-0.0001238079949492798), np.float64(2.100231849004436e-05), np.float64(-3.562451926804965e-06), np.float64(6.042783344816339e-07), np.float64(-1.025000258150142e-07), np.float64(1.738645719364925e-08), np.float64(-2.9491591478181783e-09), np.float64(5.002482869882433e-10), np.float64(-8.485434577930097e-11), np.float64(1.4393819469453048e-11), np.float64(-2.4416024757616058e-12), np.float64(4.141131881850119e-13), np.float64(-6.994405055138976e-14), np.float64(1.176836406102652e-14), np.float64(-1.9984014443252857e-15)]"
0.2,ImADA_12_WSVM | ORIG,20,10000,2,0.150510204,0.75,0.335980138,0.034582133,0.017699115,0.1625,0.450255102,"[[ 59 333]
 [  2   6]]",None,"[np.float64(-1.2184817856710055), np.float64(0.3767500794479499), np.float64(-0.06728439749565902), np.float64(0.0661014221979556), np.float64(-0.06107916385323025), np.float64(0.058474545619886575), np.float64(-0.05412672268600018), np.float64(0.05185636508082037), np.float64(-0.04820895810999049), np.float64(0.007529520546152749), np.float64(-0.0012526470315220328), np.float64(0.012684423507257112), np.float64(-0.014053049955699566), np.float64(0.0021116153289006917), np.float64(-0.0002926033776921267), np.float64(-0.00010058846061687883), np.float64(0.012274552155387343), np.float64(-0.013770563370427409), np.float64(0.0020562632936188727), np.float64(-0.00037430429289632194)]"
0.2,ImADA_12_SVM | ORIG,10,1000,1,0.176020408,0.625,0.331681708,0.029761905,0.015243902,0.185,0.400510204,"[[ 69 323]
 [  3   5]]",None,"[np.float64(-2.1716399328369898), np.float64(0.9231890069308843), np.float64(-0.461735169816169), np.float64(-0.025910982489579158), np.float64(0.004208016549413187), np.float64(-0.0006854939743636834), np.float64(0.00011198657137078651), np.float64(-1.828634650795213e-05), np.float64(2.9862133338787487e-06), np.float64(-4.876512542600936e-07)]"
0.2,ImADA_12_SVM | ORIG,15,1000,1,0.176020408,0.625,0.331681708,0.029761905,0.015243902,0.185,0.400510204,"[[ 69 323]
 [  3   5]]",None,"[np.float64(-2.1716399328369898), np.float64(0.9231890069308843), np.float64(-0.461735169816169), np.float64(-0.025910982489579158), np.float64(0.004208016549413187), np.float64(-0.0006854939743636834), np.float64(0.00011198657137078651), np.float64(-1.828634650795213e-05), np.float64(2.9862133338787487e-06), np.float64(-4.876512542600936e-07), np.float64(7.963403779510909e-08), np.float64(-1.3004330059821587e-08), np.float64(2.1236221624953527e-09), np.float64(-3.467903743152021e-10), np.float64(5.66315883045024e-11)]"
0.2,ImADA_12_SVM | ORIG,20,1000,1,0.176020408,0.625,0.331681708,0.029761905,0.015243902,0.185,0.400510204,"[[ 69 323]
 [  3   5]]",None,"[np.float64(-2.1716399328369898), np.float64(0.9231890069308843), np.float64(-0.461735169816169), np.float64(-0.025910982489579158), np.float64(0.004208016549413187), np.float64(-0.0006854939743636834), np.float64(0.00011198657137078651), np.float64(-1.828634650795213e-05), np.float64(2.9862133338787487e-06), np.float64(-4.876512542600936e-07), np.float64(7.963403779510909e-08), np.float64(-1.3004330059821587e-08), np.float64(2.1236221624953527e-09), np.float64(-3.467903743152021e-10), np.float64(5.66315883045024e-11), np.float64(-9.248157795213083e-12), np.float64(1.5105694473027062e-12), np.float64(-2.466915560717706e-13), np.float64(3.996802888650404e-14), np.float64(-6.43929354282595e-15)]"
0.2,ImADA_12_DecisionTree | ORIG,10,10,0.3,0.987244898,0,0,0,0,0.9675,0.493622449,"[[387   5]
 [  8   0]]",None,"[np.float64(5.353593523377052), np.float64(1.3488309842514976), np.float64(-0.10172421379783347), np.float64(0.018506287304469165), np.float64(-0.003140844404847597), np.float64(0.0005398756036369113), np.float64(-9.259871798847924e-05), np.float64(1.588829008399804e-05), np.float64(-2.7259742414793176e-06), np.float64(4.677039855073736e-07)]"
0.2,ImADA_12_DecisionTree | ORIG,10,10,0.5,0.992346939,0,0,0,0,0.9725,0.496173469,"[[389   3]
 [  8   0]]",None,"[np.float64(5.099169740127595), np.float64(1.3508773532569196), np.float64(-0.10176342784498894), np.float64(0.018513832060626966), np.float64(-0.0031421109176449826), np.float64(0.0005400937031577062), np.float64(-9.263611428020407e-05), np.float64(1.5894706969462346e-05), np.float64(-2.727075184324488e-06), np.float64(4.6789287800992225e-07)]"
0.2,ImADA_12_DecisionTree | ORIG,10,10,0.7,0.987244898,0,0,0,0,0.9675,0.493622449,"[[387   5]
 [  8   0]]",None,"[np.float64(4.9319220162055535), np.float64(1.352923200128834), np.float64(-0.10180247969611929), np.float64(0.018521345928013386), np.float64(-0.003143372233965156), np.float64(0.0005403109081404757), np.float64(-9.267335718108805e-05), np.float64(1.5901097534957967e-05), np.float64(-2.7281716113152907e-06), np.float64(4.6808099535540936e-07)]"
0.2,ImADA_12_DecisionTree | ORIG,10,10,1,0.987244898,0,0,0,0,0.9675,0.493622449,"[[387   5]
 [  8   0]]",None,"[np.float64(4.755065946362282), np.float64(1.3559909935786774), np.float64(-0.10186075487518509), np.float64(0.018532559096486358), np.float64(-0.003145254513001213), np.float64(0.0005406350466061867), np.float64(-9.272893533849105e-05), np.float64(1.59106342745061e-05), np.float64(-2.7298078269158496e-06), np.float64(4.683617266416387e-07)]"
0.2,ImADA_12_DecisionTree | ORIG,10,10,1.5,0.992346939,0,0,0,0,0.9725,0.496173469,"[[389   3]
 [  8   0]]",None,"[np.float64(4.554799223043223), np.float64(1.3611013857532601), np.float64(-0.10195707899714802), np.float64(0.018551095097807207), np.float64(-0.0031483659716602195), np.float64(0.0005411708579071235), np.float64(-9.282080777316658e-05), np.float64(1.5926398805770013e-05), np.float64(-2.732512542486495e-06), np.float64(4.688257837768786e-07)]"
0.2,ImADA_12_DecisionTree | ORIG,10,10,2,0.987244898,0,0,0,0,0.9675,0.493622449,"[[387   5]
 [  8   0]]",None,"[np.float64(4.4134200500789955), np.float64(1.3662085446352317), np.float64(-0.10205241091333704), np.float64(0.01856944206422896), np.float64(-0.0031514456313898372), np.float64(0.0005417011951669281), np.float64(-9.291174155003323e-05), np.float64(1.5942002273180458e-05), np.float64(-2.735189624580545e-06), np.float64(4.6928510015279993e-07)]"
0.2,ImADA_12_DecisionTree | ORIG,10,100,0.3,0.989795918,0,0,0,0,0.97,0.494897959,"[[388   4]
 [  8   0]]",None,"[np.float64(5.353593523377052), np.float64(1.3488309842514976), np.float64(-0.10172421379783347), np.float64(0.018506287304469165), np.float64(-0.003140844404847597), np.float64(0.0005398756036369113), np.float64(-9.259871798847924e-05), np.float64(1.588829008399804e-05), np.float64(-2.7259742414793176e-06), np.float64(4.677039855073736e-07)]"
0.2,ImADA_12_DecisionTree | ORIG,10,100,0.5,0.992346939,0,0,0,0,0.9725,0.496173469,"[[389   3]
 [  8   0]]",None,"[np.float64(5.099169740127595), np.float64(1.3508773532569196), np.float64(-0.10176342784498894), np.float64(0.018513832060626966), np.float64(-0.0031421109176449826), np.float64(0.0005400937031577062), np.float64(-9.263611428020407e-05), np.float64(1.5894706969462346e-05), np.float64(-2.727075184324488e-06), np.float64(4.6789287800992225e-07)]"
0.2,ImADA_12_DecisionTree | ORIG,10,100,0.7,0.984693878,0,0,0,0,0.965,0.492346939,"[[386   6]
 [  8   0]]",None,"[np.float64(4.9319220162055535), np.float64(1.352923200128834), np.float64(-0.10180247969611929), np.float64(0.018521345928013386), np.float64(-0.003143372233965156), np.float64(0.0005403109081404757), np.float64(-9.267335718108805e-05), np.float64(1.5901097534957967e-05), np.float64(-2.7281716113152907e-06), np.float64(4.6808099535540936e-07)]"
0.2,ImADA_12_DecisionTree | ORIG,10,100,1,0.987244898,0,0,0,0,0.9675,0.493622449,"[[387   5]
 [  8   0]]",None,"[np.float64(4.755065946362282), np.float64(1.3559909935786774), np.float64(-0.10186075487518509), np.float64(0.018532559096486358), np.float64(-0.003145254513001213), np.float64(0.0005406350466061867), np.float64(-9.272893533849105e-05), np.float64(1.59106342745061e-05), np.float64(-2.7298078269158496e-06), np.float64(4.683617266416387e-07)]"
0.2,ImADA_12_DecisionTree | ORIG,10,100,1.5,0.989795918,0,0,0,0,0.97,0.494897959,"[[388   4]
 [  8   0]]",None,"[np.float64(4.554799223043223), np.float64(1.3611013857532601), np.float64(-0.10195707899714802), np.float64(0.018551095097807207), np.float64(-0.0031483659716602195), np.float64(0.0005411708579071235), np.float64(-9.282080777316658e-05), np.float64(1.5926398805770013e-05), np.float64(-2.732512542486495e-06), np.float64(4.688257837768786e-07)]"
0.2,ImADA_12_DecisionTree | ORIG,10,100,2,0.987244898,0,0,0,0,0.9675,0.493622449,"[[387   5]
 [  8   0]]",None,"[np.float64(4.4134200500789955), np.float64(1.3662085446352317), np.float64(-0.10205241091333704), np.float64(0.01856944206422896), np.float64(-0.0031514456313898372), np.float64(0.0005417011951669281), np.float64(-9.291174155003323e-05), np.float64(1.5942002273180458e-05), np.float64(-2.735189624580545e-06), np.float64(4.6928510015279993e-07)]"
0.2,ImADA_12_DecisionTree | ORIG,10,1000,0.3,0.992346939,0,0,0,0,0.9725,0.496173469,"[[389   3]
 [  8   0]]",None,"[np.float64(5.353593523377052), np.float64(1.3488309842514976), np.float64(-0.10172421379783347), np.float64(0.018506287304469165), np.float64(-0.003140844404847597), np.float64(0.0005398756036369113), np.float64(-9.259871798847924e-05), np.float64(1.588829008399804e-05), np.float64(-2.7259742414793176e-06), np.float64(4.677039855073736e-07)]"
0.2,ImADA_12_DecisionTree | ORIG,10,1000,0.5,0.989795918,0,0,0,0,0.97,0.494897959,"[[388   4]
 [  8   0]]",None,"[np.float64(5.099169740127595), np.float64(1.3508773532569196), np.float64(-0.10176342784498894), np.float64(0.018513832060626966), np.float64(-0.0031421109176449826), np.float64(0.0005400937031577062), np.float64(-9.263611428020407e-05), np.float64(1.5894706969462346e-05), np.float64(-2.727075184324488e-06), np.float64(4.6789287800992225e-07)]"
0.2,ImADA_12_DecisionTree | ORIG,10,1000,0.7,0.987244898,0,0,0,0,0.9675,0.493622449,"[[387   5]
 [  8   0]]",None,"[np.float64(4.9319220162055535), np.float64(1.352923200128834), np.float64(-0.10180247969611929), np.float64(0.018521345928013386), np.float64(-0.003143372233965156), np.float64(0.0005403109081404757), np.float64(-9.267335718108805e-05), np.float64(1.5901097534957967e-05), np.float64(-2.7281716113152907e-06), np.float64(4.6808099535540936e-07)]"
0.2,ImADA_12_DecisionTree | ORIG,10,1000,1,0.987244898,0,0,0,0,0.9675,0.493622449,"[[387   5]
 [  8   0]]",None,"[np.float64(4.755065946362282), np.float64(1.3559909935786774), np.float64(-0.10186075487518509), np.float64(0.018532559096486358), np.float64(-0.003145254513001213), np.float64(0.0005406350466061867), np.float64(-9.272893533849105e-05), np.float64(1.59106342745061e-05), np.float64(-2.7298078269158496e-06), np.float64(4.683617266416387e-07)]"
0.2,ImADA_12_DecisionTree | ORIG,10,1000,1.5,0.987244898,0,0,0,0,0.9675,0.493622449,"[[387   5]
 [  8   0]]",None,"[np.float64(4.554799223043223), np.float64(1.3611013857532601), np.float64(-0.10195707899714802), np.float64(0.018551095097807207), np.float64(-0.0031483659716602195), np.float64(0.0005411708579071235), np.float64(-9.282080777316658e-05), np.float64(1.5926398805770013e-05), np.float64(-2.732512542486495e-06), np.float64(4.688257837768786e-07)]"
0.2,ImADA_12_DecisionTree | ORIG,10,1000,2,0.984693878,0,0,0,0,0.965,0.492346939,"[[386   6]
 [  8   0]]",None,"[np.float64(4.4134200500789955), np.float64(1.3662085446352317), np.float64(-0.10205241091333704), np.float64(0.01856944206422896), np.float64(-0.0031514456313898372), np.float64(0.0005417011951669281), np.float64(-9.291174155003323e-05), np.float64(1.5942002273180458e-05), np.float64(-2.735189624580545e-06), np.float64(4.6928510015279993e-07)]"
0.2,ImADA_12_DecisionTree | ORIG,10,5000,0.3,0.987244898,0,0,0,0,0.9675,0.493622449,"[[387   5]
 [  8   0]]",None,"[np.float64(5.353593523377052), np.float64(1.3488309842514976), np.float64(-0.10172421379783347), np.float64(0.018506287304469165), np.float64(-0.003140844404847597), np.float64(0.0005398756036369113), np.float64(-9.259871798847924e-05), np.float64(1.588829008399804e-05), np.float64(-2.7259742414793176e-06), np.float64(4.677039855073736e-07)]"
0.2,ImADA_12_DecisionTree | ORIG,10,5000,0.5,0.987244898,0,0,0,0,0.9675,0.493622449,"[[387   5]
 [  8   0]]",None,"[np.float64(5.099169740127595), np.float64(1.3508773532569196), np.float64(-0.10176342784498894), np.float64(0.018513832060626966), np.float64(-0.0031421109176449826), np.float64(0.0005400937031577062), np.float64(-9.263611428020407e-05), np.float64(1.5894706969462346e-05), np.float64(-2.727075184324488e-06), np.float64(4.6789287800992225e-07)]"
0.2,ImADA_12_DecisionTree | ORIG,10,5000,0.7,0.987244898,0,0,0,0,0.9675,0.493622449,"[[387   5]
 [  8   0]]",None,"[np.float64(4.9319220162055535), np.float64(1.352923200128834), np.float64(-0.10180247969611929), np.float64(0.018521345928013386), np.float64(-0.003143372233965156), np.float64(0.0005403109081404757), np.float64(-9.267335718108805e-05), np.float64(1.5901097534957967e-05), np.float64(-2.7281716113152907e-06), np.float64(4.6808099535540936e-07)]"
0.2,ImADA_12_DecisionTree | ORIG,10,5000,1,0.987244898,0,0,0,0,0.9675,0.493622449,"[[387   5]
 [  8   0]]",None,"[np.float64(4.755065946362282), np.float64(1.3559909935786774), np.float64(-0.10186075487518509), np.float64(0.018532559096486358), np.float64(-0.003145254513001213), np.float64(0.0005406350466061867), np.float64(-9.272893533849105e-05), np.float64(1.59106342745061e-05), np.float64(-2.7298078269158496e-06), np.float64(4.683617266416387e-07)]"
0.2,ImADA_12_DecisionTree | ORIG,10,5000,1.5,0.987244898,0,0,0,0,0.9675,0.493622449,"[[387   5]
 [  8   0]]",None,"[np.float64(4.554799223043223), np.float64(1.3611013857532601), np.float64(-0.10195707899714802), np.float64(0.018551095097807207), np.float64(-0.0031483659716602195), np.float64(0.0005411708579071235), np.float64(-9.282080777316658e-05), np.float64(1.5926398805770013e-05), np.float64(-2.732512542486495e-06), np.float64(4.688257837768786e-07)]"
0.2,ImADA_12_DecisionTree | ORIG,10,5000,2,0.992346939,0,0,0,0,0.9725,0.496173469,"[[389   3]
 [  8   0]]",None,"[np.float64(4.4134200500789955), np.float64(1.3662085446352317), np.float64(-0.10205241091333704), np.float64(0.01856944206422896), np.float64(-0.0031514456313898372), np.float64(0.0005417011951669281), np.float64(-9.291174155003323e-05), np.float64(1.5942002273180458e-05), np.float64(-2.735189624580545e-06), np.float64(4.6928510015279993e-07)]"
0.2,ImADA_12_DecisionTree | ORIG,10,10000,0.3,0.989795918,0,0,0,0,0.97,0.494897959,"[[388   4]
 [  8   0]]",None,"[np.float64(5.353593523377052), np.float64(1.3488309842514976), np.float64(-0.10172421379783347), np.float64(0.018506287304469165), np.float64(-0.003140844404847597), np.float64(0.0005398756036369113), np.float64(-9.259871798847924e-05), np.float64(1.588829008399804e-05), np.float64(-2.7259742414793176e-06), np.float64(4.677039855073736e-07)]"
0.2,ImADA_12_DecisionTree | ORIG,10,10000,0.5,0.989795918,0,0,0,0,0.97,0.494897959,"[[388   4]
 [  8   0]]",None,"[np.float64(5.099169740127595), np.float64(1.3508773532569196), np.float64(-0.10176342784498894), np.float64(0.018513832060626966), np.float64(-0.0031421109176449826), np.float64(0.0005400937031577062), np.float64(-9.263611428020407e-05), np.float64(1.5894706969462346e-05), np.float64(-2.727075184324488e-06), np.float64(4.6789287800992225e-07)]"
0.2,ImADA_12_DecisionTree | ORIG,10,10000,0.7,0.984693878,0,0,0,0,0.965,0.492346939,"[[386   6]
 [  8   0]]",None,"[np.float64(4.9319220162055535), np.float64(1.352923200128834), np.float64(-0.10180247969611929), np.float64(0.018521345928013386), np.float64(-0.003143372233965156), np.float64(0.0005403109081404757), np.float64(-9.267335718108805e-05), np.float64(1.5901097534957967e-05), np.float64(-2.7281716113152907e-06), np.float64(4.6808099535540936e-07)]"
0.2,ImADA_12_DecisionTree | ORIG,10,10000,1,0.984693878,0,0,0,0,0.965,0.492346939,"[[386   6]
 [  8   0]]",None,"[np.float64(4.755065946362282), np.float64(1.3559909935786774), np.float64(-0.10186075487518509), np.float64(0.018532559096486358), np.float64(-0.003145254513001213), np.float64(0.0005406350466061867), np.float64(-9.272893533849105e-05), np.float64(1.59106342745061e-05), np.float64(-2.7298078269158496e-06), np.float64(4.683617266416387e-07)]"
0.2,ImADA_12_DecisionTree | ORIG,10,10000,1.5,0.989795918,0,0,0,0,0.97,0.494897959,"[[388   4]
 [  8   0]]",None,"[np.float64(4.554799223043223), np.float64(1.3611013857532601), np.float64(-0.10195707899714802), np.float64(0.018551095097807207), np.float64(-0.0031483659716602195), np.float64(0.0005411708579071235), np.float64(-9.282080777316658e-05), np.float64(1.5926398805770013e-05), np.float64(-2.732512542486495e-06), np.float64(4.688257837768786e-07)]"
0.2,ImADA_12_DecisionTree | ORIG,10,10000,2,0.987244898,0,0,0,0,0.9675,0.493622449,"[[387   5]
 [  8   0]]",None,"[np.float64(4.4134200500789955), np.float64(1.3662085446352317), np.float64(-0.10205241091333704), np.float64(0.01856944206422896), np.float64(-0.0031514456313898372), np.float64(0.0005417011951669281), np.float64(-9.291174155003323e-05), np.float64(1.5942002273180458e-05), np.float64(-2.735189624580545e-06), np.float64(4.6928510015279993e-07)]"
0.2,ImADA_12_DecisionTree | ORIG,15,10,0.3,0.987244898,0,0,0,0,0.9675,0.493622449,"[[387   5]
 [  8   0]]",None,"[np.float64(5.353593523377052), np.float64(1.3488309842514976), np.float64(-0.10172421379783347), np.float64(0.018506287304469165), np.float64(-0.003140844404847597), np.float64(0.0005398756036369113), np.float64(-9.259871798847924e-05), np.float64(1.588829008399804e-05), np.float64(-2.7259742414793176e-06), np.float64(4.677039855073736e-07), np.float64(-8.024529596363492e-08), np.float64(1.3767917283206744e-08), np.float64(-2.3622013290158924e-09), np.float64(4.052898015550176e-10), np.float64(-6.953659870618277e-11)]"
0.2,ImADA_12_DecisionTree | ORIG,15,10,0.5,0.989795918,0,0,0,0,0.97,0.494897959,"[[388   4]
 [  8   0]]",None,"[np.float64(5.099169740127595), np.float64(1.3508773532569196), np.float64(-0.10176342784498894), np.float64(0.018513832060626966), np.float64(-0.0031421109176449826), np.float64(0.0005400937031577062), np.float64(-9.263611428020407e-05), np.float64(1.5894706969462346e-05), np.float64(-2.727075184324488e-06), np.float64(4.6789287800992225e-07), np.float64(-8.027770448914907e-08), np.float64(1.3773477279960936e-08), np.float64(-2.363155010598552e-09), np.float64(4.0545278229490043e-10), np.float64(-6.956435428180226e-11)]"
0.2,ImADA_12_DecisionTree | ORIG,15,10,0.7,0.984693878,0,0,0,0,0.965,0.492346939,"[[386   6]
 [  8   0]]",None,"[np.float64(4.9319220162055535), np.float64(1.352923200128834), np.float64(-0.10180247969611929), np.float64(0.018521345928013386), np.float64(-0.003143372233965156), np.float64(0.0005403109081404757), np.float64(-9.267335718108805e-05), np.float64(1.5901097534957967e-05), np.float64(-2.7281716113152907e-06), np.float64(4.6808099535540936e-07), np.float64(-8.03099800099256e-08), np.float64(1.3779014850210588e-08), np.float64(-2.364105361512124e-09), np.float64(4.056162071239927e-10), np.float64(-6.959277599123662e-11)]"
0.2,ImADA_12_DecisionTree | ORIG,15,10,1,0.987244898,0,0,0,0,0.9675,0.493622449,"[[387   5]
 [  8   0]]",None,"[np.float64(4.755065946362282), np.float64(1.3559909935786774), np.float64(-0.10186075487518509), np.float64(0.018532559096486358), np.float64(-0.003145254513001213), np.float64(0.0005406350466061867), np.float64(-9.272893533849105e-05), np.float64(1.59106342745061e-05), np.float64(-2.7298078269158496e-06), np.float64(4.683617266416387e-07), np.float64(-8.035814615540931e-08), np.float64(1.3787278906088879e-08), np.float64(-2.3655233383658814e-09), np.float64(4.058597900553978e-10), np.float64(-6.963452037696834e-11)]"
0.2,ImADA_12_DecisionTree | ORIG,15,10,1.5,0.989795918,0,0,0,0,0.97,0.494897959,"[[388   4]
 [  8   0]]",None,"[np.float64(4.554799223043223), np.float64(1.3611013857532601), np.float64(-0.10195707899714802), np.float64(0.018551095097807207), np.float64(-0.0031483659716602195), np.float64(0.0005411708579071235), np.float64(-9.282080777316658e-05), np.float64(1.5926398805770013e-05), np.float64(-2.732512542486495e-06), np.float64(4.688257837768786e-07), np.float64(-8.043776553486702e-08), np.float64(1.3800939755940803e-08), np.float64(-2.3678672412265646e-09), np.float64(4.0626213487919523e-10), np.float64(-6.970379829371459e-11)]"
0.2,ImADA_12_DecisionTree | ORIG,15,10,2,0.987244898,0,0,0,0,0.9675,0.493622449,"[[387   5]
 [  8   0]]",None,"[np.float64(4.4134200500789955), np.float64(1.3662085446352317), np.float64(-0.10205241091333704), np.float64(0.01856944206422896), np.float64(-0.0031514456313898372), np.float64(0.0005417011951669281), np.float64(-9.291174155003323e-05), np.float64(1.5942002273180458e-05), np.float64(-2.735189624580545e-06), np.float64(4.6928510015279993e-07), np.float64(-8.051657162032975e-08), np.float64(1.3814460495650517e-08), np.float64(-2.3701867191806014e-09), np.float64(4.0665981676629264e-10), np.float64(-6.977196598743609e-11)]"
0.2,ImADA_12_DecisionTree | ORIG,15,100,0.3,0.987244898,0,0,0,0,0.9675,0.493622449,"[[387   5]
 [  8   0]]",None,"[np.float64(5.353593523377052), np.float64(1.3488309842514976), np.float64(-0.10172421379783347), np.float64(0.018506287304469165), np.float64(-0.003140844404847597), np.float64(0.0005398756036369113), np.float64(-9.259871798847924e-05), np.float64(1.588829008399804e-05), np.float64(-2.7259742414793176e-06), np.float64(4.677039855073736e-07), np.float64(-8.024529596363492e-08), np.float64(1.3767917283206744e-08), np.float64(-2.3622013290158924e-09), np.float64(4.052898015550176e-10), np.float64(-6.953659870618277e-11)]"
0.2,ImADA_12_DecisionTree | ORIG,15,100,0.5,0.989795918,0,0,0,0,0.97,0.494897959,"[[388   4]
 [  8   0]]",None,"[np.float64(5.099169740127595), np.float64(1.3508773532569196), np.float64(-0.10176342784498894), np.float64(0.018513832060626966), np.float64(-0.0031421109176449826), np.float64(0.0005400937031577062), np.float64(-9.263611428020407e-05), np.float64(1.5894706969462346e-05), np.float64(-2.727075184324488e-06), np.float64(4.6789287800992225e-07), np.float64(-8.027770448914907e-08), np.float64(1.3773477279960936e-08), np.float64(-2.363155010598552e-09), np.float64(4.0545278229490043e-10), np.float64(-6.956435428180226e-11)]"
0.2,ImADA_12_DecisionTree | ORIG,15,100,0.7,0.989795918,0,0,0,0,0.97,0.494897959,"[[388   4]
 [  8   0]]",None,"[np.float64(4.9319220162055535), np.float64(1.352923200128834), np.float64(-0.10180247969611929), np.float64(0.018521345928013386), np.float64(-0.003143372233965156), np.float64(0.0005403109081404757), np.float64(-9.267335718108805e-05), np.float64(1.5901097534957967e-05), np.float64(-2.7281716113152907e-06), np.float64(4.6808099535540936e-07), np.float64(-8.03099800099256e-08), np.float64(1.3779014850210588e-08), np.float64(-2.364105361512124e-09), np.float64(4.056162071239927e-10), np.float64(-6.959277599123662e-11)]"
0.2,ImADA_12_DecisionTree | ORIG,15,100,1,0.987244898,0,0,0,0,0.9675,0.493622449,"[[387   5]
 [  8   0]]",None,"[np.float64(4.755065946362282), np.float64(1.3559909935786774), np.float64(-0.10186075487518509), np.float64(0.018532559096486358), np.float64(-0.003145254513001213), np.float64(0.0005406350466061867), np.float64(-9.272893533849105e-05), np.float64(1.59106342745061e-05), np.float64(-2.7298078269158496e-06), np.float64(4.683617266416387e-07), np.float64(-8.035814615540931e-08), np.float64(1.3787278906088879e-08), np.float64(-2.3655233383658814e-09), np.float64(4.058597900553978e-10), np.float64(-6.963452037696834e-11)]"
0.2,ImADA_12_DecisionTree | ORIG,15,100,1.5,0.989795918,0,0,0,0,0.97,0.494897959,"[[388   4]
 [  8   0]]",None,"[np.float64(4.554799223043223), np.float64(1.3611013857532601), np.float64(-0.10195707899714802), np.float64(0.018551095097807207), np.float64(-0.0031483659716602195), np.float64(0.0005411708579071235), np.float64(-9.282080777316658e-05), np.float64(1.5926398805770013e-05), np.float64(-2.732512542486495e-06), np.float64(4.688257837768786e-07), np.float64(-8.043776553486702e-08), np.float64(1.3800939755940803e-08), np.float64(-2.3678672412265646e-09), np.float64(4.0626213487919523e-10), np.float64(-6.970379829371459e-11)]"
0.2,ImADA_12_DecisionTree | ORIG,15,100,2,0.987244898,0,0,0,0,0.9675,0.493622449,"[[387   5]
 [  8   0]]",None,"[np.float64(4.4134200500789955), np.float64(1.3662085446352317), np.float64(-0.10205241091333704), np.float64(0.01856944206422896), np.float64(-0.0031514456313898372), np.float64(0.0005417011951669281), np.float64(-9.291174155003323e-05), np.float64(1.5942002273180458e-05), np.float64(-2.735189624580545e-06), np.float64(4.6928510015279993e-07), np.float64(-8.051657162032975e-08), np.float64(1.3814460495650517e-08), np.float64(-2.3701867191806014e-09), np.float64(4.0665981676629264e-10), np.float64(-6.977196598743609e-11)]"
0.2,ImADA_12_DecisionTree | ORIG,15,1000,0.3,0.987244898,0,0,0,0,0.9675,0.493622449,"[[387   5]
 [  8   0]]",None,"[np.float64(5.353593523377052), np.float64(1.3488309842514976), np.float64(-0.10172421379783347), np.float64(0.018506287304469165), np.float64(-0.003140844404847597), np.float64(0.0005398756036369113), np.float64(-9.259871798847924e-05), np.float64(1.588829008399804e-05), np.float64(-2.7259742414793176e-06), np.float64(4.677039855073736e-07), np.float64(-8.024529596363492e-08), np.float64(1.3767917283206744e-08), np.float64(-2.3622013290158924e-09), np.float64(4.052898015550176e-10), np.float64(-6.953659870618277e-11)]"
0.2,ImADA_12_DecisionTree | ORIG,15,1000,0.5,0.989795918,0,0,0,0,0.97,0.494897959,"[[388   4]
 [  8   0]]",None,"[np.float64(5.099169740127595), np.float64(1.3508773532569196), np.float64(-0.10176342784498894), np.float64(0.018513832060626966), np.float64(-0.0031421109176449826), np.float64(0.0005400937031577062), np.float64(-9.263611428020407e-05), np.float64(1.5894706969462346e-05), np.float64(-2.727075184324488e-06), np.float64(4.6789287800992225e-07), np.float64(-8.027770448914907e-08), np.float64(1.3773477279960936e-08), np.float64(-2.363155010598552e-09), np.float64(4.0545278229490043e-10), np.float64(-6.956435428180226e-11)]"
0.2,ImADA_12_DecisionTree | ORIG,15,1000,0.7,0.989795918,0,0,0,0,0.97,0.494897959,"[[388   4]
 [  8   0]]",None,"[np.float64(4.9319220162055535), np.float64(1.352923200128834), np.float64(-0.10180247969611929), np.float64(0.018521345928013386), np.float64(-0.003143372233965156), np.float64(0.0005403109081404757), np.float64(-9.267335718108805e-05), np.float64(1.5901097534957967e-05), np.float64(-2.7281716113152907e-06), np.float64(4.6808099535540936e-07), np.float64(-8.03099800099256e-08), np.float64(1.3779014850210588e-08), np.float64(-2.364105361512124e-09), np.float64(4.056162071239927e-10), np.float64(-6.959277599123662e-11)]"
0.2,ImADA_12_DecisionTree | ORIG,15,1000,1,0.987244898,0,0,0,0,0.9675,0.493622449,"[[387   5]
 [  8   0]]",None,"[np.float64(4.755065946362282), np.float64(1.3559909935786774), np.float64(-0.10186075487518509), np.float64(0.018532559096486358), np.float64(-0.003145254513001213), np.float64(0.0005406350466061867), np.float64(-9.272893533849105e-05), np.float64(1.59106342745061e-05), np.float64(-2.7298078269158496e-06), np.float64(4.683617266416387e-07), np.float64(-8.035814615540931e-08), np.float64(1.3787278906088879e-08), np.float64(-2.3655233383658814e-09), np.float64(4.058597900553978e-10), np.float64(-6.963452037696834e-11)]"
0.2,ImADA_12_DecisionTree | ORIG,15,1000,1.5,0.987244898,0,0,0,0,0.9675,0.493622449,"[[387   5]
 [  8   0]]",None,"[np.float64(4.554799223043223), np.float64(1.3611013857532601), np.float64(-0.10195707899714802), np.float64(0.018551095097807207), np.float64(-0.0031483659716602195), np.float64(0.0005411708579071235), np.float64(-9.282080777316658e-05), np.float64(1.5926398805770013e-05), np.float64(-2.732512542486495e-06), np.float64(4.688257837768786e-07), np.float64(-8.043776553486702e-08), np.float64(1.3800939755940803e-08), np.float64(-2.3678672412265646e-09), np.float64(4.0626213487919523e-10), np.float64(-6.970379829371459e-11)]"
0.2,ImADA_12_DecisionTree | ORIG,15,1000,2,0.989795918,0,0,0,0,0.97,0.494897959,"[[388   4]
 [  8   0]]",None,"[np.float64(4.4134200500789955), np.float64(1.3662085446352317), np.float64(-0.10205241091333704), np.float64(0.01856944206422896), np.float64(-0.0031514456313898372), np.float64(0.0005417011951669281), np.float64(-9.291174155003323e-05), np.float64(1.5942002273180458e-05), np.float64(-2.735189624580545e-06), np.float64(4.6928510015279993e-07), np.float64(-8.051657162032975e-08), np.float64(1.3814460495650517e-08), np.float64(-2.3701867191806014e-09), np.float64(4.0665981676629264e-10), np.float64(-6.977196598743609e-11)]"
0.2,ImADA_12_DecisionTree | ORIG,15,5000,0.3,0.984693878,0,0,0,0,0.965,0.492346939,"[[386   6]
 [  8   0]]",None,"[np.float64(5.353593523377052), np.float64(1.3488309842514976), np.float64(-0.10172421379783347), np.float64(0.018506287304469165), np.float64(-0.003140844404847597), np.float64(0.0005398756036369113), np.float64(-9.259871798847924e-05), np.float64(1.588829008399804e-05), np.float64(-2.7259742414793176e-06), np.float64(4.677039855073736e-07), np.float64(-8.024529596363492e-08), np.float64(1.3767917283206744e-08), np.float64(-2.3622013290158924e-09), np.float64(4.052898015550176e-10), np.float64(-6.953659870618277e-11)]"
0.2,ImADA_12_DecisionTree | ORIG,15,5000,0.5,0.992346939,0,0,0,0,0.9725,0.496173469,"[[389   3]
 [  8   0]]",None,"[np.float64(5.099169740127595), np.float64(1.3508773532569196), np.float64(-0.10176342784498894), np.float64(0.018513832060626966), np.float64(-0.0031421109176449826), np.float64(0.0005400937031577062), np.float64(-9.263611428020407e-05), np.float64(1.5894706969462346e-05), np.float64(-2.727075184324488e-06), np.float64(4.6789287800992225e-07), np.float64(-8.027770448914907e-08), np.float64(1.3773477279960936e-08), np.float64(-2.363155010598552e-09), np.float64(4.0545278229490043e-10), np.float64(-6.956435428180226e-11)]"
0.2,ImADA_12_DecisionTree | ORIG,15,5000,0.7,0.989795918,0,0,0,0,0.97,0.494897959,"[[388   4]
 [  8   0]]",None,"[np.float64(4.9319220162055535), np.float64(1.352923200128834), np.float64(-0.10180247969611929), np.float64(0.018521345928013386), np.float64(-0.003143372233965156), np.float64(0.0005403109081404757), np.float64(-9.267335718108805e-05), np.float64(1.5901097534957967e-05), np.float64(-2.7281716113152907e-06), np.float64(4.6808099535540936e-07), np.float64(-8.03099800099256e-08), np.float64(1.3779014850210588e-08), np.float64(-2.364105361512124e-09), np.float64(4.056162071239927e-10), np.float64(-6.959277599123662e-11)]"
0.2,ImADA_12_DecisionTree | ORIG,15,5000,1,0.989795918,0,0,0,0,0.97,0.494897959,"[[388   4]
 [  8   0]]",None,"[np.float64(4.755065946362282), np.float64(1.3559909935786774), np.float64(-0.10186075487518509), np.float64(0.018532559096486358), np.float64(-0.003145254513001213), np.float64(0.0005406350466061867), np.float64(-9.272893533849105e-05), np.float64(1.59106342745061e-05), np.float64(-2.7298078269158496e-06), np.float64(4.683617266416387e-07), np.float64(-8.035814615540931e-08), np.float64(1.3787278906088879e-08), np.float64(-2.3655233383658814e-09), np.float64(4.058597900553978e-10), np.float64(-6.963452037696834e-11)]"
0.2,ImADA_12_DecisionTree | ORIG,15,5000,1.5,0.987244898,0,0,0,0,0.9675,0.493622449,"[[387   5]
 [  8   0]]",None,"[np.float64(4.554799223043223), np.float64(1.3611013857532601), np.float64(-0.10195707899714802), np.float64(0.018551095097807207), np.float64(-0.0031483659716602195), np.float64(0.0005411708579071235), np.float64(-9.282080777316658e-05), np.float64(1.5926398805770013e-05), np.float64(-2.732512542486495e-06), np.float64(4.688257837768786e-07), np.float64(-8.043776553486702e-08), np.float64(1.3800939755940803e-08), np.float64(-2.3678672412265646e-09), np.float64(4.0626213487919523e-10), np.float64(-6.970379829371459e-11)]"
0.2,ImADA_12_DecisionTree | ORIG,15,5000,2,0.989795918,0,0,0,0,0.97,0.494897959,"[[388   4]
 [  8   0]]",None,"[np.float64(4.4134200500789955), np.float64(1.3662085446352317), np.float64(-0.10205241091333704), np.float64(0.01856944206422896), np.float64(-0.0031514456313898372), np.float64(0.0005417011951669281), np.float64(-9.291174155003323e-05), np.float64(1.5942002273180458e-05), np.float64(-2.735189624580545e-06), np.float64(4.6928510015279993e-07), np.float64(-8.051657162032975e-08), np.float64(1.3814460495650517e-08), np.float64(-2.3701867191806014e-09), np.float64(4.0665981676629264e-10), np.float64(-6.977196598743609e-11)]"
0.2,ImADA_12_DecisionTree | ORIG,15,10000,0.3,0.992346939,0,0,0,0,0.9725,0.496173469,"[[389   3]
 [  8   0]]",None,"[np.float64(5.353593523377052), np.float64(1.3488309842514976), np.float64(-0.10172421379783347), np.float64(0.018506287304469165), np.float64(-0.003140844404847597), np.float64(0.0005398756036369113), np.float64(-9.259871798847924e-05), np.float64(1.588829008399804e-05), np.float64(-2.7259742414793176e-06), np.float64(4.677039855073736e-07), np.float64(-8.024529596363492e-08), np.float64(1.3767917283206744e-08), np.float64(-2.3622013290158924e-09), np.float64(4.052898015550176e-10), np.float64(-6.953659870618277e-11)]"
0.2,ImADA_12_DecisionTree | ORIG,15,10000,0.5,0.989795918,0,0,0,0,0.97,0.494897959,"[[388   4]
 [  8   0]]",None,"[np.float64(5.099169740127595), np.float64(1.3508773532569196), np.float64(-0.10176342784498894), np.float64(0.018513832060626966), np.float64(-0.0031421109176449826), np.float64(0.0005400937031577062), np.float64(-9.263611428020407e-05), np.float64(1.5894706969462346e-05), np.float64(-2.727075184324488e-06), np.float64(4.6789287800992225e-07), np.float64(-8.027770448914907e-08), np.float64(1.3773477279960936e-08), np.float64(-2.363155010598552e-09), np.float64(4.0545278229490043e-10), np.float64(-6.956435428180226e-11)]"
0.2,ImADA_12_DecisionTree | ORIG,15,10000,0.7,0.987244898,0,0,0,0,0.9675,0.493622449,"[[387   5]
 [  8   0]]",None,"[np.float64(4.9319220162055535), np.float64(1.352923200128834), np.float64(-0.10180247969611929), np.float64(0.018521345928013386), np.float64(-0.003143372233965156), np.float64(0.0005403109081404757), np.float64(-9.267335718108805e-05), np.float64(1.5901097534957967e-05), np.float64(-2.7281716113152907e-06), np.float64(4.6808099535540936e-07), np.float64(-8.03099800099256e-08), np.float64(1.3779014850210588e-08), np.float64(-2.364105361512124e-09), np.float64(4.056162071239927e-10), np.float64(-6.959277599123662e-11)]"
0.2,ImADA_12_DecisionTree | ORIG,15,10000,1,0.987244898,0,0,0,0,0.9675,0.493622449,"[[387   5]
 [  8   0]]",None,"[np.float64(4.755065946362282), np.float64(1.3559909935786774), np.float64(-0.10186075487518509), np.float64(0.018532559096486358), np.float64(-0.003145254513001213), np.float64(0.0005406350466061867), np.float64(-9.272893533849105e-05), np.float64(1.59106342745061e-05), np.float64(-2.7298078269158496e-06), np.float64(4.683617266416387e-07), np.float64(-8.035814615540931e-08), np.float64(1.3787278906088879e-08), np.float64(-2.3655233383658814e-09), np.float64(4.058597900553978e-10), np.float64(-6.963452037696834e-11)]"
0.2,ImADA_12_DecisionTree | ORIG,15,10000,1.5,0.989795918,0,0,0,0,0.97,0.494897959,"[[388   4]
 [  8   0]]",None,"[np.float64(4.554799223043223), np.float64(1.3611013857532601), np.float64(-0.10195707899714802), np.float64(0.018551095097807207), np.float64(-0.0031483659716602195), np.float64(0.0005411708579071235), np.float64(-9.282080777316658e-05), np.float64(1.5926398805770013e-05), np.float64(-2.732512542486495e-06), np.float64(4.688257837768786e-07), np.float64(-8.043776553486702e-08), np.float64(1.3800939755940803e-08), np.float64(-2.3678672412265646e-09), np.float64(4.0626213487919523e-10), np.float64(-6.970379829371459e-11)]"
0.2,ImADA_12_DecisionTree | ORIG,15,10000,2,0.987244898,0,0,0,0,0.9675,0.493622449,"[[387   5]
 [  8   0]]",None,"[np.float64(4.4134200500789955), np.float64(1.3662085446352317), np.float64(-0.10205241091333704), np.float64(0.01856944206422896), np.float64(-0.0031514456313898372), np.float64(0.0005417011951669281), np.float64(-9.291174155003323e-05), np.float64(1.5942002273180458e-05), np.float64(-2.735189624580545e-06), np.float64(4.6928510015279993e-07), np.float64(-8.051657162032975e-08), np.float64(1.3814460495650517e-08), np.float64(-2.3701867191806014e-09), np.float64(4.0665981676629264e-10), np.float64(-6.977196598743609e-11)]"
0.2,ImADA_12_DecisionTree | ORIG,20,10,0.3,0.987244898,0,0,0,0,0.9675,0.493622449,"[[387   5]
 [  8   0]]",None,"[np.float64(5.353593523377052), np.float64(1.3488309842514976), np.float64(-0.10172421379783347), np.float64(0.018506287304469165), np.float64(-0.003140844404847597), np.float64(0.0005398756036369113), np.float64(-9.259871798847924e-05), np.float64(1.588829008399804e-05), np.float64(-2.7259742414793176e-06), np.float64(4.677039855073736e-07), np.float64(-8.024529596363492e-08), np.float64(1.3767917283206744e-08), np.float64(-2.3622013290158924e-09), np.float64(4.052898015550176e-10), np.float64(-6.953659870618277e-11), np.float64(1.1930456622479596e-11), np.float64(-2.04725125741298e-12), np.float64(3.51496609596201e-13), np.float64(-6.039613253961216e-14), np.float64(1.0214051826551336e-14)]"
0.2,ImADA_12_DecisionTree | ORIG,20,10,0.5,0.989795918,0,0,0,0,0.97,0.494897959,"[[388   4]
 [  8   0]]",None,"[np.float64(5.099169740127595), np.float64(1.3508773532569196), np.float64(-0.10176342784498894), np.float64(0.018513832060626966), np.float64(-0.0031421109176449826), np.float64(0.0005400937031577062), np.float64(-9.263611428020407e-05), np.float64(1.5894706969462346e-05), np.float64(-2.727075184324488e-06), np.float64(4.6789287800992225e-07), np.float64(-8.027770448914907e-08), np.float64(1.3773477279960936e-08), np.float64(-2.363155010598552e-09), np.float64(4.0545278229490043e-10), np.float64(-6.956435428180226e-11), np.float64(1.193534160378783e-11), np.float64(-2.047917391227758e-12), np.float64(3.51496609596201e-13), np.float64(-6.039613253961216e-14), np.float64(1.0214051826551336e-14)]"
0.2,ImADA_12_DecisionTree | ORIG,20,10,0.7,0.987244898,0,0,0,0,0.9675,0.493622449,"[[387   5]
 [  8   0]]",None,"[np.float64(4.9319220162055535), np.float64(1.352923200128834), np.float64(-0.10180247969611929), np.float64(0.018521345928013386), np.float64(-0.003143372233965156), np.float64(0.0005403109081404757), np.float64(-9.267335718108805e-05), np.float64(1.5901097534957967e-05), np.float64(-2.7281716113152907e-06), np.float64(4.6808099535540936e-07), np.float64(-8.03099800099256e-08), np.float64(1.3779014850210588e-08), np.float64(-2.364105361512124e-09), np.float64(4.056162071239927e-10), np.float64(-6.959277599123662e-11), np.float64(1.1940448629700985e-11), np.float64(-2.0485835250425357e-12), np.float64(3.51496609596201e-13), np.float64(-6.061817714453722e-14), np.float64(1.0658141036401389e-14)]"
0.2,ImADA_12_DecisionTree | ORIG,20,10,1,0.987244898,0,0,0,0,0.9675,0.493622449,"[[387   5]
 [  8   0]]",None,"[np.float64(4.755065946362282), np.float64(1.3559909935786774), np.float64(-0.10186075487518509), np.float64(0.018532559096486358), np.float64(-0.003145254513001213), np.float64(0.0005406350466061867), np.float64(-9.272893533849105e-05), np.float64(1.59106342745061e-05), np.float64(-2.7298078269158496e-06), np.float64(4.683617266416387e-07), np.float64(-8.035814615540931e-08), np.float64(1.3787278906088879e-08), np.float64(-2.3655233383658814e-09), np.float64(4.058597900553978e-10), np.float64(-6.963452037696834e-11), np.float64(1.1947332012453496e-11), np.float64(-2.0496937480671653e-12), np.float64(3.5127456499127614e-13), np.float64(-5.995204332976205e-14), np.float64(1.0214051826551336e-14)]"
0.2,ImADA_12_DecisionTree | ORIG,20,10,1.5,0.989795918,0,0,0,0,0.97,0.494897959,"[[388   4]
 [  8   0]]",None,"[np.float64(4.554799223043223), np.float64(1.3611013857532601), np.float64(-0.10195707899714802), np.float64(0.018551095097807207), np.float64(-0.0031483659716602195), np.float64(0.0005411708579071235), np.float64(-9.282080777316658e-05), np.float64(1.5926398805770013e-05), np.float64(-2.732512542486495e-06), np.float64(4.688257837768786e-07), np.float64(-8.043776553486702e-08), np.float64(1.3800939755940803e-08), np.float64(-2.3678672412265646e-09), np.float64(4.0626213487919523e-10), np.float64(-6.970379829371459e-11), np.float64(1.1959100376514241e-11), np.float64(-2.0519141941164245e-12), np.float64(3.5216274341097566e-13), np.float64(-6.039613253961216e-14), np.float64(1.0325074129013849e-14)]"
0.2,ImADA_12_DecisionTree | ORIG,20,10,2,0.987244898,0,0,0,0,0.9675,0.493622449,"[[387   5]
 [  8   0]]",None,"[np.float64(4.4134200500789955), np.float64(1.3662085446352317), np.float64(-0.10205241091333704), np.float64(0.01856944206422896), np.float64(-0.0031514456313898372), np.float64(0.0005417011951669281), np.float64(-9.291174155003323e-05), np.float64(1.5942002273180458e-05), np.float64(-2.735189624580545e-06), np.float64(4.6928510015279993e-07), np.float64(-8.051657162032975e-08), np.float64(1.3814460495650517e-08), np.float64(-2.3701867191806014e-09), np.float64(4.0665981676629264e-10), np.float64(-6.977196598743609e-11), np.float64(1.1971312829784826e-11), np.float64(-2.054134640165684e-12), np.float64(3.519406988060508e-13), np.float64(-5.995204332976205e-14), np.float64(1.0325074129013849e-14)]"
0.2,ImADA_12_DecisionTree | ORIG,20,100,0.3,0.989795918,0,0,0,0,0.97,0.494897959,"[[388   4]
 [  8   0]]",None,"[np.float64(5.353593523377052), np.float64(1.3488309842514976), np.float64(-0.10172421379783347), np.float64(0.018506287304469165), np.float64(-0.003140844404847597), np.float64(0.0005398756036369113), np.float64(-9.259871798847924e-05), np.float64(1.588829008399804e-05), np.float64(-2.7259742414793176e-06), np.float64(4.677039855073736e-07), np.float64(-8.024529596363492e-08), np.float64(1.3767917283206744e-08), np.float64(-2.3622013290158924e-09), np.float64(4.052898015550176e-10), np.float64(-6.953659870618277e-11), np.float64(1.1930456622479596e-11), np.float64(-2.04725125741298e-12), np.float64(3.51496609596201e-13), np.float64(-6.039613253961216e-14), np.float64(1.0214051826551336e-14)]"
0.2,ImADA_12_DecisionTree | ORIG,20,100,0.5,0.984693878,0,0,0,0,0.965,0.492346939,"[[386   6]
 [  8   0]]",None,"[np.float64(5.099169740127595), np.float64(1.3508773532569196), np.float64(-0.10176342784498894), np.float64(0.018513832060626966), np.float64(-0.0031421109176449826), np.float64(0.0005400937031577062), np.float64(-9.263611428020407e-05), np.float64(1.5894706969462346e-05), np.float64(-2.727075184324488e-06), np.float64(4.6789287800992225e-07), np.float64(-8.027770448914907e-08), np.float64(1.3773477279960936e-08), np.float64(-2.363155010598552e-09), np.float64(4.0545278229490043e-10), np.float64(-6.956435428180226e-11), np.float64(1.193534160378783e-11), np.float64(-2.047917391227758e-12), np.float64(3.51496609596201e-13), np.float64(-6.039613253961216e-14), np.float64(1.0214051826551336e-14)]"
0.2,ImADA_12_DecisionTree | ORIG,20,100,0.7,0.987244898,0,0,0,0,0.9675,0.493622449,"[[387   5]
 [  8   0]]",None,"[np.float64(4.9319220162055535), np.float64(1.352923200128834), np.float64(-0.10180247969611929), np.float64(0.018521345928013386), np.float64(-0.003143372233965156), np.float64(0.0005403109081404757), np.float64(-9.267335718108805e-05), np.float64(1.5901097534957967e-05), np.float64(-2.7281716113152907e-06), np.float64(4.6808099535540936e-07), np.float64(-8.03099800099256e-08), np.float64(1.3779014850210588e-08), np.float64(-2.364105361512124e-09), np.float64(4.056162071239927e-10), np.float64(-6.959277599123662e-11), np.float64(1.1940448629700985e-11), np.float64(-2.0485835250425357e-12), np.float64(3.51496609596201e-13), np.float64(-6.061817714453722e-14), np.float64(1.0658141036401389e-14)]"
0.2,ImADA_12_DecisionTree | ORIG,20,100,1,0.987244898,0,0,0,0,0.9675,0.493622449,"[[387   5]
 [  8   0]]",None,"[np.float64(4.755065946362282), np.float64(1.3559909935786774), np.float64(-0.10186075487518509), np.float64(0.018532559096486358), np.float64(-0.003145254513001213), np.float64(0.0005406350466061867), np.float64(-9.272893533849105e-05), np.float64(1.59106342745061e-05), np.float64(-2.7298078269158496e-06), np.float64(4.683617266416387e-07), np.float64(-8.035814615540931e-08), np.float64(1.3787278906088879e-08), np.float64(-2.3655233383658814e-09), np.float64(4.058597900553978e-10), np.float64(-6.963452037696834e-11), np.float64(1.1947332012453496e-11), np.float64(-2.0496937480671653e-12), np.float64(3.5127456499127614e-13), np.float64(-5.995204332976205e-14), np.float64(1.0214051826551336e-14)]"
0.2,ImADA_12_DecisionTree | ORIG,20,100,1.5,0.984693878,0,0,0,0,0.965,0.492346939,"[[386   6]
 [  8   0]]",None,"[np.float64(4.554799223043223), np.float64(1.3611013857532601), np.float64(-0.10195707899714802), np.float64(0.018551095097807207), np.float64(-0.0031483659716602195), np.float64(0.0005411708579071235), np.float64(-9.282080777316658e-05), np.float64(1.5926398805770013e-05), np.float64(-2.732512542486495e-06), np.float64(4.688257837768786e-07), np.float64(-8.043776553486702e-08), np.float64(1.3800939755940803e-08), np.float64(-2.3678672412265646e-09), np.float64(4.0626213487919523e-10), np.float64(-6.970379829371459e-11), np.float64(1.1959100376514241e-11), np.float64(-2.0519141941164245e-12), np.float64(3.5216274341097566e-13), np.float64(-6.039613253961216e-14), np.float64(1.0325074129013849e-14)]"
0.2,ImADA_12_DecisionTree | ORIG,20,100,2,0.989795918,0,0,0,0,0.97,0.494897959,"[[388   4]
 [  8   0]]",None,"[np.float64(4.4134200500789955), np.float64(1.3662085446352317), np.float64(-0.10205241091333704), np.float64(0.01856944206422896), np.float64(-0.0031514456313898372), np.float64(0.0005417011951669281), np.float64(-9.291174155003323e-05), np.float64(1.5942002273180458e-05), np.float64(-2.735189624580545e-06), np.float64(4.6928510015279993e-07), np.float64(-8.051657162032975e-08), np.float64(1.3814460495650517e-08), np.float64(-2.3701867191806014e-09), np.float64(4.0665981676629264e-10), np.float64(-6.977196598743609e-11), np.float64(1.1971312829784826e-11), np.float64(-2.054134640165684e-12), np.float64(3.519406988060508e-13), np.float64(-5.995204332976205e-14), np.float64(1.0325074129013849e-14)]"
0.2,ImADA_12_DecisionTree | ORIG,20,1000,0.3,0.989795918,0,0,0,0,0.97,0.494897959,"[[388   4]
 [  8   0]]",None,"[np.float64(5.353593523377052), np.float64(1.3488309842514976), np.float64(-0.10172421379783347), np.float64(0.018506287304469165), np.float64(-0.003140844404847597), np.float64(0.0005398756036369113), np.float64(-9.259871798847924e-05), np.float64(1.588829008399804e-05), np.float64(-2.7259742414793176e-06), np.float64(4.677039855073736e-07), np.float64(-8.024529596363492e-08), np.float64(1.3767917283206744e-08), np.float64(-2.3622013290158924e-09), np.float64(4.052898015550176e-10), np.float64(-6.953659870618277e-11), np.float64(1.1930456622479596e-11), np.float64(-2.04725125741298e-12), np.float64(3.51496609596201e-13), np.float64(-6.039613253961216e-14), np.float64(1.0214051826551336e-14)]"
0.2,ImADA_12_DecisionTree | ORIG,20,1000,0.5,0.989795918,0,0,0,0,0.97,0.494897959,"[[388   4]
 [  8   0]]",None,"[np.float64(5.099169740127595), np.float64(1.3508773532569196), np.float64(-0.10176342784498894), np.float64(0.018513832060626966), np.float64(-0.0031421109176449826), np.float64(0.0005400937031577062), np.float64(-9.263611428020407e-05), np.float64(1.5894706969462346e-05), np.float64(-2.727075184324488e-06), np.float64(4.6789287800992225e-07), np.float64(-8.027770448914907e-08), np.float64(1.3773477279960936e-08), np.float64(-2.363155010598552e-09), np.float64(4.0545278229490043e-10), np.float64(-6.956435428180226e-11), np.float64(1.193534160378783e-11), np.float64(-2.047917391227758e-12), np.float64(3.51496609596201e-13), np.float64(-6.039613253961216e-14), np.float64(1.0214051826551336e-14)]"
0.2,ImADA_12_DecisionTree | ORIG,20,1000,0.7,0.987244898,0,0,0,0,0.9675,0.493622449,"[[387   5]
 [  8   0]]",None,"[np.float64(4.9319220162055535), np.float64(1.352923200128834), np.float64(-0.10180247969611929), np.float64(0.018521345928013386), np.float64(-0.003143372233965156), np.float64(0.0005403109081404757), np.float64(-9.267335718108805e-05), np.float64(1.5901097534957967e-05), np.float64(-2.7281716113152907e-06), np.float64(4.6808099535540936e-07), np.float64(-8.03099800099256e-08), np.float64(1.3779014850210588e-08), np.float64(-2.364105361512124e-09), np.float64(4.056162071239927e-10), np.float64(-6.959277599123662e-11), np.float64(1.1940448629700985e-11), np.float64(-2.0485835250425357e-12), np.float64(3.51496609596201e-13), np.float64(-6.061817714453722e-14), np.float64(1.0658141036401389e-14)]"
0.2,ImADA_12_DecisionTree | ORIG,20,1000,1,0.989795918,0,0,0,0,0.97,0.494897959,"[[388   4]
 [  8   0]]",None,"[np.float64(4.755065946362282), np.float64(1.3559909935786774), np.float64(-0.10186075487518509), np.float64(0.018532559096486358), np.float64(-0.003145254513001213), np.float64(0.0005406350466061867), np.float64(-9.272893533849105e-05), np.float64(1.59106342745061e-05), np.float64(-2.7298078269158496e-06), np.float64(4.683617266416387e-07), np.float64(-8.035814615540931e-08), np.float64(1.3787278906088879e-08), np.float64(-2.3655233383658814e-09), np.float64(4.058597900553978e-10), np.float64(-6.963452037696834e-11), np.float64(1.1947332012453496e-11), np.float64(-2.0496937480671653e-12), np.float64(3.5127456499127614e-13), np.float64(-5.995204332976205e-14), np.float64(1.0214051826551336e-14)]"
0.2,ImADA_12_DecisionTree | ORIG,20,1000,1.5,0.989795918,0,0,0,0,0.97,0.494897959,"[[388   4]
 [  8   0]]",None,"[np.float64(4.554799223043223), np.float64(1.3611013857532601), np.float64(-0.10195707899714802), np.float64(0.018551095097807207), np.float64(-0.0031483659716602195), np.float64(0.0005411708579071235), np.float64(-9.282080777316658e-05), np.float64(1.5926398805770013e-05), np.float64(-2.732512542486495e-06), np.float64(4.688257837768786e-07), np.float64(-8.043776553486702e-08), np.float64(1.3800939755940803e-08), np.float64(-2.3678672412265646e-09), np.float64(4.0626213487919523e-10), np.float64(-6.970379829371459e-11), np.float64(1.1959100376514241e-11), np.float64(-2.0519141941164245e-12), np.float64(3.5216274341097566e-13), np.float64(-6.039613253961216e-14), np.float64(1.0325074129013849e-14)]"
0.2,ImADA_12_DecisionTree | ORIG,20,1000,2,0.989795918,0,0,0,0,0.97,0.494897959,"[[388   4]
 [  8   0]]",None,"[np.float64(4.4134200500789955), np.float64(1.3662085446352317), np.float64(-0.10205241091333704), np.float64(0.01856944206422896), np.float64(-0.0031514456313898372), np.float64(0.0005417011951669281), np.float64(-9.291174155003323e-05), np.float64(1.5942002273180458e-05), np.float64(-2.735189624580545e-06), np.float64(4.6928510015279993e-07), np.float64(-8.051657162032975e-08), np.float64(1.3814460495650517e-08), np.float64(-2.3701867191806014e-09), np.float64(4.0665981676629264e-10), np.float64(-6.977196598743609e-11), np.float64(1.1971312829784826e-11), np.float64(-2.054134640165684e-12), np.float64(3.519406988060508e-13), np.float64(-5.995204332976205e-14), np.float64(1.0325074129013849e-14)]"
0.2,ImADA_12_DecisionTree | ORIG,20,5000,0.3,0.989795918,0,0,0,0,0.97,0.494897959,"[[388   4]
 [  8   0]]",None,"[np.float64(5.353593523377052), np.float64(1.3488309842514976), np.float64(-0.10172421379783347), np.float64(0.018506287304469165), np.float64(-0.003140844404847597), np.float64(0.0005398756036369113), np.float64(-9.259871798847924e-05), np.float64(1.588829008399804e-05), np.float64(-2.7259742414793176e-06), np.float64(4.677039855073736e-07), np.float64(-8.024529596363492e-08), np.float64(1.3767917283206744e-08), np.float64(-2.3622013290158924e-09), np.float64(4.052898015550176e-10), np.float64(-6.953659870618277e-11), np.float64(1.1930456622479596e-11), np.float64(-2.04725125741298e-12), np.float64(3.51496609596201e-13), np.float64(-6.039613253961216e-14), np.float64(1.0214051826551336e-14)]"
0.2,ImADA_12_DecisionTree | ORIG,20,5000,0.5,0.992346939,0,0,0,0,0.9725,0.496173469,"[[389   3]
 [  8   0]]",None,"[np.float64(5.099169740127595), np.float64(1.3508773532569196), np.float64(-0.10176342784498894), np.float64(0.018513832060626966), np.float64(-0.0031421109176449826), np.float64(0.0005400937031577062), np.float64(-9.263611428020407e-05), np.float64(1.5894706969462346e-05), np.float64(-2.727075184324488e-06), np.float64(4.6789287800992225e-07), np.float64(-8.027770448914907e-08), np.float64(1.3773477279960936e-08), np.float64(-2.363155010598552e-09), np.float64(4.0545278229490043e-10), np.float64(-6.956435428180226e-11), np.float64(1.193534160378783e-11), np.float64(-2.047917391227758e-12), np.float64(3.51496609596201e-13), np.float64(-6.039613253961216e-14), np.float64(1.0214051826551336e-14)]"
0.2,ImADA_12_DecisionTree | ORIG,20,5000,0.7,0.987244898,0,0,0,0,0.9675,0.493622449,"[[387   5]
 [  8   0]]",None,"[np.float64(4.9319220162055535), np.float64(1.352923200128834), np.float64(-0.10180247969611929), np.float64(0.018521345928013386), np.float64(-0.003143372233965156), np.float64(0.0005403109081404757), np.float64(-9.267335718108805e-05), np.float64(1.5901097534957967e-05), np.float64(-2.7281716113152907e-06), np.float64(4.6808099535540936e-07), np.float64(-8.03099800099256e-08), np.float64(1.3779014850210588e-08), np.float64(-2.364105361512124e-09), np.float64(4.056162071239927e-10), np.float64(-6.959277599123662e-11), np.float64(1.1940448629700985e-11), np.float64(-2.0485835250425357e-12), np.float64(3.51496609596201e-13), np.float64(-6.061817714453722e-14), np.float64(1.0658141036401389e-14)]"
0.2,ImADA_12_DecisionTree | ORIG,20,5000,1,0.984693878,0,0,0,0,0.965,0.492346939,"[[386   6]
 [  8   0]]",None,"[np.float64(4.755065946362282), np.float64(1.3559909935786774), np.float64(-0.10186075487518509), np.float64(0.018532559096486358), np.float64(-0.003145254513001213), np.float64(0.0005406350466061867), np.float64(-9.272893533849105e-05), np.float64(1.59106342745061e-05), np.float64(-2.7298078269158496e-06), np.float64(4.683617266416387e-07), np.float64(-8.035814615540931e-08), np.float64(1.3787278906088879e-08), np.float64(-2.3655233383658814e-09), np.float64(4.058597900553978e-10), np.float64(-6.963452037696834e-11), np.float64(1.1947332012453496e-11), np.float64(-2.0496937480671653e-12), np.float64(3.5127456499127614e-13), np.float64(-5.995204332976205e-14), np.float64(1.0214051826551336e-14)]"
0.2,ImADA_12_DecisionTree | ORIG,20,5000,1.5,0.989795918,0,0,0,0,0.97,0.494897959,"[[388   4]
 [  8   0]]",None,"[np.float64(4.554799223043223), np.float64(1.3611013857532601), np.float64(-0.10195707899714802), np.float64(0.018551095097807207), np.float64(-0.0031483659716602195), np.float64(0.0005411708579071235), np.float64(-9.282080777316658e-05), np.float64(1.5926398805770013e-05), np.float64(-2.732512542486495e-06), np.float64(4.688257837768786e-07), np.float64(-8.043776553486702e-08), np.float64(1.3800939755940803e-08), np.float64(-2.3678672412265646e-09), np.float64(4.0626213487919523e-10), np.float64(-6.970379829371459e-11), np.float64(1.1959100376514241e-11), np.float64(-2.0519141941164245e-12), np.float64(3.5216274341097566e-13), np.float64(-6.039613253961216e-14), np.float64(1.0325074129013849e-14)]"
0.2,ImADA_12_DecisionTree | ORIG,20,5000,2,0.987244898,0,0,0,0,0.9675,0.493622449,"[[387   5]
 [  8   0]]",None,"[np.float64(4.4134200500789955), np.float64(1.3662085446352317), np.float64(-0.10205241091333704), np.float64(0.01856944206422896), np.float64(-0.0031514456313898372), np.float64(0.0005417011951669281), np.float64(-9.291174155003323e-05), np.float64(1.5942002273180458e-05), np.float64(-2.735189624580545e-06), np.float64(4.6928510015279993e-07), np.float64(-8.051657162032975e-08), np.float64(1.3814460495650517e-08), np.float64(-2.3701867191806014e-09), np.float64(4.0665981676629264e-10), np.float64(-6.977196598743609e-11), np.float64(1.1971312829784826e-11), np.float64(-2.054134640165684e-12), np.float64(3.519406988060508e-13), np.float64(-5.995204332976205e-14), np.float64(1.0325074129013849e-14)]"
0.2,ImADA_12_DecisionTree | ORIG,20,10000,0.3,0.992346939,0,0,0,0,0.9725,0.496173469,"[[389   3]
 [  8   0]]",None,"[np.float64(5.353593523377052), np.float64(1.3488309842514976), np.float64(-0.10172421379783347), np.float64(0.018506287304469165), np.float64(-0.003140844404847597), np.float64(0.0005398756036369113), np.float64(-9.259871798847924e-05), np.float64(1.588829008399804e-05), np.float64(-2.7259742414793176e-06), np.float64(4.677039855073736e-07), np.float64(-8.024529596363492e-08), np.float64(1.3767917283206744e-08), np.float64(-2.3622013290158924e-09), np.float64(4.052898015550176e-10), np.float64(-6.953659870618277e-11), np.float64(1.1930456622479596e-11), np.float64(-2.04725125741298e-12), np.float64(3.51496609596201e-13), np.float64(-6.039613253961216e-14), np.float64(1.0214051826551336e-14)]"
0.2,ImADA_12_DecisionTree | ORIG,20,10000,0.5,0.992346939,0,0,0,0,0.9725,0.496173469,"[[389   3]
 [  8   0]]",None,"[np.float64(5.099169740127595), np.float64(1.3508773532569196), np.float64(-0.10176342784498894), np.float64(0.018513832060626966), np.float64(-0.0031421109176449826), np.float64(0.0005400937031577062), np.float64(-9.263611428020407e-05), np.float64(1.5894706969462346e-05), np.float64(-2.727075184324488e-06), np.float64(4.6789287800992225e-07), np.float64(-8.027770448914907e-08), np.float64(1.3773477279960936e-08), np.float64(-2.363155010598552e-09), np.float64(4.0545278229490043e-10), np.float64(-6.956435428180226e-11), np.float64(1.193534160378783e-11), np.float64(-2.047917391227758e-12), np.float64(3.51496609596201e-13), np.float64(-6.039613253961216e-14), np.float64(1.0214051826551336e-14)]"
0.2,ImADA_12_DecisionTree | ORIG,20,10000,0.7,0.989795918,0,0,0,0,0.97,0.494897959,"[[388   4]
 [  8   0]]",None,"[np.float64(4.9319220162055535), np.float64(1.352923200128834), np.float64(-0.10180247969611929), np.float64(0.018521345928013386), np.float64(-0.003143372233965156), np.float64(0.0005403109081404757), np.float64(-9.267335718108805e-05), np.float64(1.5901097534957967e-05), np.float64(-2.7281716113152907e-06), np.float64(4.6808099535540936e-07), np.float64(-8.03099800099256e-08), np.float64(1.3779014850210588e-08), np.float64(-2.364105361512124e-09), np.float64(4.056162071239927e-10), np.float64(-6.959277599123662e-11), np.float64(1.1940448629700985e-11), np.float64(-2.0485835250425357e-12), np.float64(3.51496609596201e-13), np.float64(-6.061817714453722e-14), np.float64(1.0658141036401389e-14)]"
0.2,ImADA_12_DecisionTree | ORIG,20,10000,1,0.987244898,0,0,0,0,0.9675,0.493622449,"[[387   5]
 [  8   0]]",None,"[np.float64(4.755065946362282), np.float64(1.3559909935786774), np.float64(-0.10186075487518509), np.float64(0.018532559096486358), np.float64(-0.003145254513001213), np.float64(0.0005406350466061867), np.float64(-9.272893533849105e-05), np.float64(1.59106342745061e-05), np.float64(-2.7298078269158496e-06), np.float64(4.683617266416387e-07), np.float64(-8.035814615540931e-08), np.float64(1.3787278906088879e-08), np.float64(-2.3655233383658814e-09), np.float64(4.058597900553978e-10), np.float64(-6.963452037696834e-11), np.float64(1.1947332012453496e-11), np.float64(-2.0496937480671653e-12), np.float64(3.5127456499127614e-13), np.float64(-5.995204332976205e-14), np.float64(1.0214051826551336e-14)]"
0.2,ImADA_12_DecisionTree | ORIG,20,10000,1.5,0.989795918,0,0,0,0,0.97,0.494897959,"[[388   4]
 [  8   0]]",None,"[np.float64(4.554799223043223), np.float64(1.3611013857532601), np.float64(-0.10195707899714802), np.float64(0.018551095097807207), np.float64(-0.0031483659716602195), np.float64(0.0005411708579071235), np.float64(-9.282080777316658e-05), np.float64(1.5926398805770013e-05), np.float64(-2.732512542486495e-06), np.float64(4.688257837768786e-07), np.float64(-8.043776553486702e-08), np.float64(1.3800939755940803e-08), np.float64(-2.3678672412265646e-09), np.float64(4.0626213487919523e-10), np.float64(-6.970379829371459e-11), np.float64(1.1959100376514241e-11), np.float64(-2.0519141941164245e-12), np.float64(3.5216274341097566e-13), np.float64(-6.039613253961216e-14), np.float64(1.0325074129013849e-14)]"
0.2,ImADA_12_DecisionTree | ORIG,20,10000,2,0.987244898,0,0,0,0,0.9675,0.493622449,"[[387   5]
 [  8   0]]",None,"[np.float64(4.4134200500789955), np.float64(1.3662085446352317), np.float64(-0.10205241091333704), np.float64(0.01856944206422896), np.float64(-0.0031514456313898372), np.float64(0.0005417011951669281), np.float64(-9.291174155003323e-05), np.float64(1.5942002273180458e-05), np.float64(-2.735189624580545e-06), np.float64(4.6928510015279993e-07), np.float64(-8.051657162032975e-08), np.float64(1.3814460495650517e-08), np.float64(-2.3701867191806014e-09), np.float64(4.0665981676629264e-10), np.float64(-6.977196598743609e-11), np.float64(1.1971312829784826e-11), np.float64(-2.054134640165684e-12), np.float64(3.519406988060508e-13), np.float64(-5.995204332976205e-14), np.float64(1.0325074129013849e-14)]"
0.2,ImADA_12_DecisionTree | ORIG,25,10,0.3,0.987244898,0,0,0,0,0.9675,0.493622449,"[[387   5]
 [  8   0]]",None,"[np.float64(5.353593523377052), np.float64(1.3488309842514976), np.float64(-0.10172421379783347), np.float64(0.018506287304469165), np.float64(-0.003140844404847597), np.float64(0.0005398756036369113), np.float64(-9.259871798847924e-05), np.float64(1.588829008399804e-05), np.float64(-2.7259742414793176e-06), np.float64(4.677039855073736e-07), np.float64(-8.024529596363492e-08), np.float64(1.3767917283206744e-08), np.float64(-2.3622013290158924e-09), np.float64(4.052898015550176e-10), np.float64(-6.953659870618277e-11), np.float64(1.1930456622479596e-11), np.float64(-2.04725125741298e-12), np.float64(3.51496609596201e-13), np.float64(-6.039613253961216e-14), np.float64(1.0214051826551336e-14), np.float64(-1.7763568394002536e-15), np.float64(4.440892098500624e-16), np.float64(0.0), np.float64(-2.2204460492503136e-16), np.float64(1.1102230246251564e-16)]"
0.2,ImADA_12_DecisionTree | ORIG,25,10,0.5,0.992346939,0,0,0,0,0.9725,0.496173469,"[[389   3]
 [  8   0]]",None,"[np.float64(5.099169740127595), np.float64(1.3508773532569196), np.float64(-0.10176342784498894), np.float64(0.018513832060626966), np.float64(-0.0031421109176449826), np.float64(0.0005400937031577062), np.float64(-9.263611428020407e-05), np.float64(1.5894706969462346e-05), np.float64(-2.727075184324488e-06), np.float64(4.6789287800992225e-07), np.float64(-8.027770448914907e-08), np.float64(1.3773477279960936e-08), np.float64(-2.363155010598552e-09), np.float64(4.0545278229490043e-10), np.float64(-6.956435428180226e-11), np.float64(1.193534160378783e-11), np.float64(-2.047917391227758e-12), np.float64(3.51496609596201e-13), np.float64(-6.039613253961216e-14), np.float64(1.0214051826551336e-14), np.float64(-1.7763568394002536e-15), np.float64(4.440892098500624e-16), np.float64(-2.2204460492503136e-16), np.float64(1.1102230246251564e-16), np.float64(0.0)]"
0.2,ImADA_12_DecisionTree | ORIG,25,10,0.7,0.987244898,0,0,0,0,0.9675,0.493622449,"[[387   5]
 [  8   0]]",None,"[np.float64(4.9319220162055535), np.float64(1.352923200128834), np.float64(-0.10180247969611929), np.float64(0.018521345928013386), np.float64(-0.003143372233965156), np.float64(0.0005403109081404757), np.float64(-9.267335718108805e-05), np.float64(1.5901097534957967e-05), np.float64(-2.7281716113152907e-06), np.float64(4.6808099535540936e-07), np.float64(-8.03099800099256e-08), np.float64(1.3779014850210588e-08), np.float64(-2.364105361512124e-09), np.float64(4.056162071239927e-10), np.float64(-6.959277599123662e-11), np.float64(1.1940448629700985e-11), np.float64(-2.0485835250425357e-12), np.float64(3.51496609596201e-13), np.float64(-6.061817714453722e-14), np.float64(1.0658141036401389e-14), np.float64(-1.7763568394002536e-15), np.float64(4.440892098500624e-16), np.float64(-2.2204460492503136e-16), np.float64(1.1102230246251564e-16), np.float64(0.0)]"
0.2,ImADA_12_DecisionTree | ORIG,25,10,1,0.987244898,0,0,0,0,0.9675,0.493622449,"[[387   5]
 [  8   0]]",None,"[np.float64(4.755065946362282), np.float64(1.3559909935786774), np.float64(-0.10186075487518509), np.float64(0.018532559096486358), np.float64(-0.003145254513001213), np.float64(0.0005406350466061867), np.float64(-9.272893533849105e-05), np.float64(1.59106342745061e-05), np.float64(-2.7298078269158496e-06), np.float64(4.683617266416387e-07), np.float64(-8.035814615540931e-08), np.float64(1.3787278906088879e-08), np.float64(-2.3655233383658814e-09), np.float64(4.058597900553978e-10), np.float64(-6.963452037696834e-11), np.float64(1.1947332012453496e-11), np.float64(-2.0496937480671653e-12), np.float64(3.5127456499127614e-13), np.float64(-5.995204332976205e-14), np.float64(1.0214051826551336e-14), np.float64(-1.7763568394002536e-15), np.float64(2.2204460492503126e-16), np.float64(1.1102230246251564e-16), np.float64(0.0), np.float64(0.0)]"
0.2,ImADA_12_DecisionTree | ORIG,25,10,1.5,0.987244898,0,0,0,0,0.9675,0.493622449,"[[387   5]
 [  8   0]]",None,"[np.float64(4.554799223043223), np.float64(1.3611013857532601), np.float64(-0.10195707899714802), np.float64(0.018551095097807207), np.float64(-0.0031483659716602195), np.float64(0.0005411708579071235), np.float64(-9.282080777316658e-05), np.float64(1.5926398805770013e-05), np.float64(-2.732512542486495e-06), np.float64(4.688257837768786e-07), np.float64(-8.043776553486702e-08), np.float64(1.3800939755940803e-08), np.float64(-2.3678672412265646e-09), np.float64(4.0626213487919523e-10), np.float64(-6.970379829371459e-11), np.float64(1.1959100376514241e-11), np.float64(-2.0519141941164245e-12), np.float64(3.5216274341097566e-13), np.float64(-6.039613253961216e-14), np.float64(1.0325074129013849e-14), np.float64(-1.5543122344752215e-15), np.float64(0.0), np.float64(0.0), np.float64(0.0), np.float64(0.0)]"
0.2,ImADA_12_DecisionTree | ORIG,25,10,2,0.989795918,0,0,0,0,0.97,0.494897959,"[[388   4]
 [  8   0]]",None,"[np.float64(4.4134200500789955), np.float64(1.3662085446352317), np.float64(-0.10205241091333704), np.float64(0.01856944206422896), np.float64(-0.0031514456313898372), np.float64(0.0005417011951669281), np.float64(-9.291174155003323e-05), np.float64(1.5942002273180458e-05), np.float64(-2.735189624580545e-06), np.float64(4.6928510015279993e-07), np.float64(-8.051657162032975e-08), np.float64(1.3814460495650517e-08), np.float64(-2.3701867191806014e-09), np.float64(4.0665981676629264e-10), np.float64(-6.977196598743609e-11), np.float64(1.1971312829784826e-11), np.float64(-2.054134640165684e-12), np.float64(3.519406988060508e-13), np.float64(-5.995204332976205e-14), np.float64(1.0325074129013849e-14), np.float64(-1.7763568394002536e-15), np.float64(4.440892098500624e-16), np.float64(-2.2204460492503136e-16), np.float64(0.0), np.float64(0.0)]"
0.2,ImADA_12_DecisionTree | ORIG,25,100,0.3,0.987244898,0,0,0,0,0.9675,0.493622449,"[[387   5]
 [  8   0]]",None,"[np.float64(5.353593523377052), np.float64(1.3488309842514976), np.float64(-0.10172421379783347), np.float64(0.018506287304469165), np.float64(-0.003140844404847597), np.float64(0.0005398756036369113), np.float64(-9.259871798847924e-05), np.float64(1.588829008399804e-05), np.float64(-2.7259742414793176e-06), np.float64(4.677039855073736e-07), np.float64(-8.024529596363492e-08), np.float64(1.3767917283206744e-08), np.float64(-2.3622013290158924e-09), np.float64(4.052898015550176e-10), np.float64(-6.953659870618277e-11), np.float64(1.1930456622479596e-11), np.float64(-2.04725125741298e-12), np.float64(3.51496609596201e-13), np.float64(-6.039613253961216e-14), np.float64(1.0214051826551336e-14), np.float64(-1.7763568394002536e-15), np.float64(4.440892098500624e-16), np.float64(0.0), np.float64(-2.2204460492503136e-16), np.float64(1.1102230246251564e-16)]"
0.2,ImADA_12_DecisionTree | ORIG,25,100,0.5,0.989795918,0,0,0,0,0.97,0.494897959,"[[388   4]
 [  8   0]]",None,"[np.float64(5.099169740127595), np.float64(1.3508773532569196), np.float64(-0.10176342784498894), np.float64(0.018513832060626966), np.float64(-0.0031421109176449826), np.float64(0.0005400937031577062), np.float64(-9.263611428020407e-05), np.float64(1.5894706969462346e-05), np.float64(-2.727075184324488e-06), np.float64(4.6789287800992225e-07), np.float64(-8.027770448914907e-08), np.float64(1.3773477279960936e-08), np.float64(-2.363155010598552e-09), np.float64(4.0545278229490043e-10), np.float64(-6.956435428180226e-11), np.float64(1.193534160378783e-11), np.float64(-2.047917391227758e-12), np.float64(3.51496609596201e-13), np.float64(-6.039613253961216e-14), np.float64(1.0214051826551336e-14), np.float64(-1.7763568394002536e-15), np.float64(4.440892098500624e-16), np.float64(-2.2204460492503136e-16), np.float64(1.1102230246251564e-16), np.float64(0.0)]"
