loc,v(g),ev(g),iv(g),n,v,l,d,i,e,b,t,lOCode,lOComment,lOBlank,lOCodeAndComment,uniq_Op,uniq_Opnd,total_Op,total_Opnd,branchCount,defects
11.0,2.0,1.0,2.0,39.0,156.0,0.12,8.5,18.35,1326.0,0.05,73.67,8,0,1,0,8.0,8.0,22.0,17.0,3.0,False
45.0,4.0,1.0,4.0,119.0,637.55,0.06,16.0,39.85,10200.78,0.21,566.71,33,3,5,0,16.0,25.0,69.0,50.0,7.0,False
11.0,1.0,1.0,1.0,28.0,109.39,0.25,4.0,27.35,437.57,0.04,24.31,8,0,1,0,6.0,9.0,16.0,12.0,1.0,False
8.0,1.0,1.0,1.0,22.0,85.95,0.19,5.25,16.37,451.25,0.03,25.07,4,0,2,0,9.0,6.0,15.0,7.0,1.0,False
208.0,56.0,53.0,24.0,675.0,4217.35,0.02,59.07,71.4,249113.14,1.41,13839.62,165,28,10,2,25.0,51.0,434.0,241.0,111.0,False
4.0,1.0,1.0,1.0,8.0,24.0,0.33,3.0,8.0,72.0,0.01,4.0,2,0,0,0,6.0,2.0,6.0,2.0,1.0,False
4.0,1.0,1.0,1.0,5.0,11.61,0.67,1.5,7.74,17.41,0.0,0.97,2,0,0,0,3.0,2.0,3.0,2.0,1.0,False
36.0,3.0,1.0,3.0,49.0,215.22,0.08,12.67,16.99,2726.17,0.07,151.45,17,9,8,0,12.0,9.0,30.0,19.0,4.0,False
47.0,12.0,1.0,11.0,122.0,684.99,0.06,16.9,40.54,11574.05,0.23,643.0,44,0,2,1,20.0,29.0,73.0,49.0,14.0,False
65.0,2.0,1.0,2.0,165.0,982.44,0.08,11.97,82.09,11757.95,0.33,653.22,38,10,15,0,15.0,47.0,90.0,75.0,3.0,False
30.0,4.0,4.0,4.0,74.0,370.0,0.1,9.6,38.54,3552.0,0.12,197.33,13,9,6,0,12.0,20.0,42.0,32.0,7.0,False
40.0,9.0,1.0,5.0,0.0,0.0,0.0,0.0,0.0,0.0,0.0,0.0,0,0,0,0,0.0,0.0,0.0,0.0,17.0,False
16.0,2.0,1.0,2.0,42.0,199.71,0.19,5.29,37.72,1057.26,0.07,58.74,12,0,1,0,10.0,17.0,24.0,18.0,3.0,False
15.0,1.0,1.0,1.0,35.0,153.73,0.17,5.91,26.02,908.41,0.05,50.47,10,0,3,0,10.0,11.0,22.0,13.0,1.0,False
20.0,2.0,1.0,2.0,56.0,260.06,0.1,9.82,26.48,2554.12,0.09,141.9,13,2,3,0,11.0,14.0,31.0,25.0,3.0,False
31.0,6.0,1.0,5.0,114.0,610.76,0.07,15.36,39.76,9381.29,0.2,521.17,24,0,5,0,16.0,25.0,66.0,48.0,11.0,False
18.0,2.0,1.0,2.0,41.0,182.84,0.13,7.5,24.38,1371.28,0.06,76.18,16,0,2,0,10.0,12.0,23.0,18.0,3.0,False
36.0,4.0,1.0,3.0,74.0,370.0,0.07,14.0,26.43,5180.0,0.12,287.78,26,0,7,0,16.0,16.0,46.0,28.0,7.0,False
21.0,4.0,4.0,3.0,39.0,178.81,0.12,8.5,21.04,1519.92,0.06,84.44,18,0,1,0,12.0,12.0,22.0,17.0,7.0,False
20.0,3.0,3.0,2.0,59.0,283.63,0.1,9.75,29.09,2765.43,0.09,153.64,17,0,1,0,12.0,16.0,33.0,26.0,5.0,False
13.0,3.0,3.0,2.0,38.0,178.62,0.11,9.33,19.14,1667.09,0.06,92.62,9,0,2,0,14.0,12.0,22.0,16.0,5.0,False
25.0,4.0,4.0,3.0,54.0,256.76,0.08,12.92,19.87,3318.18,0.09,184.34,21,0,2,0,14.0,13.0,30.0,24.0,7.0,False
11.0,3.0,1.0,2.0,24.0,98.1,0.25,4.0,24.52,392.4,0.03,21.8,9,0,0,0,8.0,9.0,15.0,9.0,5.0,False
97.0,7.0,1.0,6.0,453.0,2794.98,0.02,40.87,68.39,114224.87,0.93,6345.83,92,0,3,0,19.0,53.0,225.0,228.0,13.0,False
168.0,12.0,9.0,11.0,415.0,2584.96,0.02,44.44,58.17,114869.15,0.86,6381.62,90,42,24,10,27.0,48.0,257.0,158.0,22.0,False
10.0,2.0,1.0,2.0,35.0,162.53,0.15,6.46,25.15,1050.23,0.05,58.35,8,0,0,0,12.0,13.0,21.0,14.0,3.0,False
29.0,9.0,9.0,1.0,61.0,275.94,0.17,5.87,47.03,1618.83,0.09,89.94,27,0,0,0,8.0,15.0,39.0,22.0,17.0,False
11.0,4.0,3.0,1.0,47.0,199.65,0.05,19.5,10.24,3893.23,0.07,216.29,9,0,0,0,13.0,6.0,29.0,18.0,7.0,False
13.0,2.0,1.0,1.0,42.0,189.99,0.14,7.31,26.0,1388.39,0.06,77.13,8,0,3,0,10.0,13.0,23.0,19.0,3.0,False
11.0,5.0,5.0,2.0,0.0,0.0,0.0,0.0,0.0,0.0,0.0,0.0,0,0,0,0,0.0,0.0,0.0,0.0,9.0,False
10.0,1.0,1.0,1.0,19.0,68.11,0.35,2.86,23.84,194.61,0.02,10.81,5,0,3,0,5.0,7.0,11.0,8.0,1.0,False
5.0,1.0,1.0,1.0,31.0,107.24,0.17,5.83,18.38,625.58,0.04,34.75,3,0,0,0,5.0,6.0,17.0,14.0,1.0,False
77.0,13.0,12.0,8.0,326.0,2030.59,0.03,33.25,61.07,67517.28,0.68,3750.96,67,3,5,0,25.0,50.0,193.0,133.0,25.0,False
16.0,2.0,1.0,2.0,0.0,0.0,0.0,0.0,0.0,0.0,0.0,0.0,0,0,0,0,0.0,0.0,0.0,0.0,3.0,False
33.0,1.0,1.0,1.0,85.0,384.5,0.08,13.29,28.93,5110.68,0.13,283.93,22,4,5,0,11.0,12.0,56.0,29.0,1.0,False
29.0,4.0,1.0,3.0,57.0,264.7,0.06,16.5,16.04,4367.55,0.09,242.64,20,0,7,0,15.0,10.0,35.0,22.0,7.0,False
23.0,3.0,1.0,3.0,39.0,168.56,0.11,9.5,17.74,1601.27,0.06,88.96,13,4,4,0,10.0,10.0,20.0,19.0,5.0,False
12.0,4.0,4.0,1.0,21.0,75.28,0.25,4.0,18.82,301.14,0.03,16.73,10,0,0,0,6.0,6.0,13.0,8.0,7.0,False
10.0,2.0,1.0,2.0,33.0,151.3,0.17,5.92,25.54,896.18,0.05,49.79,7,0,1,0,11.0,13.0,19.0,14.0,3.0,False
4.0,1.0,1.0,1.0,9.0,27.0,0.5,2.0,13.5,54.0,0.01,3.0,2,0,0,0,4.0,4.0,5.0,4.0,1.0,False
60.0,7.0,1.0,4.0,120.0,576.88,0.03,29.36,19.65,16939.37,0.19,941.08,39,14,5,0,17.0,11.0,82.0,38.0,13.0,False
7.0,2.0,1.0,2.0,34.0,144.43,0.14,7.22,20.0,1043.09,0.05,57.95,4,0,1,0,10.0,9.0,21.0,13.0,3.0,False
38.0,9.0,1.0,9.0,147.0,706.68,0.05,19.5,36.24,13780.28,0.24,765.57,22,0,9,4,12.0,16.0,95.0,52.0,17.0,False
161.0,34.0,26.0,1.0,367.0,1611.98,0.01,112.13,14.38,180743.31,0.54,10041.3,114,16,29,0,13.0,8.0,229.0,138.0,67.0,False
4.0,1.0,1.0,1.0,10.0,31.7,0.4,2.5,12.68,79.25,0.01,4.4,2,0,0,0,5.0,4.0,6.0,4.0,1.0,False
11.0,2.0,1.0,1.0,30.0,129.66,0.17,5.73,22.64,742.59,0.04,41.25,8,0,1,0,9.0,11.0,16.0,14.0,3.0,False
17.0,2.0,1.0,2.0,41.0,190.4,0.16,6.29,30.29,1196.79,0.06,66.49,10,1,3,0,11.0,14.0,25.0,16.0,3.0,False
14.0,3.0,3.0,2.0,28.0,121.01,0.1,10.21,11.85,1236.07,0.04,68.67,10,0,2,0,13.0,7.0,17.0,11.0,5.0,False
21.0,3.0,1.0,1.0,62.0,284.27,0.07,15.36,18.5,4367.39,0.09,242.63,13,0,2,1,13.0,11.0,36.0,26.0,5.0,False
3.0,1.0,1.0,1.0,8.0,18.58,0.17,6.0,3.1,111.45,0.01,6.19,1,0,0,0,4.0,1.0,5.0,3.0,1.0,False
35.0,4.0,3.0,2.0,62.0,294.8,0.1,10.0,29.48,2948.03,0.1,163.78,23,3,6,1,12.0,15.0,37.0,25.0,7.0,True
25.0,2.0,1.0,2.0,56.0,256.76,0.18,5.56,46.19,1427.27,0.09,79.29,19,2,2,0,7.0,17.0,29.0,27.0,3.0,False
26.0,3.0,1.0,3.0,88.0,477.51,0.12,8.45,56.52,4034.15,0.16,224.12,14,3,7,0,14.0,29.0,53.0,35.0,5.0,False
66.0,10.0,5.0,3.0,233.0,1408.34,0.04,23.48,59.99,33065.46,0.47,1836.97,59,0,5,0,20.0,46.0,125.0,108.0,19.0,False
9.0,2.0,1.0,2.0,19.0,72.34,0.25,4.0,18.08,289.36,0.02,16.07,7,0,0,0,7.0,7.0,11.0,8.0,3.0,False
15.0,1.0,1.0,1.0,40.0,166.8,0.37,2.71,61.45,452.73,0.06,25.15,7,3,3,0,4.0,14.0,21.0,19.0,1.0,False
51.0,10.0,1.0,6.0,169.0,893.23,0.04,28.29,31.58,25265.73,0.3,1403.65,41,0,1,5,18.0,21.0,103.0,66.0,16.0,False
67.0,9.0,4.0,5.0,108.0,524.66,0.05,18.67,28.11,9793.69,0.17,544.09,41,15,9,0,14.0,15.0,68.0,40.0,17.0,False
23.0,28.0,28.0,28.0,211.0,1045.33,0.06,17.38,60.14,18168.93,0.35,1009.38,21,0,0,0,10.0,21.0,138.0,73.0,55.0,False
52.0,2.0,1.0,2.0,227.0,981.08,0.01,86.33,11.36,84699.71,0.33,4705.54,36,3,10,0,14.0,6.0,153.0,74.0,3.0,False
176.0,50.0,49.0,23.0,632.0,3873.71,0.02,57.91,66.89,224338.15,1.29,12463.23,139,22,10,2,24.0,46.0,410.0,222.0,99.0,False
23.0,2.0,1.0,2.0,43.0,185.84,0.32,3.17,58.69,588.5,0.06,32.68,16,0,5,0,5.0,15.0,24.0,19.0,3.0,False
177.0,25.0,21.0,13.0,446.0,2811.49,0.02,44.21,63.59,124304.14,0.94,6905.79,101,47,22,5,25.0,54.0,255.0,191.0,48.0,False
15.0,2.0,1.0,2.0,41.0,180.09,0.08,13.0,13.85,2341.11,0.06,130.06,12,0,3,0,13.0,8.0,25.0,16.0,3.0,False
32.0,2.0,1.0,1.0,78.0,396.82,0.09,11.14,35.61,4421.73,0.13,245.65,25,1,4,0,13.0,21.0,42.0,36.0,3.0,False
26.0,2.0,1.0,2.0,0.0,0.0,0.0,0.0,0.0,0.0,0.0,0.0,0,0,0,0,0.0,0.0,0.0,0.0,3.0,False
30.0,1.0,1.0,1.0,396.0,2107.48,0.05,21.0,100.36,44257.15,0.7,2458.73,23,0,5,0,10.0,30.0,270.0,126.0,1.0,False
26.0,6.0,5.0,4.0,72.0,363.2,0.08,12.92,28.12,4691.29,0.12,260.63,20,0,4,0,15.0,18.0,41.0,31.0,11.0,False
33.0,6.0,6.0,3.0,88.0,454.95,0.05,19.38,23.48,8814.72,0.15,489.71,26,0,5,0,20.0,16.0,57.0,31.0,11.0,False
17.0,6.0,3.0,2.0,62.0,272.32,0.05,21.12,12.89,5752.84,0.09,319.6,13,0,1,0,13.0,8.0,36.0,26.0,11.0,False
7.0,1.0,1.0,1.0,17.0,58.81,0.44,2.29,25.73,134.42,0.02,7.47,5,0,0,0,4.0,7.0,9.0,8.0,1.0,False
94.0,25.0,23.0,12.0,320.0,1890.2,0.03,33.38,56.62,63103.77,0.63,3505.76,70,0,16,6,21.0,39.0,196.0,124.0,49.0,False
17.0,2.0,1.0,2.0,55.0,269.88,0.14,7.33,36.8,1979.11,0.09,109.95,13,0,1,0,12.0,18.0,33.0,22.0,3.0,False
13.0,3.0,3.0,2.0,36.0,140.65,0.1,10.0,14.06,1406.48,0.05,78.14,10,0,0,1,10.0,5.0,26.0,10.0,5.0,False
486.0,23.0,1.0,21.0,2443.0,16335.12,0.01,114.75,142.35,1874505.53,5.45,104139.2,439,0,44,1,22.0,81.0,1598.0,845.0,45.0,False
8.0,1.0,1.0,1.0,15.0,53.77,0.24,4.2,12.8,225.85,0.02,12.55,7,0,1,0,7.0,5.0,9.0,6.0,1.0,False
10.0,3.0,3.0,1.0,26.0,104.0,0.11,9.17,11.35,953.33,0.03,52.96,7,0,1,0,10.0,6.0,15.0,11.0,5.0,False
19.0,5.0,5.0,1.0,0.0,0.0,0.0,0.0,0.0,0.0,0.0,0.0,0,0,0,0,0.0,0.0,0.0,0.0,9.0,False
11.0,2.0,1.0,2.0,26.0,110.45,0.15,6.86,16.11,757.34,0.04,42.07,9,0,0,0,12.0,7.0,18.0,8.0,3.0,False
7.0,1.0,1.0,1.0,16.0,55.35,0.44,2.29,24.22,126.52,0.02,7.03,4,0,1,0,4.0,7.0,8.0,8.0,1.0,False
18.0,4.0,3.0,3.0,48.0,225.62,0.09,10.91,20.68,2461.32,0.08,136.74,14,0,2,0,15.0,11.0,32.0,16.0,7.0,False
30.0,3.0,3.0,2.0,90.0,457.87,0.13,7.92,57.81,3626.34,0.15,201.46,19,3,4,0,9.0,25.0,46.0,44.0,5.0,False
30.0,5.0,1.0,1.0,92.0,460.0,0.04,23.38,19.67,10756.92,0.15,597.61,22,1,5,0,19.0,13.0,60.0,32.0,9.0,False
16.0,5.0,3.0,3.0,73.0,350.94,0.05,18.46,19.01,6478.84,0.12,359.94,11,0,3,0,15.0,13.0,41.0,32.0,9.0,False
24.0,3.0,1.0,3.0,58.0,269.34,0.14,7.03,38.31,1893.82,0.09,105.21,17,0,2,3,9.0,16.0,33.0,25.0,5.0,False
77.0,2.0,1.0,2.0,243.0,1494.39,0.07,13.82,108.15,20649.73,0.5,1147.21,45,14,14,0,16.0,55.0,148.0,95.0,3.0,False
16.0,4.0,3.0,1.0,36.0,167.18,0.1,10.18,16.42,1702.18,0.06,94.57,14,0,2,0,14.0,11.0,20.0,16.0,7.0,False
15.0,2.0,1.0,2.0,39.0,168.56,0.16,6.14,27.47,1034.31,0.06,57.46,10,0,3,0,9.0,11.0,24.0,15.0,3.0,False
24.0,6.0,1.0,3.0,0.0,0.0,0.0,0.0,0.0,0.0,0.0,0.0,0,0,0,0,0.0,0.0,0.0,0.0,11.0,False
12.0,4.0,3.0,2.0,26.0,110.45,0.13,7.71,14.32,852.01,0.04,47.33,9,0,0,0,12.0,7.0,17.0,9.0,7.0,False
17.0,3.0,1.0,1.0,45.0,171.33,0.04,27.5,6.23,4711.6,0.06,261.76,14,0,1,0,11.0,3.0,30.0,15.0,5.0,False
36.0,3.0,1.0,2.0,141.0,745.24,0.05,20.52,36.31,15293.66,0.25,849.65,26,3,5,0,16.0,23.0,82.0,59.0,5.0,False
34.0,3.0,3.0,3.0,47.0,215.49,0.25,4.0,53.87,861.97,0.07,47.89,14,11,7,0,8.0,16.0,31.0,16.0,5.0,False
37.0,13.0,5.0,2.0,0.0,0.0,0.0,0.0,0.0,0.0,0.0,0.0,0,0,0,0,0.0,0.0,0.0,0.0,25.0,False
18.0,3.0,1.0,3.0,42.0,187.3,0.16,6.25,29.97,1170.6,0.06,65.03,15,0,1,0,10.0,12.0,27.0,15.0,5.0,False
12.0,2.0,1.0,1.0,0.0,0.0,0.0,0.0,0.0,0.0,0.0,0.0,0,0,0,0,0.0,0.0,0.0,0.0,3.0,False
17.0,4.0,1.0,1.0,33.0,134.89,0.08,11.92,11.32,1607.39,0.04,89.3,13,0,2,0,11.0,6.0,20.0,13.0,7.0,False
48.0,3.0,1.0,3.0,64.0,289.51,0.1,10.08,28.71,2919.21,0.1,162.18,22,3,16,1,11.0,12.0,42.0,22.0,4.0,False
13.0,5.0,4.0,4.0,57.0,267.93,0.06,17.6,15.22,4715.48,0.09,261.97,10,0,1,0,16.0,10.0,35.0,22.0,9.0,False
10.0,2.0,1.0,1.0,24.0,100.08,0.18,5.63,17.79,562.94,0.03,31.27,6,0,2,0,10.0,8.0,15.0,9.0,3.0,False
32.0,6.0,4.0,5.0,99.0,503.66,0.07,15.0,33.58,7554.88,0.17,419.72,25,0,5,0,15.0,19.0,61.0,38.0,11.0,False
25.0,2.0,1.0,2.0,0.0,0.0,0.0,0.0,0.0,0.0,0.0,0.0,0,0,0,0,0.0,0.0,0.0,0.0,3.0,False
119.0,16.0,12.0,10.0,418.0,2634.98,0.02,48.59,54.23,128029.05,0.88,7112.72,93,6,18,0,28.0,51.0,241.0,177.0,30.0,False
6.0,1.0,1.0,1.0,25.0,83.05,0.11,9.0,9.23,747.43,0.03,41.52,5,1,0,0,6.0,4.0,13.0,12.0,1.0,False
8.0,1.0,1.0,1.0,18.0,66.61,0.4,2.5,26.64,166.52,0.02,9.25,4,0,0,0,5.0,8.0,10.0,8.0,1.0,False
59.0,3.0,1.0,1.0,99.0,427.87,0.05,22.0,19.45,9413.16,0.14,522.95,32,14,11,0,11.0,9.0,63.0,36.0,5.0,False
33.0,7.0,3.0,6.0,136.0,737.97,0.06,17.81,41.43,13145.13,0.25,730.28,27,0,4,0,19.0,24.0,91.0,45.0,13.0,False
27.0,11.0,9.0,3.0,122.0,662.0,0.05,20.43,32.4,13523.8,0.22,751.32,22,0,3,0,22.0,21.0,83.0,39.0,21.0,False
95.0,24.0,12.0,9.0,586.0,3966.16,0.03,37.65,105.35,149321.05,1.32,8295.61,86,1,8,0,25.0,84.0,333.0,253.0,47.0,False
18.0,2.0,1.0,2.0,53.0,239.75,0.09,11.45,20.93,2746.21,0.08,152.57,12,0,3,0,12.0,11.0,32.0,21.0,3.0,False
18.0,1.0,1.0,1.0,47.0,209.59,0.15,6.58,31.87,1378.48,0.07,76.58,10,0,6,0,9.0,13.0,28.0,19.0,1.0,False
75.0,9.0,7.0,5.0,292.0,1731.78,0.04,28.26,61.29,48932.72,0.58,2718.48,65,1,9,0,18.0,43.0,157.0,135.0,17.0,False
12.0,1.0,1.0,1.0,16.0,60.92,0.29,3.5,17.41,213.21,0.02,11.85,4,4,2,0,7.0,7.0,9.0,7.0,1.0,False
28.0,3.0,1.0,3.0,78.0,386.43,0.08,12.35,31.28,4773.51,0.13,265.2,21,0,5,0,14.0,17.0,48.0,30.0,5.0,False
106.0,1.0,1.0,1.0,565.0,2986.25,0.03,39.48,75.64,117903.64,1.0,6550.2,76,7,19,2,11.0,28.0,364.0,201.0,1.0,False
31.0,1.0,1.0,1.0,111.0,590.73,0.1,9.64,61.26,5696.36,0.2,316.46,19,2,7,0,12.0,28.0,66.0,45.0,1.0,False
14.0,2.0,1.0,2.0,26.0,98.99,0.11,9.0,11.0,890.92,0.03,49.5,7,0,0,0,9.0,5.0,16.0,10.0,3.0,False
28.0,4.0,1.0,4.0,103.0,532.5,0.1,10.5,50.71,5591.27,0.18,310.63,21,0,5,0,12.0,24.0,61.0,42.0,7.0,False
4.0,1.0,1.0,1.0,4.0,8.0,0.67,1.5,5.33,12.0,0.0,0.67,2,0,0,0,3.0,1.0,3.0,1.0,1.0,False
15.0,3.0,1.0,2.0,24.0,98.1,0.16,6.42,15.29,629.47,0.03,34.97,11,0,2,0,11.0,6.0,17.0,7.0,5.0,False
11.0,3.0,3.0,2.0,0.0,0.0,0.0,0.0,0.0,0.0,0.0,0.0,0,0,0,0,0.0,0.0,0.0,0.0,5.0,False
41.0,10.0,4.0,5.0,180.0,891.76,0.03,40.0,22.29,35670.21,0.3,1981.68,30,0,9,0,16.0,15.0,113.0,75.0,19.0,False
7.0,1.0,1.0,1.0,14.0,48.43,0.28,3.6,13.45,174.36,0.02,9.69,4,0,1,0,6.0,5.0,8.0,6.0,1.0,False
16.0,1.0,1.0,1.0,49.0,215.22,0.11,9.09,23.67,1956.58,0.07,108.7,10,0,3,0,10.0,11.0,29.0,20.0,1.0,False
5.0,1.0,1.0,1.0,15.0,51.89,0.34,2.92,17.79,151.35,0.02,8.41,3,0,0,0,5.0,6.0,8.0,7.0,1.0,False
25.0,5.0,5.0,4.0,66.0,310.23,0.09,11.5,26.98,3567.63,0.1,198.2,21,0,1,1,13.0,13.0,43.0,23.0,9.0,False
11.0,3.0,1.0,1.0,24.0,96.0,0.16,6.43,14.93,617.14,0.03,34.29,6,0,2,0,9.0,7.0,14.0,10.0,5.0,False
84.0,15.0,10.0,5.0,227.0,1260.89,0.03,30.88,40.84,38930.03,0.42,2162.78,67,9,3,0,19.0,28.0,136.0,91.0,29.0,False
4.0,1.0,1.0,1.0,12.0,41.51,0.29,3.5,11.86,145.3,0.01,8.07,2,0,0,0,7.0,4.0,8.0,4.0,1.0,False
25.0,4.0,1.0,1.0,0.0,0.0,0.0,0.0,0.0,0.0,0.0,0.0,0,0,0,0,0.0,0.0,0.0,0.0,7.0,False
5.0,1.0,1.0,1.0,10.0,31.7,0.4,2.5,12.68,79.25,0.01,4.4,3,0,0,0,5.0,4.0,6.0,4.0,1.0,False
8.0,2.0,1.0,1.0,15.0,53.77,0.29,3.5,15.36,188.21,0.02,10.46,6,0,0,0,7.0,5.0,10.0,5.0,3.0,False
16.0,1.0,1.0,1.0,49.0,196.0,0.09,10.93,17.93,2142.0,0.07,119.0,9,0,5,0,9.0,7.0,32.0,17.0,1.0,False
8.0,1.0,1.0,1.0,13.0,39.0,0.33,3.0,13.0,117.0,0.01,6.5,3,2,1,0,4.0,4.0,7.0,6.0,1.0,False
6.0,1.0,1.0,1.0,9.0,27.0,0.5,2.0,13.5,54.0,0.01,3.0,2,0,1,1,4.0,4.0,5.0,4.0,1.0,False
63.0,8.0,1.0,7.0,176.0,966.57,0.03,30.4,31.79,29383.61,0.32,1632.42,54,0,7,0,20.0,25.0,100.0,76.0,15.0,False
4.0,1.0,1.0,1.0,7.0,19.65,0.5,2.0,9.83,39.3,0.01,2.18,2,0,0,0,4.0,3.0,4.0,3.0,1.0,False
6.0,3.0,3.0,2.0,15.0,58.6,0.22,4.5,13.02,263.72,0.02,14.65,3,0,1,0,9.0,6.0,9.0,6.0,5.0,False
69.0,5.0,1.0,4.0,0.0,0.0,0.0,0.0,0.0,0.0,0.0,0.0,0,0,0,0,0.0,0.0,0.0,0.0,9.0,False
31.0,4.0,1.0,4.0,130.0,644.05,0.06,15.68,41.09,10095.41,0.21,560.86,26,0,3,0,11.0,20.0,73.0,57.0,7.0,False
42.0,2.0,1.0,2.0,171.0,739.05,0.02,65.33,11.31,48284.58,0.25,2682.48,28,3,8,0,14.0,6.0,115.0,56.0,3.0,False
48.0,13.0,12.0,7.0,156.0,806.51,0.04,24.29,33.21,19586.63,0.27,1088.15,34,3,4,5,15.0,21.0,88.0,68.0,25.0,False
15.0,5.0,1.0,2.0,55.0,220.0,0.06,17.5,12.57,3850.0,0.07,213.89,11,0,1,0,10.0,6.0,34.0,21.0,9.0,False
7.0,1.0,1.0,1.0,17.0,60.94,0.5,2.0,30.47,121.89,0.02,6.77,3,0,2,0,4.0,8.0,9.0,8.0,1.0,False
7.0,1.0,1.0,1.0,16.0,55.35,0.34,2.92,18.98,161.44,0.02,8.97,4,0,1,0,5.0,6.0,9.0,7.0,1.0,False
21.0,3.0,1.0,2.0,53.0,257.47,0.14,7.33,35.11,1888.14,0.09,104.9,15,0,4,0,11.0,18.0,29.0,24.0,5.0,False
19.0,5.0,5.0,3.0,71.0,351.75,0.05,20.58,17.09,7240.15,0.12,402.23,16,0,1,0,19.0,12.0,45.0,26.0,9.0,False
135.0,4.0,3.0,4.0,505.0,3417.93,0.04,23.26,146.95,79495.75,1.14,4416.43,96,12,24,0,20.0,89.0,298.0,207.0,7.0,False
28.0,5.0,1.0,2.0,80.0,413.59,0.1,10.17,40.65,4207.87,0.14,233.77,20,0,6,0,13.0,23.0,44.0,36.0,9.0,False
12.0,2.0,1.0,2.0,25.0,106.2,0.16,6.19,17.16,657.1,0.04,36.51,8,0,2,0,11.0,8.0,16.0,9.0,3.0,False
82.0,10.0,1.0,9.0,327.0,1881.85,0.03,34.75,54.15,65394.23,0.63,3633.01,62,8,8,2,18.0,36.0,188.0,139.0,19.0,False
6.0,1.0,1.0,1.0,13.0,39.0,0.56,1.8,21.67,70.2,0.01,3.9,4,0,0,0,3.0,5.0,7.0,6.0,1.0,False
20.0,2.0,1.0,2.0,46.0,198.81,0.16,6.19,32.11,1231.08,0.07,68.39,13,0,5,0,7.0,13.0,23.0,23.0,3.0,False
32.0,2.0,1.0,2.0,275.0,1582.59,0.06,15.57,101.66,24638.11,0.53,1368.78,31,0,1,0,10.0,44.0,138.0,137.0,3.0,False
31.0,11.0,11.0,1.0,82.0,341.93,0.03,36.4,9.39,12446.39,0.11,691.47,21,7,1,0,13.0,5.0,54.0,28.0,21.0,False
12.0,3.0,1.0,2.0,28.0,116.76,0.12,8.13,14.37,948.66,0.04,52.7,9,0,1,0,10.0,8.0,15.0,13.0,5.0,False
12.0,2.0,1.0,1.0,22.0,89.92,0.26,3.85,23.36,346.21,0.03,19.23,5,3,2,0,7.0,10.0,11.0,11.0,3.0,False
31.0,7.0,5.0,5.0,95.0,479.22,0.04,24.6,19.48,11788.75,0.16,654.93,22,1,4,0,18.0,15.0,54.0,41.0,13.0,False
58.0,4.0,1.0,4.0,0.0,0.0,0.0,0.0,0.0,0.0,0.0,0.0,0,0,0,0,0.0,0.0,0.0,0.0,7.0,True
23.0,4.0,1.0,4.0,43.0,204.46,0.13,7.89,25.9,1613.77,0.07,89.65,18,1,2,0,13.0,14.0,26.0,17.0,7.0,False
24.0,3.0,1.0,3.0,43.0,185.84,0.2,5.12,36.33,950.66,0.06,52.81,18,0,4,0,7.0,13.0,24.0,19.0,5.0,False
22.0,4.0,1.0,4.0,46.0,205.13,0.23,4.43,46.27,909.43,0.07,50.52,19,0,1,0,7.0,15.0,27.0,19.0,7.0,False
53.0,11.0,9.0,9.0,170.0,969.07,0.06,17.0,57.0,16474.27,0.32,915.24,46,0,4,0,17.0,35.0,100.0,70.0,21.0,False
43.0,1.0,1.0,1.0,370.0,1739.16,0.02,41.33,42.08,71885.39,0.58,3993.63,30,0,11,0,8.0,18.0,184.0,186.0,1.0,False
15.0,2.0,1.0,2.0,50.0,237.74,0.09,10.77,22.08,2560.32,0.08,142.24,12,0,1,0,14.0,13.0,30.0,20.0,3.0,False
50.0,8.0,7.0,6.0,140.0,764.32,0.06,16.69,45.81,12752.83,0.25,708.49,31,9,8,0,17.0,27.0,87.0,53.0,15.0,False
15.0,3.0,1.0,3.0,45.0,197.65,0.15,6.46,30.59,1277.15,0.07,70.95,10,0,3,0,8.0,13.0,24.0,21.0,5.0,True
12.0,2.0,1.0,2.0,23.0,97.7,0.2,5.0,19.54,488.51,0.03,27.14,7,1,2,0,10.0,9.0,14.0,9.0,3.0,False
96.0,2.0,1.0,2.0,262.0,1572.0,0.1,10.39,151.29,16334.51,0.52,907.47,60,17,16,1,9.0,55.0,135.0,127.0,3.0,False
12.0,3.0,1.0,2.0,24.0,100.08,0.13,8.0,12.51,800.63,0.03,44.48,8,0,2,0,12.0,6.0,16.0,8.0,5.0,False
13.0,2.0,1.0,2.0,39.0,171.3,0.12,8.25,20.76,1413.23,0.06,78.51,8,0,3,0,11.0,10.0,24.0,15.0,3.0,False
46.0,17.0,17.0,17.0,0.0,0.0,0.0,0.0,0.0,0.0,0.0,0.0,0,0,0,0,0.0,0.0,0.0,0.0,33.0,False
18.0,9.0,9.0,1.0,90.0,423.04,0.03,28.8,14.69,12183.54,0.14,676.86,15,0,1,0,16.0,10.0,55.0,36.0,17.0,False
45.0,8.0,3.0,7.0,0.0,0.0,0.0,0.0,0.0,0.0,0.0,0.0,0,0,0,0,0.0,0.0,0.0,0.0,15.0,False
8.0,2.0,1.0,2.0,18.0,68.53,0.2,5.0,13.71,342.66,0.02,19.04,5,0,1,0,7.0,7.0,8.0,10.0,3.0,False
10.0,1.0,1.0,1.0,56.0,249.73,0.16,6.07,41.16,1515.02,0.08,84.17,8,0,0,0,7.0,15.0,30.0,26.0,1.0,False
7.0,1.0,1.0,1.0,27.0,108.0,0.12,8.36,12.92,902.57,0.04,50.14,6,1,0,0,9.0,7.0,14.0,13.0,1.0,False
19.0,8.0,7.0,5.0,0.0,0.0,0.0,0.0,0.0,0.0,0.0,0.0,0,0,0,0,0.0,0.0,0.0,0.0,15.0,False
36.0,4.0,4.0,2.0,140.0,734.71,0.04,23.85,30.81,17522.83,0.24,973.49,13,10,6,0,18.0,20.0,87.0,53.0,7.0,False
40.0,3.0,1.0,1.0,180.0,874.44,0.04,27.18,32.18,23764.1,0.29,1320.23,24,4,7,0,12.0,17.0,103.0,77.0,5.0,False
116.0,23.0,7.0,11.0,398.0,2405.67,0.02,42.93,56.03,103283.38,0.8,5737.97,79,15,13,7,21.0,45.0,214.0,184.0,45.0,False
7.0,2.0,1.0,1.0,13.0,39.0,0.2,5.0,7.8,195.0,0.01,10.83,5,0,0,0,5.0,3.0,7.0,6.0,3.0,False
42.0,2.0,1.0,2.0,121.0,711.8,0.07,14.92,47.7,10620.8,0.24,590.04,33,2,5,0,21.0,38.0,67.0,54.0,3.0,False
4.0,1.0,1.0,1.0,4.0,8.0,0.67,1.5,5.33,12.0,0.0,0.67,2,0,0,0,3.0,1.0,3.0,1.0,1.0,False
4.0,1.0,1.0,1.0,13.0,46.6,0.25,4.0,11.65,186.42,0.02,10.36,2,0,0,0,8.0,4.0,9.0,4.0,1.0,False
7.0,1.0,1.0,1.0,16.0,57.36,0.4,2.5,22.94,143.4,0.02,7.97,3,0,2,0,5.0,7.0,9.0,7.0,1.0,False
28.0,4.0,1.0,4.0,72.0,342.35,0.08,13.2,25.94,4519.05,0.11,251.06,24,0,2,0,12.0,15.0,39.0,33.0,7.0,False
15.0,3.0,1.0,2.0,32.0,130.8,0.14,7.33,17.84,959.19,0.04,53.29,13,0,0,0,11.0,6.0,24.0,8.0,5.0,False
12.0,3.0,1.0,3.0,26.0,98.99,0.09,11.25,8.8,1113.65,0.03,61.87,9,0,1,0,10.0,4.0,17.0,9.0,5.0,False
15.0,2.0,1.0,1.0,27.0,112.59,0.13,8.0,14.07,900.7,0.04,50.04,11,0,2,0,12.0,6.0,19.0,8.0,3.0,False
16.0,1.0,1.0,1.0,0.0,0.0,0.0,0.0,0.0,0.0,0.0,0.0,0,0,0,0,0.0,0.0,0.0,0.0,1.0,False
61.0,9.0,9.0,5.0,196.0,997.14,0.03,35.44,28.14,35336.25,0.33,1963.12,45,2,12,0,18.0,16.0,133.0,63.0,17.0,False
5.0,1.0,1.0,1.0,15.0,51.89,0.34,2.92,17.79,151.35,0.02,8.41,3,0,0,0,5.0,6.0,8.0,7.0,1.0,False
16.0,4.0,4.0,1.0,0.0,0.0,0.0,0.0,0.0,0.0,0.0,0.0,0,0,0,0,0.0,0.0,0.0,0.0,7.0,False
16.0,3.0,1.0,2.0,48.0,214.05,0.1,10.5,20.39,2247.55,0.07,124.86,13,0,1,0,11.0,11.0,27.0,21.0,5.0,False
18.0,4.0,1.0,1.0,47.0,212.61,0.12,8.25,25.77,1754.01,0.07,97.45,12,1,3,0,11.0,12.0,29.0,18.0,7.0,False
8.0,2.0,1.0,1.0,0.0,0.0,0.0,0.0,0.0,0.0,0.0,0.0,0,0,0,0,0.0,0.0,0.0,0.0,3.0,False
60.0,7.0,1.0,7.0,288.0,1608.47,0.04,26.19,61.43,42118.91,0.54,2339.94,54,0,4,0,13.0,35.0,147.0,141.0,13.0,False
7.0,1.0,1.0,1.0,13.0,44.97,0.19,5.33,8.43,239.85,0.01,13.33,4,0,1,0,8.0,3.0,9.0,4.0,1.0,False
62.0,3.0,1.0,3.0,206.0,1221.73,0.06,17.16,71.18,20968.33,0.41,1164.91,53,0,7,0,18.0,43.0,124.0,82.0,5.0,False
233.0,32.0,8.0,15.0,890.0,6058.55,0.02,58.45,103.66,354104.19,2.02,19672.45,200,11,19,0,27.0,85.0,522.0,368.0,63.0,False
19.0,2.0,1.0,2.0,0.0,0.0,0.0,0.0,0.0,0.0,0.0,0.0,0,0,0,0,0.0,0.0,0.0,0.0,3.0,False
4.0,1.0,1.0,1.0,7.0,19.65,0.4,2.5,7.86,49.13,0.01,2.73,2,0,0,0,5.0,2.0,5.0,2.0,1.0,False
7.0,1.0,1.0,1.0,17.0,51.0,0.42,2.4,21.25,122.4,0.02,6.8,5,0,0,0,3.0,5.0,9.0,8.0,1.0,False
13.0,3.0,1.0,2.0,47.0,209.59,0.08,12.6,16.63,2640.88,0.07,146.72,9,0,2,0,12.0,10.0,26.0,21.0,5.0,False
7.0,4.0,4.0,4.0,19.0,68.11,0.1,10.5,6.49,715.2,0.02,39.73,5,0,0,0,9.0,3.0,12.0,7.0,7.0,False
46.0,6.0,1.0,5.0,144.0,738.62,0.04,24.42,30.25,18037.8,0.25,1002.1,39,0,4,0,16.0,19.0,86.0,58.0,11.0,False
15.0,3.0,3.0,3.0,27.0,114.69,0.15,6.87,16.68,788.52,0.04,43.81,7,0,6,0,11.0,8.0,17.0,10.0,5.0,False
10.0,1.0,1.0,1.0,22.0,85.95,0.3,3.33,25.79,286.51,0.03,15.92,5,1,2,0,6.0,9.0,12.0,10.0,1.0,False
159.0,30.0,22.0,17.0,569.0,3617.45,0.02,47.36,76.37,171338.24,1.21,9518.79,129,7,21,0,23.0,59.0,326.0,243.0,59.0,False
16.0,1.0,1.0,1.0,41.0,177.2,0.13,7.5,23.63,1328.99,0.06,73.83,9,1,4,0,10.0,10.0,26.0,15.0,1.0,False
12.0,1.0,1.0,1.0,6.0,15.51,0.4,2.5,6.2,38.77,0.01,2.15,1,5,2,1,5.0,1.0,5.0,1.0,1.0,False
7.0,1.0,1.0,1.0,16.0,44.92,0.25,4.0,11.23,179.67,0.01,9.98,4,1,0,0,4.0,3.0,10.0,6.0,1.0,False
22.0,1.0,1.0,1.0,51.0,212.67,0.17,6.0,35.44,1276.0,0.07,70.89,11,4,5,0,6.0,12.0,27.0,24.0,1.0,False
17.0,5.0,3.0,1.0,0.0,0.0,0.0,0.0,0.0,0.0,0.0,0.0,0,0,0,0,0.0,0.0,0.0,0.0,9.0,False
4.0,1.0,1.0,1.0,5.0,11.61,0.67,1.5,7.74,17.41,0.0,0.97,2,0,0,0,3.0,2.0,3.0,2.0,1.0,False
4.0,1.0,1.0,1.0,4.0,8.0,0.67,1.5,5.33,12.0,0.0,0.67,2,0,0,0,3.0,1.0,3.0,1.0,1.0,False
28.0,3.0,1.0,2.0,92.0,489.62,0.07,14.0,34.97,6854.64,0.16,380.81,19,2,4,0,16.0,24.0,50.0,42.0,5.0,False
30.0,2.0,1.0,2.0,82.0,420.6,0.09,11.0,38.24,4626.61,0.14,257.02,24,0,3,0,14.0,21.0,49.0,33.0,3.0,False
61.0,11.0,1.0,5.0,180.0,1005.29,0.03,32.15,31.27,32324.04,0.34,1795.78,55,0,4,0,22.0,26.0,104.0,76.0,21.0,False
8.0,1.0,1.0,1.0,19.0,74.23,0.19,5.25,14.14,389.71,0.02,21.65,5,0,1,0,9.0,6.0,12.0,7.0,1.0,False
40.0,5.0,1.0,5.0,83.0,425.73,0.12,8.48,50.21,3609.84,0.14,200.55,28,2,6,2,11.0,24.0,46.0,37.0,9.0,False
4.0,1.0,1.0,1.0,9.0,27.0,0.5,2.0,13.5,54.0,0.01,3.0,2,0,0,0,4.0,4.0,5.0,4.0,1.0,False
9.0,1.0,1.0,1.0,24.0,100.08,0.1,10.4,9.62,1040.81,0.03,57.82,6,0,1,0,13.0,5.0,16.0,8.0,1.0,False
57.0,7.0,7.0,7.0,189.0,1025.56,0.03,31.98,32.07,32794.73,0.34,1821.93,36,10,9,0,21.0,22.0,122.0,67.0,13.0,False
27.0,8.0,1.0,1.0,0.0,0.0,0.0,0.0,0.0,0.0,0.0,0.0,0,0,0,0,0.0,0.0,0.0,0.0,15.0,False
14.0,1.0,1.0,1.0,62.0,301.19,0.09,10.56,28.52,3181.37,0.1,176.74,11,0,1,0,13.0,16.0,36.0,26.0,1.0,False
11.0,5.0,3.0,3.0,32.0,140.55,0.1,9.75,14.42,1370.4,0.05,76.13,8,0,1,0,13.0,8.0,20.0,12.0,9.0,False
6.0,1.0,1.0,1.0,0.0,0.0,0.0,0.0,0.0,0.0,0.0,0.0,0,0,0,0,0.0,0.0,0.0,0.0,1.0,False
5.0,2.0,1.0,1.0,15.0,55.51,0.29,3.5,15.86,194.27,0.02,10.79,3,0,0,0,7.0,6.0,9.0,6.0,3.0,False
53.0,8.0,1.0,8.0,172.0,902.64,0.03,36.11,25.0,32595.46,0.3,1810.86,46,0,5,0,20.0,18.0,107.0,65.0,14.0,False
6.0,2.0,1.0,2.0,19.0,70.31,0.26,3.86,18.23,271.19,0.02,15.07,4,0,0,0,6.0,7.0,10.0,9.0,3.0,False
7.0,1.0,1.0,1.0,15.0,51.89,0.24,4.2,12.36,217.94,0.02,12.11,4,0,1,0,6.0,5.0,8.0,7.0,1.0,False
18.0,8.0,3.0,1.0,0.0,0.0,0.0,0.0,0.0,0.0,0.0,0.0,0,0,0,0,0.0,0.0,0.0,0.0,15.0,False
28.0,13.0,13.0,13.0,0.0,0.0,0.0,0.0,0.0,0.0,0.0,0.0,0,0,0,0,0.0,0.0,0.0,0.0,25.0,True
14.0,1.0,1.0,1.0,43.0,194.51,0.19,5.14,37.82,1000.35,0.06,55.58,9,0,3,0,9.0,14.0,27.0,16.0,1.0,False
4.0,1.0,1.0,1.0,7.0,19.65,0.5,2.0,9.83,39.3,0.01,2.18,2,0,0,0,4.0,3.0,4.0,3.0,1.0,False
19.0,6.0,6.0,1.0,62.0,284.27,0.04,23.33,12.18,6632.91,0.09,368.5,16,0,3,0,15.0,9.0,34.0,28.0,11.0,False
7.0,3.0,1.0,2.0,19.0,76.0,0.15,6.67,11.4,506.67,0.03,28.15,5,0,0,0,10.0,6.0,11.0,8.0,5.0,False
29.0,6.0,1.0,4.0,85.0,425.0,0.07,13.68,31.06,5815.79,0.14,323.1,20,2,5,0,13.0,19.0,45.0,40.0,11.0,True
109.0,18.0,10.0,16.0,474.0,2952.46,0.03,39.86,74.07,117688.34,0.98,6538.24,94,0,10,0,21.0,54.0,269.0,205.0,35.0,False
14.0,1.0,1.0,1.0,117.0,513.9,0.09,11.2,45.88,5755.69,0.17,319.76,10,0,2,0,6.0,15.0,61.0,56.0,1.0,False
5.0,1.0,1.0,1.0,10.0,31.7,0.33,3.0,10.57,95.1,0.01,5.28,3,0,0,0,6.0,3.0,7.0,3.0,1.0,False
4.0,1.0,1.0,1.0,5.0,11.61,0.67,1.5,7.74,17.41,0.0,0.97,2,0,0,0,3.0,2.0,3.0,2.0,1.0,False
34.0,5.0,1.0,1.0,84.0,379.98,0.05,19.5,19.49,7409.59,0.13,411.64,20,3,8,0,13.0,10.0,54.0,30.0,9.0,False
17.0,3.0,1.0,2.0,51.0,227.43,0.07,13.72,16.57,3120.86,0.08,173.38,13,0,2,0,13.0,9.0,32.0,19.0,5.0,False
22.0,3.0,1.0,1.0,58.0,265.93,0.1,9.64,27.58,2564.3,0.09,142.46,18,0,2,0,10.0,14.0,31.0,27.0,5.0,False
15.0,2.0,1.0,1.0,38.0,166.91,0.17,6.0,27.82,1001.45,0.06,55.64,10,0,3,0,9.0,12.0,22.0,16.0,3.0,False
4.0,1.0,1.0,1.0,9.0,27.0,0.33,3.0,9.0,81.0,0.01,4.5,2,0,0,0,6.0,2.0,7.0,2.0,1.0,False
14.0,3.0,1.0,2.0,41.0,177.2,0.15,6.55,27.07,1159.85,0.06,64.44,8,2,1,0,9.0,11.0,25.0,16.0,5.0,False
11.0,2.0,1.0,2.0,32.0,138.3,0.17,6.0,23.05,829.81,0.05,46.1,7,0,2,0,10.0,10.0,20.0,12.0,3.0,False
4.0,1.0,1.0,1.0,8.0,24.0,0.33,3.0,8.0,72.0,0.01,4.0,2,0,0,0,6.0,2.0,6.0,2.0,1.0,False
7.0,1.0,1.0,1.0,16.0,59.21,0.24,4.08,14.5,241.76,0.02,13.43,4,0,1,0,7.0,6.0,9.0,7.0,1.0,False
4.0,1.0,1.0,1.0,7.0,19.65,0.5,2.0,9.83,39.3,0.01,2.18,2,0,0,0,4.0,3.0,4.0,3.0,1.0,False
63.0,6.0,1.0,3.0,0.0,0.0,0.0,0.0,0.0,0.0,0.0,0.0,0,0,0,0,0.0,0.0,0.0,0.0,11.0,False
12.0,1.0,1.0,1.0,0.0,0.0,0.0,0.0,0.0,0.0,0.0,0.0,0,0,0,0,0.0,0.0,0.0,0.0,1.0,False
5.0,1.0,1.0,1.0,17.0,60.94,0.29,3.5,17.41,213.31,0.02,11.85,3,0,0,0,6.0,6.0,10.0,7.0,1.0,False
23.0,4.0,1.0,2.0,60.0,282.03,0.06,16.36,17.23,4614.98,0.09,256.39,16,1,4,0,15.0,11.0,36.0,24.0,7.0,False
11.0,2.0,1.0,2.0,17.0,60.94,0.24,4.2,14.51,255.97,0.02,14.22,7,0,2,0,7.0,5.0,11.0,6.0,3.0,False
26.0,10.0,9.0,2.0,79.0,371.33,0.03,34.88,10.65,12950.3,0.12,719.46,18,2,4,0,18.0,8.0,48.0,31.0,19.0,False
93.0,5.0,1.0,5.0,335.0,2073.59,0.03,28.68,72.3,59469.03,0.69,3303.84,86,1,4,0,20.0,53.0,184.0,152.0,9.0,False
10.0,2.0,1.0,2.0,30.0,129.66,0.1,9.75,13.3,1264.16,0.04,70.23,7,0,1,0,12.0,8.0,17.0,13.0,3.0,False
9.0,2.0,1.0,1.0,26.0,93.21,0.12,8.4,11.1,782.96,0.03,43.5,8,1,0,0,7.0,5.0,14.0,12.0,3.0,False
14.0,2.0,1.0,1.0,0.0,0.0,0.0,0.0,0.0,0.0,0.0,0.0,0,0,0,0,0.0,0.0,0.0,0.0,3.0,False
7.0,3.0,1.0,3.0,0.0,0.0,0.0,0.0,0.0,0.0,0.0,0.0,0,0,0,0,0.0,0.0,0.0,0.0,5.0,False
28.0,3.0,1.0,3.0,0.0,0.0,0.0,0.0,0.0,0.0,0.0,0.0,0,0,0,0,0.0,0.0,0.0,0.0,5.0,False
11.0,2.0,1.0,2.0,18.0,68.53,0.19,5.33,12.85,365.51,0.02,20.31,7,0,2,0,8.0,6.0,10.0,8.0,3.0,False
10.0,2.0,1.0,2.0,16.0,55.35,0.21,4.8,11.53,265.68,0.02,14.76,7,0,1,0,6.0,5.0,8.0,8.0,3.0,False
10.0,3.0,3.0,1.0,22.0,89.92,0.16,6.42,14.01,577.01,0.03,32.06,6,0,2,0,11.0,6.0,15.0,7.0,5.0,False
74.0,15.0,11.0,10.0,221.0,1213.7,0.04,25.1,48.35,30468.04,0.4,1692.67,53,8,9,0,16.0,29.0,130.0,91.0,29.0,False
17.0,2.0,1.0,2.0,83.0,422.26,0.1,9.8,43.07,4139.97,0.14,230.0,15,0,2,0,11.0,23.0,42.0,41.0,3.0,False
34.0,34.0,34.0,34.0,266.0,1415.63,0.06,17.64,80.26,24968.83,0.47,1387.16,26,3,3,0,11.0,29.0,173.0,93.0,67.0,False
60.0,21.0,13.0,8.0,207.0,1297.22,0.02,41.9,30.96,54350.39,0.43,3019.47,46,2,9,1,38.0,39.0,121.0,86.0,35.0,False
23.0,5.0,1.0,2.0,55.0,241.58,0.06,17.06,14.16,4121.92,0.08,229.0,17,0,4,0,13.0,8.0,34.0,21.0,9.0,False
18.0,3.0,1.0,2.0,38.0,161.42,0.14,7.2,22.42,1162.23,0.05,64.56,13,0,3,0,9.0,10.0,22.0,16.0,5.0,False
202.0,6.0,1.0,6.0,0.0,0.0,0.0,0.0,0.0,0.0,0.0,0.0,0,0,0,0,0.0,0.0,0.0,0.0,11.0,False
12.0,1.0,1.0,1.0,0.0,0.0,0.0,0.0,0.0,0.0,0.0,0.0,0,0,0,0,0.0,0.0,0.0,0.0,1.0,False
282.0,1.0,1.0,1.0,885.0,6214.8,0.04,25.7,241.86,159693.22,2.07,8871.85,164,67,49,0,15.0,115.0,491.0,394.0,1.0,False
25.0,7.0,4.0,1.0,0.0,0.0,0.0,0.0,0.0,0.0,0.0,0.0,0,0,0,0,0.0,0.0,0.0,0.0,13.0,False
193.0,35.0,16.0,24.0,595.0,3570.0,0.01,67.04,53.25,239320.61,1.19,13295.59,157,22,12,0,23.0,41.0,356.0,239.0,69.0,True
5.0,1.0,1.0,1.0,9.0,25.27,0.38,2.67,9.47,67.38,0.01,3.74,3,0,0,0,4.0,3.0,5.0,4.0,1.0,False
46.0,3.0,1.0,3.0,134.0,760.1,0.09,11.54,65.86,8772.02,0.25,487.33,39,0,5,0,14.0,37.0,73.0,61.0,5.0,False
11.0,2.0,1.0,2.0,43.0,197.15,0.18,5.7,34.59,1123.77,0.07,62.43,6,0,3,0,9.0,15.0,24.0,19.0,3.0,False
34.0,3.0,1.0,3.0,135.0,723.27,0.08,13.0,55.64,9402.5,0.24,522.36,25,0,5,0,13.0,28.0,79.0,56.0,5.0,False
27.0,11.0,1.0,11.0,110.0,544.96,0.13,7.88,69.2,4291.57,0.18,238.42,23,0,1,1,7.0,24.0,56.0,54.0,21.0,False
4.0,1.0,1.0,1.0,6.0,15.51,0.5,2.0,7.75,31.02,0.01,1.72,2,0,0,0,4.0,2.0,4.0,2.0,1.0,False
12.0,2.0,1.0,2.0,19.0,65.73,0.28,3.6,18.26,236.63,0.02,13.15,10,0,0,0,6.0,5.0,13.0,6.0,3.0,False
21.0,2.0,1.0,2.0,109.0,524.0,0.07,13.89,37.73,7277.8,0.17,404.32,17,1,1,0,10.0,18.0,59.0,50.0,3.0,False
145.0,7.0,1.0,7.0,402.0,2653.16,0.03,31.25,84.9,82911.41,0.88,4606.19,99,18,13,13,25.0,72.0,222.0,180.0,9.0,False
24.0,12.0,11.0,2.0,96.0,527.22,0.08,12.14,43.44,6399.33,0.18,355.52,20,0,2,0,16.0,29.0,52.0,44.0,23.0,False
20.0,6.0,5.0,1.0,55.0,258.51,0.05,18.89,13.69,4883.23,0.09,271.29,16,0,2,0,17.0,9.0,35.0,20.0,11.0,False
64.0,8.0,5.0,6.0,295.0,1776.6,0.03,30.78,57.71,54690.97,0.59,3038.39,50,8,6,0,21.0,44.0,166.0,129.0,15.0,False
120.0,5.0,1.0,4.0,745.0,4905.8,0.03,31.45,156.0,154274.41,1.64,8570.8,77,16,23,0,20.0,76.0,506.0,239.0,9.0,False
25.0,7.0,5.0,4.0,85.0,428.77,0.07,14.74,29.1,6318.77,0.14,351.04,21,0,2,0,14.0,19.0,45.0,40.0,13.0,False
44.0,6.0,3.0,5.0,122.0,644.82,0.06,15.65,41.2,10092.82,0.21,560.71,40,0,2,0,16.0,23.0,77.0,45.0,11.0,False
69.0,3.0,1.0,3.0,300.0,1772.07,0.05,19.93,88.89,35325.77,0.59,1962.54,55,0,12,0,14.0,46.0,169.0,131.0,5.0,False
15.0,2.0,1.0,2.0,25.0,89.62,0.16,6.3,14.23,564.63,0.03,31.37,12,0,1,0,7.0,5.0,16.0,9.0,3.0,False
9.0,3.0,3.0,2.0,18.0,70.32,0.19,5.25,13.4,369.2,0.02,20.51,8,0,1,0,9.0,6.0,11.0,7.0,5.0,False
123.0,4.0,1.0,4.0,509.0,3359.36,0.04,25.7,130.72,86326.6,1.12,4795.92,71,23,21,0,21.0,76.0,323.0,186.0,7.0,False
6.0,1.0,1.0,1.0,36.0,155.59,0.27,3.64,42.71,566.79,0.05,31.49,4,0,0,0,6.0,14.0,19.0,17.0,1.0,False
28.0,3.0,1.0,3.0,107.0,544.36,0.07,13.36,40.73,7274.61,0.18,404.14,20,0,6,0,12.0,22.0,58.0,49.0,5.0,False
88.0,20.0,15.0,9.0,0.0,0.0,0.0,0.0,0.0,0.0,0.0,0.0,0,0,0,0,0.0,0.0,0.0,0.0,39.0,False
6.0,1.0,1.0,1.0,9.0,25.27,0.67,1.5,16.84,37.9,0.01,2.11,3,0,1,0,3.0,4.0,5.0,4.0,1.0,False
31.0,13.0,13.0,2.0,106.0,504.02,0.05,21.25,23.72,10710.38,0.17,595.02,25,0,4,0,15.0,12.0,74.0,34.0,25.0,False
21.0,3.0,1.0,3.0,27.0,112.59,0.18,5.5,20.47,619.23,0.04,34.4,11,6,2,0,9.0,9.0,16.0,11.0,5.0,False
23.0,2.0,1.0,1.0,43.0,185.84,0.07,13.93,13.34,2588.53,0.06,143.81,11,6,3,0,13.0,7.0,28.0,15.0,3.0,False
135.0,25.0,21.0,16.0,0.0,0.0,0.0,0.0,0.0,0.0,0.0,0.0,0,0,0,0,0.0,0.0,0.0,0.0,49.0,False
5.0,1.0,1.0,1.0,14.0,50.19,0.22,4.5,11.15,225.85,0.02,12.55,3,0,0,0,9.0,3.0,11.0,3.0,1.0,False
26.0,6.0,5.0,2.0,0.0,0.0,0.0,0.0,0.0,0.0,0.0,0.0,0,0,0,0,0.0,0.0,0.0,0.0,11.0,False
33.0,6.0,5.0,3.0,0.0,0.0,0.0,0.0,0.0,0.0,0.0,0.0,0,0,0,0,0.0,0.0,0.0,0.0,11.0,False
53.0,4.0,1.0,3.0,0.0,0.0,0.0,0.0,0.0,0.0,0.0,0.0,0,0,0,0,0.0,0.0,0.0,0.0,7.0,False
8.0,3.0,3.0,2.0,20.0,81.75,0.22,4.5,18.17,367.87,0.03,20.44,4,0,2,0,9.0,8.0,12.0,8.0,5.0,False
21.0,4.0,4.0,4.0,0.0,0.0,0.0,0.0,0.0,0.0,0.0,0.0,0,0,0,0,0.0,0.0,0.0,0.0,7.0,False
66.0,1.0,1.0,1.0,146.0,840.21,0.11,8.95,93.84,7522.84,0.28,417.94,30,16,9,9,11.0,43.0,76.0,70.0,1.0,False
44.0,13.0,1.0,1.0,69.0,374.41,0.11,9.36,40.0,3504.5,0.12,194.69,30,0,12,0,18.0,25.0,43.0,26.0,14.0,False
8.0,2.0,1.0,2.0,0.0,0.0,0.0,0.0,0.0,0.0,0.0,0.0,0,0,0,0,0.0,0.0,0.0,0.0,3.0,False
76.0,50.0,49.0,38.0,435.0,2558.95,0.04,26.42,96.85,67608.61,0.85,3756.03,63,5,6,0,15.0,44.0,280.0,155.0,99.0,False
17.0,3.0,1.0,3.0,37.0,162.52,0.09,10.67,15.24,1733.5,0.05,96.31,12,0,3,0,12.0,9.0,21.0,16.0,5.0,False
22.0,3.0,1.0,2.0,48.0,214.05,0.08,12.6,16.99,2697.06,0.07,149.84,19,0,1,0,12.0,10.0,27.0,21.0,5.0,False
4.0,1.0,1.0,1.0,4.0,8.0,0.67,1.5,5.33,12.0,0.0,0.67,2,0,0,0,3.0,1.0,3.0,1.0,1.0,False
19.0,3.0,1.0,3.0,48.0,210.83,0.1,10.45,20.17,2204.14,0.07,122.45,12,2,3,0,10.0,11.0,25.0,23.0,5.0,False
19.0,4.0,1.0,4.0,54.0,229.39,0.14,7.29,31.46,1672.62,0.08,92.92,15,0,2,0,7.0,12.0,29.0,25.0,7.0,False
4.0,1.0,1.0,1.0,4.0,8.0,0.67,1.5,5.33,12.0,0.0,0.67,2,0,0,0,3.0,1.0,3.0,1.0,1.0,False
5.0,1.0,1.0,1.0,12.0,41.51,0.25,4.0,10.38,166.05,0.01,9.23,3,0,0,0,8.0,3.0,9.0,3.0,1.0,False
17.0,2.0,1.0,2.0,69.0,397.09,0.17,6.02,65.93,2391.55,0.13,132.86,12,0,3,0,10.0,44.0,16.0,53.0,3.0,False
12.0,2.0,1.0,2.0,18.0,68.53,0.16,6.3,10.88,431.75,0.02,23.99,5,2,1,0,9.0,5.0,11.0,7.0,3.0,False
150.0,28.0,22.0,12.0,0.0,0.0,0.0,0.0,0.0,0.0,0.0,0.0,0,0,0,0,0.0,0.0,0.0,0.0,55.0,True
26.0,6.0,5.0,3.0,57.0,276.9,0.09,11.2,24.72,3101.34,0.09,172.3,22,0,2,0,14.0,15.0,33.0,24.0,11.0,False
45.0,4.0,1.0,4.0,151.0,808.99,0.08,12.83,63.04,10382.04,0.27,576.78,35,0,8,0,11.0,30.0,81.0,70.0,7.0,False
47.0,17.0,17.0,13.0,232.0,1251.02,0.02,40.07,31.22,50122.29,0.42,2784.57,40,0,5,0,19.0,23.0,135.0,97.0,33.0,False
15.0,4.0,4.0,1.0,30.0,111.01,0.07,13.5,8.22,1498.68,0.04,83.26,9,0,3,1,9.0,4.0,18.0,12.0,7.0,False
22.0,3.0,1.0,3.0,63.0,299.56,0.09,11.2,26.75,3355.05,0.1,186.39,15,0,4,0,12.0,15.0,35.0,28.0,5.0,False
83.0,10.0,1.0,4.0,0.0,0.0,0.0,0.0,0.0,0.0,0.0,0.0,0,0,0,0,0.0,0.0,0.0,0.0,19.0,False
13.0,1.0,1.0,1.0,0.0,0.0,0.0,0.0,0.0,0.0,0.0,0.0,0,0,0,0,0.0,0.0,0.0,0.0,1.0,False
28.0,1.0,1.0,1.0,93.0,451.79,0.15,6.68,67.62,3018.79,0.15,167.71,18,3,5,0,7.0,22.0,51.0,42.0,1.0,False
11.0,1.0,1.0,1.0,22.0,81.41,0.26,3.86,21.11,314.01,0.03,17.44,5,1,3,0,6.0,7.0,13.0,9.0,1.0,False
6.0,1.0,1.0,1.0,21.0,72.65,0.3,3.33,21.79,242.16,0.02,13.45,4,0,0,0,5.0,6.0,13.0,8.0,1.0,False
127.0,50.0,44.0,3.0,430.0,2589.62,0.02,47.5,54.52,123006.86,0.86,6833.71,108,3,14,0,25.0,40.0,289.0,152.0,98.0,False
20.0,3.0,1.0,3.0,0.0,0.0,0.0,0.0,0.0,0.0,0.0,0.0,0,0,0,0,0.0,0.0,0.0,0.0,5.0,False
9.0,2.0,1.0,2.0,22.0,85.95,0.11,9.0,9.55,773.56,0.03,42.98,4,2,1,0,10.0,5.0,13.0,9.0,3.0,False
59.0,7.0,1.0,1.0,144.0,720.0,0.04,26.06,27.63,18760.0,0.24,1042.22,46,0,6,0,14.0,18.0,77.0,67.0,13.0,False
16.0,3.0,3.0,1.0,34.0,146.95,0.1,10.5,13.99,1542.93,0.05,85.72,12,0,2,0,14.0,6.0,25.0,9.0,5.0,False
11.0,3.0,1.0,3.0,22.0,83.76,0.22,4.5,18.61,376.93,0.03,20.94,9,0,0,0,7.0,7.0,13.0,9.0,5.0,False
84.0,15.0,10.0,5.0,355.0,1960.86,0.02,58.5,33.52,114710.57,0.65,6372.81,69,6,6,0,23.0,23.0,238.0,117.0,29.0,False
24.0,3.0,1.0,3.0,100.0,485.8,0.08,11.84,41.02,5752.87,0.16,319.6,21,0,1,0,10.0,19.0,55.0,45.0,5.0,False
57.0,6.0,1.0,6.0,168.0,840.0,0.03,33.97,24.73,28535.29,0.28,1585.29,51,1,2,1,15.0,17.0,91.0,77.0,9.0,False
38.0,5.0,1.0,1.0,0.0,0.0,0.0,0.0,0.0,0.0,0.0,0.0,0,0,0,0,0.0,0.0,0.0,0.0,9.0,False
75.0,15.0,1.0,15.0,275.0,1510.26,0.05,21.68,69.67,32737.1,0.5,1818.73,61,6,6,0,11.0,34.0,141.0,134.0,29.0,False
4.0,1.0,1.0,1.0,8.0,24.0,0.4,2.5,9.6,60.0,0.01,3.33,2,0,0,0,5.0,3.0,5.0,3.0,1.0,False
81.0,8.0,6.0,4.0,143.0,750.45,0.04,28.33,26.49,21262.85,0.25,1181.27,36,14,24,3,20.0,18.0,92.0,51.0,15.0,False
14.0,2.0,1.0,2.0,53.0,236.35,0.1,9.58,24.66,2265.02,0.08,125.83,10,0,2,0,10.0,12.0,30.0,23.0,3.0,False
12.0,2.0,1.0,2.0,25.0,97.67,0.15,6.86,14.24,669.75,0.03,37.21,8,1,1,0,8.0,7.0,13.0,12.0,3.0,False
43.0,6.0,1.0,3.0,0.0,0.0,0.0,0.0,0.0,0.0,0.0,0.0,0,0,0,0,0.0,0.0,0.0,0.0,11.0,False
17.0,2.0,1.0,2.0,41.0,177.2,0.17,6.0,29.53,1063.19,0.06,59.07,14,0,1,0,8.0,12.0,23.0,18.0,3.0,False
8.0,1.0,1.0,1.0,0.0,0.0,0.0,0.0,0.0,0.0,0.0,0.0,0,0,0,0,0.0,0.0,0.0,0.0,1.0,False
18.0,3.0,1.0,3.0,49.0,218.51,0.08,13.0,16.81,2840.66,0.07,157.81,14,0,2,0,13.0,9.0,31.0,18.0,5.0,False
30.0,5.0,1.0,2.0,0.0,0.0,0.0,0.0,0.0,0.0,0.0,0.0,0,0,0,0,0.0,0.0,0.0,0.0,9.0,False
4.0,1.0,1.0,1.0,4.0,8.0,0.67,1.5,5.33,12.0,0.0,0.67,2,0,0,0,3.0,1.0,3.0,1.0,1.0,False
22.0,1.0,1.0,1.0,59.0,211.51,0.09,11.0,19.23,2326.64,0.07,129.25,8,6,6,0,6.0,6.0,37.0,22.0,1.0,False
27.0,2.0,1.0,2.0,57.0,285.0,0.16,6.14,46.44,1748.86,0.1,97.16,16,4,5,0,10.0,22.0,30.0,27.0,3.0,False
4.0,1.0,1.0,1.0,7.0,19.65,0.5,2.0,9.83,39.3,0.01,2.18,2,0,0,0,4.0,3.0,4.0,3.0,1.0,False
51.0,11.0,1.0,2.0,99.0,515.74,0.07,14.78,34.9,7621.43,0.17,423.41,36,0,11,1,19.0,18.0,71.0,28.0,12.0,False
19.0,3.0,1.0,2.0,38.0,166.91,0.11,8.8,18.97,1468.79,0.06,81.6,14,0,3,0,11.0,10.0,22.0,16.0,5.0,False
35.0,4.0,1.0,3.0,132.0,702.49,0.06,17.37,40.44,12202.02,0.23,677.89,21,4,7,1,17.0,23.0,85.0,47.0,7.0,False
84.0,13.0,1.0,12.0,226.0,1300.6,0.03,35.24,36.91,45835.82,0.43,2546.43,62,17,2,1,23.0,31.0,131.0,95.0,16.0,False
78.0,1.0,1.0,1.0,233.0,1286.99,0.04,22.67,56.78,29171.77,0.43,1620.65,46,12,10,0,16.0,30.0,148.0,85.0,1.0,False
7.0,2.0,1.0,1.0,15.0,51.89,0.19,5.33,9.73,276.75,0.02,15.38,5,0,0,0,8.0,3.0,11.0,4.0,3.0,False
24.0,3.0,1.0,2.0,59.0,263.11,0.09,11.0,23.92,2894.17,0.09,160.79,19,0,3,0,11.0,11.0,37.0,22.0,5.0,False
23.0,10.0,10.0,8.0,106.0,530.0,0.05,21.0,25.24,11130.0,0.18,618.33,18,0,3,0,16.0,16.0,64.0,42.0,19.0,False
5.0,1.0,1.0,1.0,31.0,133.98,0.21,4.67,28.71,625.24,0.04,34.74,3,0,0,0,8.0,12.0,17.0,14.0,1.0,False
61.0,3.0,1.0,2.0,131.0,682.44,0.06,16.7,40.85,11399.82,0.23,633.32,45,4,7,0,15.0,22.0,82.0,49.0,5.0,False
15.0,3.0,3.0,2.0,40.0,183.4,0.13,7.5,24.45,1375.49,0.06,76.42,12,0,1,0,12.0,12.0,25.0,15.0,5.0,False
14.0,2.0,1.0,2.0,37.0,159.91,0.29,3.43,46.64,548.27,0.05,30.46,10,0,2,0,6.0,14.0,21.0,16.0,3.0,False
78.0,15.0,12.0,8.0,0.0,0.0,0.0,0.0,0.0,0.0,0.0,0.0,0,0,0,0,0.0,0.0,0.0,0.0,29.0,False
84.0,9.0,1.0,4.0,0.0,0.0,0.0,0.0,0.0,0.0,0.0,0.0,0,0,0,0,0.0,0.0,0.0,0.0,17.0,False
10.0,1.0,1.0,1.0,34.0,149.34,0.15,6.82,21.9,1018.22,0.05,56.57,6,0,2,0,10.0,11.0,19.0,15.0,1.0,False
7.0,1.0,1.0,1.0,0.0,0.0,0.0,0.0,0.0,0.0,0.0,0.0,0,0,0,0,0.0,0.0,0.0,0.0,1.0,False
27.0,3.0,1.0,1.0,68.0,288.86,0.05,19.25,15.01,5560.54,0.1,308.92,18,3,3,0,11.0,8.0,40.0,28.0,5.0,False
19.0,1.0,1.0,1.0,63.0,280.94,0.13,7.92,35.49,2224.14,0.09,123.56,12,0,4,0,10.0,12.0,44.0,19.0,1.0,False
12.0,1.0,1.0,1.0,36.0,152.93,0.15,6.67,22.94,1019.5,0.05,56.64,7,0,2,0,10.0,9.0,24.0,12.0,1.0,False
29.0,4.0,1.0,3.0,98.0,494.35,0.05,18.82,26.26,9305.42,0.16,516.97,22,2,3,0,16.0,17.0,58.0,40.0,7.0,False
141.0,3.0,1.0,3.0,498.0,2467.19,0.02,65.05,37.93,160497.19,0.82,8916.51,103,6,30,0,12.0,19.0,292.0,206.0,5.0,False
17.0,3.0,1.0,1.0,36.0,150.12,0.12,8.13,18.48,1219.7,0.05,67.76,14,0,3,0,10.0,8.0,23.0,13.0,5.0,False
58.0,7.0,1.0,2.0,175.0,890.31,0.03,39.27,22.67,34959.35,0.3,1942.19,44,3,8,0,19.0,15.0,113.0,62.0,13.0,False
51.0,7.0,4.0,7.0,166.0,959.71,0.09,10.88,88.18,10445.17,0.32,580.29,36,4,7,1,12.0,43.0,88.0,78.0,13.0,False
99.0,12.0,5.0,4.0,201.0,1097.35,0.02,41.5,26.44,45539.85,0.37,2529.99,44,20,27,2,22.0,22.0,118.0,83.0,23.0,False
46.0,13.0,1.0,13.0,0.0,0.0,0.0,0.0,0.0,0.0,0.0,0.0,0,0,0,0,0.0,0.0,0.0,0.0,14.0,False
31.0,5.0,5.0,1.0,0.0,0.0,0.0,0.0,0.0,0.0,0.0,0.0,0,0,0,0,0.0,0.0,0.0,0.0,9.0,False
69.0,16.0,14.0,3.0,0.0,0.0,0.0,0.0,0.0,0.0,0.0,0.0,0,0,0,0,0.0,0.0,0.0,0.0,31.0,False
136.0,25.0,4.0,12.0,756.0,4919.89,0.02,48.15,102.18,236892.84,1.64,13160.71,108,3,20,3,21.0,70.0,435.0,321.0,49.0,False
20.0,12.0,7.0,5.0,368.0,1984.37,0.02,56.0,35.44,111124.88,0.66,6173.6,11,0,3,4,24.0,18.0,284.0,84.0,23.0,False
13.0,2.0,1.0,2.0,33.0,140.18,0.18,5.45,25.7,764.63,0.05,42.48,8,0,3,0,8.0,11.0,18.0,15.0,3.0,False
28.0,4.0,1.0,3.0,0.0,0.0,0.0,0.0,0.0,0.0,0.0,0.0,0,0,0,0,0.0,0.0,0.0,0.0,7.0,False
6.0,3.0,3.0,2.0,15.0,58.6,0.22,4.5,13.02,263.72,0.02,14.65,3,0,1,0,9.0,6.0,9.0,6.0,5.0,False
25.0,5.0,1.0,1.0,0.0,0.0,0.0,0.0,0.0,0.0,0.0,0.0,0,0,0,0,0.0,0.0,0.0,0.0,9.0,False
14.0,2.0,1.0,2.0,50.0,222.97,0.1,10.2,21.86,2274.31,0.07,126.35,11,0,1,0,12.0,10.0,33.0,17.0,3.0,False
30.0,5.0,1.0,3.0,109.0,602.07,0.06,16.14,37.27,9725.72,0.2,540.32,25,0,3,0,20.0,26.0,67.0,42.0,8.0,False
104.0,9.0,1.0,7.0,0.0,0.0,0.0,0.0,0.0,0.0,0.0,0.0,0,0,0,0,0.0,0.0,0.0,0.0,17.0,False
10.0,2.0,1.0,2.0,29.0,123.19,0.11,8.94,13.78,1101.01,0.04,61.17,7,0,1,0,11.0,8.0,16.0,13.0,3.0,False
4.0,1.0,1.0,1.0,7.0,19.65,0.4,2.5,7.86,49.13,0.01,2.73,2,0,0,0,5.0,2.0,5.0,2.0,1.0,False
4.0,1.0,1.0,1.0,7.0,19.65,0.5,2.0,9.83,39.3,0.01,2.18,2,0,0,0,4.0,3.0,4.0,3.0,1.0,False
10.0,1.0,1.0,1.0,16.0,55.35,0.11,9.0,6.15,498.16,0.02,27.68,4,0,3,0,9.0,2.0,12.0,4.0,1.0,False
18.0,3.0,3.0,1.0,42.0,189.99,0.08,12.44,15.27,2364.32,0.06,131.35,11,0,3,1,14.0,9.0,26.0,16.0,5.0,False
33.0,12.0,8.0,7.0,146.0,760.58,0.04,24.38,31.2,18543.67,0.25,1030.2,20,8,3,0,16.0,21.0,82.0,64.0,23.0,False
7.0,1.0,1.0,1.0,11.0,33.0,0.67,1.5,22.0,49.5,0.01,2.75,4,0,1,0,3.0,5.0,6.0,5.0,1.0,False
27.0,10.0,10.0,1.0,0.0,0.0,0.0,0.0,0.0,0.0,0.0,0.0,0,0,0,0,0.0,0.0,0.0,0.0,19.0,False
7.0,1.0,1.0,1.0,13.0,41.21,0.32,3.12,13.19,128.78,0.01,7.15,5,0,0,0,5.0,4.0,8.0,5.0,1.0,False
26.0,10.0,10.0,5.0,104.0,520.0,0.04,27.04,19.23,14060.0,0.17,781.11,18,2,3,0,19.0,13.0,67.0,37.0,19.0,False
17.0,2.0,1.0,2.0,56.0,272.05,0.16,6.32,43.07,1718.19,0.09,95.46,13,0,1,0,10.0,19.0,32.0,24.0,3.0,False
20.0,1.0,1.0,1.0,58.0,262.37,0.2,5.12,51.27,1342.7,0.09,74.59,15,1,2,0,6.0,17.0,29.0,29.0,1.0,False
7.0,1.0,1.0,1.0,10.0,30.0,0.5,2.0,15.0,60.0,0.01,3.33,3,1,1,0,4.0,4.0,6.0,4.0,1.0,False
138.0,1.0,1.0,1.0,422.0,2682.89,0.06,16.2,165.61,43462.77,0.89,2414.6,86,27,23,0,12.0,70.0,233.0,189.0,1.0,False
2.0,1.0,1.0,1.0,1.0,0.0,0.0,0.0,0.0,0.0,0.0,0.0,1,0,0,0,1.0,0.0,1.0,0.0,1.0,False
5.0,1.0,1.0,1.0,6.0,15.51,0.5,2.0,7.75,31.02,0.01,1.72,2,0,1,0,4.0,2.0,4.0,2.0,1.0,False
229.0,8.0,5.0,8.0,914.0,6149.32,0.02,56.83,108.2,349486.31,2.05,19415.91,192,10,22,3,22.0,84.0,480.0,434.0,15.0,False
10.0,2.0,1.0,1.0,16.0,55.35,0.21,4.8,11.53,265.68,0.02,14.76,6,0,2,0,6.0,5.0,8.0,8.0,3.0,False
36.0,4.0,3.0,4.0,47.0,212.61,0.23,4.27,49.83,907.12,0.07,50.4,16,13,5,0,8.0,15.0,31.0,16.0,7.0,False
33.0,2.0,1.0,2.0,0.0,0.0,0.0,0.0,0.0,0.0,0.0,0.0,0,0,0,0,0.0,0.0,0.0,0.0,3.0,True
8.0,2.0,1.0,2.0,11.0,36.54,0.33,3.0,12.18,109.62,0.01,6.09,5,1,0,0,6.0,4.0,7.0,4.0,3.0,False
5.0,1.0,1.0,1.0,4.0,8.0,0.67,1.5,5.33,12.0,0.0,0.67,2,0,1,0,3.0,1.0,3.0,1.0,1.0,False
15.0,3.0,1.0,3.0,51.0,233.83,0.1,10.05,23.28,2348.96,0.08,130.5,9,0,4,0,13.0,11.0,34.0,17.0,5.0,False
22.0,5.0,1.0,3.0,65.0,322.02,0.07,15.23,21.14,4904.65,0.11,272.48,17,0,3,0,18.0,13.0,43.0,22.0,7.0,False
4.0,2.0,1.0,1.0,14.0,48.43,0.19,5.33,9.08,258.3,0.02,14.35,2,0,0,0,8.0,3.0,10.0,4.0,3.0,False
31.0,3.0,1.0,3.0,69.0,324.33,0.06,15.75,20.59,5108.2,0.11,283.79,15,7,2,0,14.0,12.0,42.0,27.0,5.0,False
4.0,1.0,1.0,1.0,9.0,27.0,0.5,2.0,13.5,54.0,0.01,3.0,2,0,0,0,4.0,4.0,5.0,4.0,1.0,False
11.0,1.0,1.0,1.0,45.0,197.65,0.11,8.8,22.46,1739.36,0.07,96.63,6,0,3,0,11.0,10.0,29.0,16.0,1.0,False
31.0,7.0,1.0,3.0,78.0,357.63,0.05,21.7,16.48,7760.51,0.12,431.14,22,2,5,0,14.0,10.0,47.0,31.0,13.0,False
5.0,1.0,1.0,1.0,17.0,60.94,0.29,3.5,17.41,213.31,0.02,11.85,3,0,0,0,6.0,6.0,10.0,7.0,1.0,False
5.0,1.0,1.0,1.0,4.0,8.0,0.67,1.5,5.33,12.0,0.0,0.67,2,0,1,0,3.0,1.0,3.0,1.0,1.0,False
27.0,3.0,1.0,3.0,69.0,307.7,0.08,12.5,24.62,3846.26,0.1,213.68,19,4,2,0,10.0,12.0,39.0,30.0,5.0,False
24.0,4.0,1.0,2.0,74.0,373.29,0.06,17.64,21.16,6585.82,0.12,365.88,18,0,4,0,19.0,14.0,48.0,26.0,7.0,False
14.0,3.0,1.0,3.0,35.0,145.95,0.18,5.6,26.06,817.31,0.05,45.41,12,0,0,0,8.0,10.0,21.0,14.0,5.0,False
11.0,2.0,1.0,2.0,29.0,120.93,0.14,7.0,17.28,846.49,0.04,47.03,7,0,2,0,9.0,9.0,15.0,14.0,3.0,False
19.0,6.0,4.0,4.0,86.0,421.99,0.06,18.0,23.44,7595.87,0.14,421.99,12,4,1,0,15.0,15.0,50.0,36.0,11.0,False
16.0,5.0,1.0,2.0,56.0,224.0,0.06,17.5,12.8,3920.0,0.07,217.78,11,1,1,0,10.0,6.0,35.0,21.0,9.0,False
24.0,1.0,1.0,1.0,36.0,147.15,0.23,4.36,33.72,642.1,0.05,35.67,11,8,3,0,6.0,11.0,20.0,16.0,1.0,False
9.0,3.0,1.0,3.0,43.0,191.76,0.18,5.43,35.32,1040.96,0.06,57.83,7,0,0,0,8.0,14.0,24.0,19.0,5.0,False
27.0,5.0,1.0,4.0,62.0,276.48,0.11,9.35,29.58,2584.07,0.09,143.56,19,0,2,4,9.0,13.0,35.0,27.0,9.0,False
472.0,13.0,6.0,7.0,2077.0,15690.88,0.01,70.05,224.01,1099074.9,5.23,61059.72,325,73,72,0,23.0,165.0,1072.0,1005.0,25.0,False
38.0,5.0,1.0,3.0,115.0,594.54,0.04,22.91,25.95,13621.99,0.2,756.78,27,2,6,0,19.0,17.0,74.0,41.0,9.0,False
4.0,1.0,1.0,1.0,5.0,11.61,0.67,1.5,7.74,17.41,0.0,0.97,2,0,0,0,3.0,2.0,3.0,2.0,1.0,False
12.0,2.0,1.0,2.0,34.0,146.95,0.25,4.04,36.39,593.43,0.05,32.97,10,0,0,0,7.0,13.0,19.0,15.0,3.0,False
26.0,8.0,8.0,1.0,69.0,324.33,0.06,17.05,19.03,5528.36,0.11,307.13,21,1,1,0,15.0,11.0,44.0,25.0,15.0,False
4.0,1.0,1.0,1.0,0.0,0.0,0.0,0.0,0.0,0.0,0.0,0.0,0,0,0,0,0.0,0.0,0.0,0.0,1.0,False
47.0,4.0,1.0,4.0,237.0,1243.76,0.04,24.04,51.74,29896.28,0.41,1660.9,33,6,6,0,11.0,27.0,119.0,118.0,7.0,False
28.0,3.0,1.0,2.0,65.0,327.89,0.09,11.29,29.03,3703.18,0.11,205.73,25,0,3,0,16.0,17.0,41.0,24.0,5.0,False
115.0,8.0,1.0,2.0,419.0,2287.5,0.01,69.54,32.89,159072.88,0.76,8837.38,85,14,14,0,19.0,25.0,236.0,183.0,15.0,False
82.0,20.0,14.0,4.0,242.0,1329.03,0.03,30.05,44.22,39942.05,0.44,2219.0,64,9,6,0,17.0,28.0,143.0,99.0,39.0,False
17.0,6.0,4.0,4.0,0.0,0.0,0.0,0.0,0.0,0.0,0.0,0.0,0,0,0,0,0.0,0.0,0.0,0.0,11.0,False
14.0,4.0,1.0,2.0,46.0,205.13,0.08,13.2,15.54,2707.77,0.07,150.43,9,0,3,0,12.0,10.0,24.0,22.0,7.0,False
8.0,2.0,1.0,2.0,8.0,22.46,0.4,2.5,8.98,56.15,0.01,3.12,5,0,1,0,5.0,2.0,6.0,2.0,3.0,False
21.0,1.0,1.0,1.0,38.0,155.32,0.17,5.95,26.1,924.18,0.05,51.34,9,5,5,0,7.0,10.0,21.0,17.0,1.0,False
18.0,2.0,1.0,2.0,45.0,197.65,0.12,8.25,23.96,1630.65,0.07,90.59,12,0,4,0,11.0,10.0,30.0,15.0,3.0,True
40.0,1.0,1.0,1.0,172.0,927.48,0.05,20.0,46.37,18549.57,0.31,1030.53,31,1,5,0,16.0,26.0,107.0,65.0,1.0,False
4.0,1.0,1.0,1.0,5.0,11.61,0.67,1.5,7.74,17.41,0.0,0.97,2,0,0,0,3.0,2.0,3.0,2.0,1.0,False
15.0,6.0,5.0,3.0,193.0,1027.13,0.03,30.44,33.74,31267.11,0.34,1737.06,10,0,2,1,23.0,17.0,148.0,45.0,11.0,False
101.0,9.0,1.0,8.0,597.0,3110.04,0.01,97.9,31.77,304488.08,1.04,16916.0,85,0,13,1,16.0,21.0,340.0,257.0,17.0,False
4.0,1.0,1.0,1.0,6.0,15.51,0.5,2.0,7.75,31.02,0.01,1.72,2,0,0,0,4.0,2.0,4.0,2.0,1.0,False
35.0,1.0,1.0,1.0,94.0,451.89,0.11,9.0,50.21,4067.02,0.15,225.95,20,7,6,0,9.0,19.0,56.0,38.0,1.0,False
27.0,1.0,1.0,1.0,47.0,203.13,0.18,5.65,35.93,1148.47,0.07,63.8,14,8,3,0,7.0,13.0,26.0,21.0,1.0,False
23.0,3.0,1.0,2.0,53.0,236.35,0.09,11.56,20.45,2731.15,0.08,151.73,15,2,4,0,13.0,9.0,37.0,16.0,5.0,False
30.0,3.0,1.0,2.0,102.0,490.35,0.04,24.23,20.24,11881.56,0.16,660.09,19,2,7,0,15.0,13.0,60.0,42.0,5.0,False
12.0,1.0,1.0,1.0,43.0,175.76,0.12,8.44,20.83,1482.98,0.06,82.39,8,0,1,0,9.0,8.0,28.0,15.0,1.0,False
32.0,5.0,3.0,3.0,104.0,505.23,0.06,17.06,29.61,8620.49,0.17,478.92,21,3,2,0,13.0,16.0,62.0,42.0,9.0,False
9.0,3.0,3.0,1.0,19.0,72.34,0.11,8.75,8.27,632.97,0.02,35.17,4,0,1,0,10.0,4.0,12.0,7.0,5.0,False
59.0,8.0,1.0,6.0,204.0,1126.81,0.04,28.15,40.03,31717.52,0.38,1762.08,54,2,1,0,19.0,27.0,124.0,80.0,15.0,False
10.0,1.0,1.0,1.0,44.0,204.33,0.17,5.91,34.6,1206.82,0.07,67.05,7,0,1,0,9.0,16.0,23.0,21.0,1.0,False
58.0,3.0,3.0,3.0,219.0,1095.0,0.03,33.53,32.65,36714.71,0.37,2039.71,36,6,13,0,15.0,17.0,143.0,76.0,5.0,False
16.0,4.0,3.0,1.0,0.0,0.0,0.0,0.0,0.0,0.0,0.0,0.0,0,0,0,0,0.0,0.0,0.0,0.0,7.0,False
86.0,3.0,3.0,3.0,0.0,0.0,0.0,0.0,0.0,0.0,0.0,0.0,0,0,0,0,0.0,0.0,0.0,0.0,5.0,False
12.0,2.0,1.0,2.0,35.0,156.08,0.12,8.5,18.36,1326.68,0.05,73.7,9,0,1,0,11.0,11.0,18.0,17.0,3.0,False
40.0,6.0,1.0,5.0,0.0,0.0,0.0,0.0,0.0,0.0,0.0,0.0,0,0,0,0,0.0,0.0,0.0,0.0,11.0,False
119.0,1.0,1.0,1.0,605.0,3559.0,0.04,25.56,139.24,90968.02,1.19,5053.78,73,16,27,0,9.0,50.0,321.0,284.0,1.0,False
32.0,3.0,1.0,3.0,116.0,617.34,0.06,16.36,37.73,10101.99,0.21,561.22,27,0,3,0,18.0,22.0,76.0,40.0,5.0,True
16.0,2.0,1.0,2.0,21.0,75.28,0.13,8.0,9.41,602.27,0.03,33.46,8,4,2,0,8.0,4.0,13.0,8.0,3.0,False
38.0,5.0,1.0,3.0,152.0,803.38,0.04,22.41,35.85,18003.04,0.27,1000.17,29,0,7,0,17.0,22.0,94.0,58.0,9.0,False
23.0,3.0,1.0,1.0,0.0,0.0,0.0,0.0,0.0,0.0,0.0,0.0,0,0,0,0,0.0,0.0,0.0,0.0,5.0,False
131.0,16.0,4.0,3.0,410.0,2606.6,0.03,39.1,66.66,101926.9,0.87,5662.61,95,10,23,1,24.0,58.0,225.0,189.0,31.0,False
24.0,2.0,1.0,2.0,64.0,297.21,0.13,7.53,39.47,2237.79,0.1,124.32,14,1,7,0,8.0,17.0,32.0,32.0,3.0,False
32.0,1.0,1.0,1.0,207.0,1070.17,0.1,9.6,111.48,10273.67,0.36,570.76,26,0,3,0,6.0,30.0,111.0,96.0,1.0,False
26.0,6.0,5.0,6.0,0.0,0.0,0.0,0.0,0.0,0.0,0.0,0.0,0,0,0,0,0.0,0.0,0.0,0.0,11.0,False
4.0,1.0,1.0,1.0,10.0,31.7,0.4,2.5,12.68,79.25,0.01,4.4,2,0,0,0,5.0,4.0,6.0,4.0,1.0,False
19.0,2.0,1.0,2.0,0.0,0.0,0.0,0.0,0.0,0.0,0.0,0.0,0,0,0,0,0.0,0.0,0.0,0.0,3.0,False
24.0,4.0,3.0,3.0,99.0,499.4,0.06,17.0,29.38,8489.72,0.17,471.65,21,0,1,0,17.0,16.0,67.0,32.0,7.0,False
32.0,3.0,1.0,2.0,0.0,0.0,0.0,0.0,0.0,0.0,0.0,0.0,0,0,0,0,0.0,0.0,0.0,0.0,5.0,False
13.0,1.0,1.0,1.0,38.0,161.42,0.29,3.39,47.58,547.68,0.05,30.43,10,0,1,0,5.0,14.0,19.0,19.0,1.0,False
72.0,8.0,6.0,5.0,275.0,1610.94,0.02,44.47,36.22,71639.66,0.54,3979.98,51,11,10,0,24.0,34.0,149.0,126.0,15.0,False
22.0,2.0,1.0,1.0,48.0,225.62,0.09,11.08,20.36,2500.63,0.08,138.92,15,1,3,0,14.0,12.0,29.0,19.0,3.0,False
20.0,1.0,1.0,1.0,0.0,0.0,0.0,0.0,0.0,0.0,0.0,0.0,0,0,0,0,0.0,0.0,0.0,0.0,1.0,True
18.0,1.0,1.0,1.0,36.0,147.15,0.1,10.0,14.71,1471.49,0.05,81.75,9,2,5,0,10.0,7.0,22.0,14.0,1.0,False
28.0,2.0,1.0,2.0,87.0,453.22,0.13,7.59,59.69,3441.13,0.15,191.17,20,1,4,0,10.0,27.0,46.0,41.0,3.0,False
4.0,1.0,1.0,1.0,4.0,8.0,0.67,1.5,5.33,12.0,0.0,0.67,2,0,0,0,3.0,1.0,3.0,1.0,1.0,False
7.0,2.0,1.0,1.0,15.0,51.89,0.19,5.33,9.73,276.75,0.02,15.38,5,0,0,0,8.0,3.0,11.0,4.0,3.0,False
22.0,5.0,1.0,5.0,155.0,846.21,0.09,11.33,74.67,9590.4,0.28,532.8,15,2,3,0,11.0,33.0,87.0,68.0,9.0,False
8.0,1.0,1.0,1.0,0.0,0.0,0.0,0.0,0.0,0.0,0.0,0.0,0,0,0,0,0.0,0.0,0.0,0.0,1.0,False
8.0,1.0,1.0,1.0,26.0,106.27,0.16,6.43,16.53,683.19,0.04,37.96,5,0,1,0,10.0,7.0,17.0,9.0,1.0,False
35.0,5.0,1.0,4.0,85.0,347.43,0.04,24.29,14.31,8437.69,0.12,468.76,27,2,3,0,10.0,7.0,51.0,34.0,9.0,False
7.0,2.0,1.0,2.0,19.0,60.23,0.11,8.75,6.88,527.0,0.02,29.28,5,0,0,0,7.0,2.0,14.0,5.0,3.0,False
178.0,6.0,3.0,4.0,544.0,3689.06,0.03,30.25,121.95,111594.06,1.23,6199.67,109,33,34,0,22.0,88.0,302.0,242.0,11.0,False
42.0,15.0,14.0,2.0,169.0,893.23,0.02,43.84,20.37,39162.68,0.3,2175.7,37,0,3,0,23.0,16.0,110.0,61.0,29.0,False
13.0,2.0,1.0,1.0,24.0,91.38,0.2,5.0,18.28,456.88,0.03,25.38,10,0,1,0,7.0,7.0,14.0,10.0,3.0,False
59.0,8.0,6.0,8.0,233.0,1381.86,0.04,23.9,57.81,33029.87,0.46,1834.99,42,8,7,0,20.0,41.0,135.0,98.0,15.0,False
10.0,3.0,3.0,2.0,17.0,64.73,0.19,5.4,11.99,349.52,0.02,19.42,6,0,2,0,9.0,5.0,11.0,6.0,5.0,False
143.0,53.0,51.0,4.0,344.0,2023.63,0.04,23.48,86.2,47507.1,0.67,2639.28,120,9,12,0,17.0,42.0,228.0,116.0,105.0,False
4.0,1.0,1.0,1.0,3.0,4.75,0.0,0.0,0.0,0.0,0.0,0.0,1,0,0,1,3.0,0.0,3.0,0.0,1.0,False
24.0,6.0,5.0,4.0,80.0,380.39,0.07,14.86,25.6,5651.52,0.13,313.97,10,9,3,0,13.0,14.0,48.0,32.0,11.0,False
24.0,4.0,1.0,3.0,0.0,0.0,0.0,0.0,0.0,0.0,0.0,0.0,0,0,0,0,0.0,0.0,0.0,0.0,7.0,False
118.0,21.0,19.0,19.0,423.0,2711.17,0.03,34.37,78.88,93190.81,0.9,5177.27,93,10,13,0,26.0,59.0,267.0,156.0,40.0,False
20.0,4.0,4.0,2.0,44.0,199.04,0.11,8.73,22.81,1737.05,0.07,96.5,18,0,0,0,12.0,11.0,28.0,16.0,7.0,False
11.0,2.0,1.0,2.0,11.0,34.87,0.25,4.0,8.72,139.48,0.01,7.75,4,2,1,0,6.0,3.0,7.0,4.0,3.0,False
19.0,8.0,4.0,4.0,207.0,1116.21,0.03,34.0,32.83,37951.13,0.37,2108.4,11,0,3,3,24.0,18.0,156.0,51.0,15.0,False
28.0,6.0,1.0,1.0,50.0,232.19,0.11,8.77,26.48,2036.15,0.08,113.12,21,0,5,0,12.0,13.0,31.0,19.0,7.0,False
31.0,3.0,1.0,1.0,65.0,322.02,0.08,12.27,26.25,3950.15,0.11,219.45,22,1,4,0,16.0,15.0,42.0,23.0,5.0,False
4.0,2.0,1.0,1.0,15.0,55.51,0.33,3.0,18.5,166.52,0.02,9.25,2,0,0,0,6.0,7.0,8.0,7.0,3.0,False
73.0,8.0,1.0,3.0,0.0,0.0,0.0,0.0,0.0,0.0,0.0,0.0,0,0,0,0,0.0,0.0,0.0,0.0,15.0,False
5.0,1.0,1.0,1.0,13.0,44.97,0.33,3.0,14.99,134.92,0.01,7.5,3,0,0,0,6.0,5.0,8.0,5.0,1.0,False
5.0,1.0,1.0,1.0,10.0,31.7,0.33,3.0,10.57,95.1,0.01,5.28,3,0,0,0,6.0,3.0,7.0,3.0,1.0,False
24.0,5.0,5.0,3.0,81.0,393.5,0.05,19.08,20.63,7506.7,0.13,417.04,19,0,2,0,16.0,13.0,50.0,31.0,9.0,False
18.0,2.0,1.0,2.0,51.0,252.66,0.18,5.48,46.14,1383.64,0.08,76.87,14,0,1,0,10.0,21.0,28.0,23.0,3.0,False
32.0,4.0,1.0,4.0,63.0,306.05,0.06,17.0,18.0,5202.9,0.1,289.05,24,1,4,0,17.0,12.0,39.0,24.0,7.0,False
23.0,11.0,11.0,11.0,126.0,646.29,0.05,21.47,30.1,13878.22,0.22,771.01,20,0,1,0,16.0,19.0,75.0,51.0,21.0,False
18.0,2.0,1.0,2.0,30.0,125.1,0.23,4.4,28.43,550.43,0.04,30.58,13,1,1,1,8.0,10.0,19.0,11.0,3.0,False
30.0,6.0,1.0,3.0,82.0,402.37,0.07,13.38,30.07,5384.59,0.13,299.14,17,5,6,0,13.0,17.0,47.0,35.0,11.0,False
33.0,1.0,1.0,1.0,68.0,293.89,0.13,7.81,37.64,2294.61,0.1,127.48,12,10,7,0,7.0,13.0,39.0,29.0,1.0,False
88.0,10.0,8.0,9.0,249.0,1526.19,0.05,20.86,73.15,31840.54,0.51,1768.92,58,13,14,1,19.0,51.0,137.0,112.0,18.0,False
51.0,11.0,9.0,3.0,125.0,641.16,0.04,24.94,25.71,15988.94,0.21,888.27,32,9,8,0,19.0,16.0,83.0,42.0,21.0,False
10.0,2.0,1.0,1.0,38.0,166.91,0.15,6.82,24.48,1138.01,0.06,63.22,6,0,1,0,10.0,11.0,23.0,15.0,3.0,False
14.0,2.0,1.0,2.0,37.0,165.0,0.14,7.08,23.29,1168.74,0.05,64.93,9,0,3,0,10.0,12.0,20.0,17.0,3.0,False
21.0,2.0,1.0,2.0,52.0,235.23,0.1,9.82,23.96,2309.48,0.08,128.3,14,0,5,0,12.0,11.0,34.0,18.0,3.0,False
188.0,33.0,24.0,28.0,694.0,4659.69,0.02,48.12,96.84,224202.6,1.55,12455.7,126,26,21,13,27.0,78.0,416.0,278.0,65.0,False
16.0,4.0,3.0,3.0,23.0,92.0,0.2,5.0,18.4,460.0,0.03,25.56,13,0,1,0,10.0,6.0,17.0,6.0,7.0,False
38.0,11.0,11.0,2.0,0.0,0.0,0.0,0.0,0.0,0.0,0.0,0.0,0,0,0,0,0.0,0.0,0.0,0.0,21.0,False
90.0,9.0,7.0,8.0,439.0,2835.69,0.03,30.59,92.71,86738.77,0.95,4818.82,80,1,7,0,20.0,68.0,232.0,208.0,17.0,False
203.0,17.0,8.0,14.0,683.0,4254.28,0.01,87.0,48.9,370122.64,1.42,20562.37,170,0,31,0,29.0,46.0,407.0,276.0,31.0,False
609.0,6.0,1.0,6.0,2392.0,19108.93,0.02,46.29,412.83,884499.69,6.37,49138.87,473,31,102,1,19.0,264.0,1496.0,1378.0,17.0,False
187.0,20.0,7.0,18.0,531.0,3614.71,0.03,39.13,92.37,141452.57,1.2,7858.48,143,14,26,2,29.0,83.0,307.0,224.0,37.0,True
12.0,2.0,1.0,2.0,35.0,156.08,0.12,8.5,18.36,1326.68,0.05,73.7,9,0,1,0,11.0,11.0,18.0,17.0,3.0,False
7.0,2.0,1.0,1.0,26.0,108.42,0.11,9.0,12.05,975.76,0.04,54.21,4,0,1,0,12.0,6.0,17.0,9.0,3.0,False
21.0,2.0,1.0,1.0,53.0,246.12,0.08,12.73,19.34,3132.49,0.08,174.03,11,4,4,0,14.0,11.0,33.0,20.0,3.0,False
9.0,2.0,1.0,1.0,18.0,72.0,0.17,5.83,12.34,420.0,0.02,23.33,4,0,3,0,10.0,6.0,11.0,7.0,3.0,False
33.0,2.0,1.0,2.0,38.0,166.91,0.12,8.67,19.26,1446.54,0.06,80.36,8,13,8,2,12.0,9.0,25.0,13.0,3.0,False
21.0,3.0,1.0,3.0,38.0,174.23,0.08,12.5,13.94,2177.86,0.06,120.99,15,0,3,0,15.0,9.0,23.0,15.0,5.0,False
14.0,4.0,4.0,3.0,31.0,133.98,0.1,10.21,13.12,1368.51,0.04,76.03,9,0,3,0,14.0,7.0,23.0,11.0,7.0,False
14.0,2.0,1.0,2.0,48.0,207.45,0.1,10.39,19.97,2155.2,0.07,119.73,9,0,3,0,11.0,9.0,31.0,17.0,3.0,False
15.0,1.0,1.0,1.0,20.0,78.14,0.33,3.0,26.05,234.41,0.03,13.02,5,5,3,0,6.0,9.0,11.0,9.0,1.0,False
17.0,4.0,1.0,1.0,32.0,133.44,0.08,11.79,11.32,1572.66,0.04,87.37,9,4,1,0,11.0,7.0,17.0,15.0,7.0,False
9.0,1.0,1.0,1.0,16.0,57.36,0.29,3.5,16.39,200.76,0.02,11.15,5,0,2,0,7.0,5.0,11.0,5.0,1.0,False
31.0,7.0,7.0,3.0,76.0,369.21,0.06,16.62,22.22,6134.51,0.12,340.81,24,2,3,0,16.0,13.0,49.0,27.0,13.0,False
4.0,1.0,1.0,1.0,5.0,11.61,0.67,1.5,7.74,17.41,0.0,0.97,2,0,0,0,3.0,2.0,3.0,2.0,1.0,False
16.0,2.0,1.0,2.0,23.0,82.45,0.28,3.57,23.09,294.48,0.03,16.36,12,1,1,0,5.0,7.0,13.0,10.0,3.0,False
11.0,2.0,1.0,1.0,37.0,140.87,0.08,12.6,11.18,1774.99,0.05,98.61,8,0,1,0,9.0,5.0,23.0,14.0,3.0,False
102.0,4.0,1.0,4.0,0.0,0.0,0.0,0.0,0.0,0.0,0.0,0.0,0,0,0,0,0.0,0.0,0.0,0.0,7.0,False
10.0,1.0,1.0,1.0,0.0,0.0,0.0,0.0,0.0,0.0,0.0,0.0,0,0,0,0,0.0,0.0,0.0,0.0,1.0,False
4.0,1.0,1.0,1.0,9.0,28.53,0.33,3.0,9.51,85.59,0.01,4.75,2,0,0,0,6.0,3.0,6.0,3.0,1.0,False
4.0,1.0,1.0,1.0,9.0,27.0,0.5,2.0,13.5,54.0,0.01,3.0,2,0,0,0,4.0,4.0,5.0,4.0,1.0,False
4.0,1.0,1.0,1.0,18.0,66.61,0.25,4.0,16.65,266.43,0.02,14.8,2,0,0,0,8.0,5.0,13.0,5.0,1.0,False
96.0,35.0,31.0,35.0,0.0,0.0,0.0,0.0,0.0,0.0,0.0,0.0,0,0,0,0,0.0,0.0,0.0,0.0,69.0,False
11.0,1.0,1.0,1.0,27.0,102.8,0.22,4.5,22.84,462.59,0.03,25.7,8,0,1,0,6.0,8.0,15.0,12.0,1.0,False
48.0,9.0,8.0,4.0,147.0,787.56,0.02,41.65,18.91,32799.55,0.26,1822.2,40,0,8,0,24.0,17.0,88.0,59.0,17.0,True
10.0,5.0,5.0,2.0,0.0,0.0,0.0,0.0,0.0,0.0,0.0,0.0,0,0,0,0,0.0,0.0,0.0,0.0,9.0,False
37.0,4.0,1.0,4.0,78.0,393.46,0.08,12.92,30.46,5082.23,0.13,282.35,23,8,4,0,15.0,18.0,47.0,31.0,7.0,False
9.0,4.0,3.0,1.0,29.0,120.93,0.08,13.0,9.3,1572.06,0.04,87.34,6,0,1,0,13.0,5.0,19.0,10.0,7.0,False
15.0,4.0,4.0,1.0,28.0,112.0,0.11,9.17,12.22,1026.67,0.04,57.04,11,0,2,0,10.0,6.0,17.0,11.0,7.0,False
43.0,3.0,1.0,2.0,0.0,0.0,0.0,0.0,0.0,0.0,0.0,0.0,0,0,0,0,0.0,0.0,0.0,0.0,5.0,False
79.0,11.0,1.0,1.0,125.0,655.99,0.04,24.09,27.23,15801.66,0.22,877.87,62,0,14,0,21.0,17.0,86.0,39.0,12.0,False
14.0,2.0,1.0,2.0,39.0,183.32,0.21,4.76,38.47,873.45,0.06,48.53,7,2,3,0,9.0,17.0,21.0,18.0,3.0,False
23.0,3.0,3.0,2.0,93.0,513.69,0.09,11.73,43.78,6027.31,0.17,334.85,21,0,2,0,16.0,30.0,49.0,44.0,5.0,False
12.0,2.0,1.0,1.0,42.0,159.91,0.13,7.88,20.31,1259.28,0.05,69.96,9,0,1,0,6.0,8.0,21.0,21.0,3.0,False
12.0,5.0,5.0,2.0,0.0,0.0,0.0,0.0,0.0,0.0,0.0,0.0,0,0,0,0,0.0,0.0,0.0,0.0,9.0,False
8.0,1.0,1.0,1.0,26.0,96.21,0.27,3.75,25.66,360.79,0.03,20.04,6,0,0,0,5.0,8.0,14.0,12.0,1.0,False
10.0,1.0,1.0,1.0,24.0,93.77,0.36,2.75,34.1,257.85,0.03,14.33,6,0,2,0,5.0,10.0,13.0,11.0,1.0,False
4.0,1.0,1.0,1.0,5.0,11.61,0.67,1.5,7.74,17.41,0.0,0.97,2,0,0,0,3.0,2.0,3.0,2.0,1.0,False
4.0,1.0,1.0,1.0,5.0,11.61,0.67,1.5,7.74,17.41,0.0,0.97,2,0,0,0,3.0,2.0,3.0,2.0,1.0,False
64.0,7.0,1.0,7.0,132.0,756.09,0.08,12.04,62.79,9104.53,0.25,505.81,45,5,11,0,17.0,36.0,81.0,51.0,13.0,False
4.0,1.0,1.0,1.0,7.0,19.65,0.5,2.0,9.83,39.3,0.01,2.18,2,0,0,0,4.0,3.0,4.0,3.0,1.0,False
4.0,1.0,1.0,1.0,4.0,8.0,0.67,1.5,5.33,12.0,0.0,0.67,2,0,0,0,3.0,1.0,3.0,1.0,1.0,False
7.0,1.0,1.0,1.0,14.0,48.43,0.28,3.6,13.45,174.36,0.02,9.69,4,0,1,0,6.0,5.0,8.0,6.0,1.0,False
32.0,7.0,3.0,7.0,140.0,745.07,0.06,16.2,45.99,12070.13,0.25,670.56,21,0,9,0,15.0,25.0,86.0,54.0,13.0,False
16.0,2.0,1.0,2.0,41.0,182.84,0.21,4.67,39.18,853.24,0.06,47.4,12,0,2,0,7.0,15.0,21.0,20.0,3.0,False
3.0,1.0,1.0,1.0,1.0,0.0,0.0,0.0,0.0,0.0,0.0,0.0,1,0,0,0,1.0,0.0,1.0,0.0,1.0,False
151.0,7.0,4.0,6.0,0.0,0.0,0.0,0.0,0.0,0.0,0.0,0.0,0,0,0,0,0.0,0.0,0.0,0.0,13.0,False
11.0,2.0,1.0,2.0,20.0,76.15,0.15,6.67,11.42,507.65,0.03,28.2,7,1,1,0,8.0,6.0,10.0,10.0,3.0,False
45.0,16.0,14.0,8.0,126.0,605.73,0.04,27.5,22.03,16657.48,0.2,925.42,40,0,3,0,14.0,14.0,71.0,55.0,31.0,False
16.0,2.0,1.0,2.0,63.0,325.71,0.11,8.91,36.56,2901.74,0.11,161.21,15,0,1,0,14.0,22.0,35.0,28.0,3.0,False
7.0,2.0,1.0,2.0,13.0,43.19,0.27,3.75,11.52,161.94,0.01,9.0,5,0,0,0,6.0,4.0,8.0,5.0,3.0,False
30.0,4.0,3.0,3.0,63.0,312.11,0.1,10.29,30.32,3212.94,0.1,178.5,17,3,8,0,14.0,17.0,38.0,25.0,7.0,False
13.0,2.0,1.0,2.0,40.0,178.38,0.13,7.5,23.78,1337.83,0.06,74.32,8,0,2,0,11.0,11.0,25.0,15.0,3.0,False
84.0,19.0,1.0,16.0,167.0,1030.38,0.05,21.43,48.08,22079.52,0.34,1226.64,61,0,21,0,30.0,42.0,107.0,60.0,21.0,False
4.0,1.0,1.0,1.0,16.0,59.21,0.25,4.0,14.8,236.83,0.02,13.16,2,0,0,0,8.0,5.0,11.0,5.0,1.0,False
38.0,8.0,7.0,2.0,76.0,386.65,0.05,18.37,21.05,7101.42,0.13,394.52,28,2,6,0,19.0,15.0,47.0,29.0,15.0,False
4.0,1.0,1.0,1.0,4.0,8.0,0.67,1.5,5.33,12.0,0.0,0.67,2,0,0,0,3.0,1.0,3.0,1.0,1.0,False
26.0,5.0,1.0,3.0,60.0,288.44,0.06,17.33,16.64,4999.65,0.1,277.76,20,0,1,0,16.0,12.0,34.0,26.0,9.0,False
21.0,2.0,1.0,2.0,47.0,228.33,0.16,6.42,35.58,1465.09,0.08,81.39,14,1,4,0,11.0,18.0,26.0,21.0,3.0,False
12.0,2.0,1.0,2.0,26.0,98.99,0.13,8.0,12.37,791.93,0.03,44.0,9,0,1,0,8.0,6.0,14.0,12.0,3.0,False
312.0,39.0,30.0,14.0,1097.0,7012.37,0.01,97.82,71.69,685920.72,2.34,38106.71,228,35,42,5,27.0,57.0,684.0,413.0,77.0,False
42.0,9.0,8.0,2.0,0.0,0.0,0.0,0.0,0.0,0.0,0.0,0.0,0,0,0,0,0.0,0.0,0.0,0.0,17.0,False
70.0,5.0,1.0,2.0,166.0,883.44,0.04,27.67,31.93,24441.84,0.29,1357.88,42,15,11,0,16.0,24.0,83.0,83.0,9.0,False
4.0,2.0,1.0,2.0,11.0,34.87,0.25,4.0,8.72,139.48,0.01,7.75,2,0,0,0,6.0,3.0,7.0,4.0,3.0,False
8.0,3.0,1.0,1.0,33.0,132.0,0.1,9.9,13.33,1306.8,0.04,72.6,4,0,1,0,11.0,5.0,24.0,9.0,5.0,False
29.0,6.0,5.0,4.0,64.0,314.04,0.07,15.0,20.94,4710.61,0.1,261.7,21,0,5,1,18.0,12.0,44.0,20.0,11.0,False
107.0,8.0,1.0,5.0,312.0,1892.62,0.03,31.91,59.3,60402.76,0.63,3355.71,89,1,5,10,20.0,47.0,162.0,150.0,15.0,False
19.0,5.0,1.0,5.0,81.0,376.15,0.06,15.71,23.94,5910.97,0.13,328.39,16,0,1,0,11.0,14.0,41.0,40.0,9.0,False
20.0,1.0,1.0,1.0,59.0,286.62,0.1,10.16,28.22,2910.99,0.1,161.72,11,0,7,0,13.0,16.0,34.0,25.0,1.0,False
68.0,6.0,1.0,4.0,0.0,0.0,0.0,0.0,0.0,0.0,0.0,0.0,0,0,0,0,0.0,0.0,0.0,0.0,11.0,False
65.0,9.0,5.0,2.0,141.0,750.39,0.03,35.85,20.93,26903.76,0.25,1494.65,37,18,7,1,23.0,17.0,88.0,53.0,17.0,False
14.0,4.0,4.0,3.0,36.0,152.93,0.14,7.2,21.24,1101.06,0.05,61.17,11,0,1,0,9.0,10.0,20.0,16.0,7.0,False
37.0,4.0,1.0,4.0,99.0,507.8,0.05,20.65,24.59,10484.56,0.17,582.48,26,1,7,1,18.0,17.0,60.0,39.0,7.0,False
24.0,7.0,3.0,2.0,63.0,292.56,0.09,10.62,27.56,3105.67,0.1,172.54,22,0,0,0,12.0,13.0,40.0,23.0,13.0,False
24.0,5.0,1.0,3.0,87.0,431.02,0.09,11.0,39.18,4741.17,0.14,263.4,18,0,4,0,11.0,20.0,47.0,40.0,9.0,False
91.0,2.0,1.0,1.0,267.0,1564.08,0.05,20.23,77.31,31645.36,0.52,1758.08,49,20,20,0,15.0,43.0,151.0,116.0,3.0,False
19.0,3.0,3.0,1.0,42.0,201.91,0.11,9.5,21.25,1918.13,0.07,106.56,13,0,4,0,14.0,14.0,23.0,19.0,5.0,False
11.0,1.0,1.0,1.0,15.0,53.77,0.25,4.0,13.44,215.1,0.02,11.95,6,0,2,0,8.0,4.0,11.0,4.0,1.0,False
17.0,4.0,4.0,1.0,54.0,244.27,0.06,17.11,14.28,4179.77,0.08,232.21,14,0,1,0,14.0,9.0,32.0,22.0,7.0,False
11.0,2.0,1.0,2.0,21.0,79.95,0.16,6.3,12.69,503.71,0.03,27.98,9,0,0,0,9.0,5.0,14.0,7.0,3.0,False
16.0,2.0,1.0,1.0,0.0,0.0,0.0,0.0,0.0,0.0,0.0,0.0,0,0,0,0,0.0,0.0,0.0,0.0,3.0,False
43.0,7.0,7.0,4.0,96.0,471.06,0.05,20.57,22.9,9690.41,0.16,538.36,34,0,4,0,16.0,14.0,60.0,36.0,13.0,False
14.0,1.0,1.0,1.0,31.0,136.16,0.12,8.25,16.5,1123.34,0.05,62.41,8,0,4,0,11.0,10.0,16.0,15.0,1.0,False
27.0,3.0,1.0,1.0,62.0,284.27,0.08,12.0,23.69,3411.21,0.09,189.51,21,0,3,0,12.0,12.0,38.0,24.0,5.0,False
12.0,2.0,1.0,2.0,27.0,110.36,0.14,7.31,15.09,807.02,0.04,44.83,7,0,3,0,9.0,8.0,14.0,13.0,3.0,False
36.0,3.0,1.0,2.0,0.0,0.0,0.0,0.0,0.0,0.0,0.0,0.0,0,0,0,0,0.0,0.0,0.0,0.0,5.0,False
23.0,2.0,1.0,1.0,38.0,166.91,0.11,8.94,18.68,1491.74,0.06,82.87,16,0,3,0,13.0,8.0,27.0,11.0,3.0,False
13.0,4.0,3.0,1.0,33.0,147.16,0.09,11.38,12.94,1673.96,0.05,93.0,10,0,1,0,14.0,8.0,20.0,13.0,7.0,False
13.0,3.0,3.0,2.0,44.0,206.82,0.12,8.5,24.33,1757.96,0.07,97.66,9,0,2,0,13.0,13.0,27.0,17.0,5.0,False
86.0,3.0,1.0,3.0,247.0,1611.32,0.09,10.77,149.62,17352.67,0.54,964.04,49,14,11,10,14.0,78.0,127.0,120.0,5.0,False
18.0,3.0,1.0,3.0,39.0,171.3,0.13,7.7,22.25,1319.01,0.06,73.28,13,0,3,0,11.0,10.0,25.0,14.0,5.0,False
34.0,7.0,5.0,4.0,119.0,641.69,0.06,17.68,36.29,11345.0,0.21,630.28,26,1,5,0,17.0,25.0,67.0,52.0,13.0,True
21.0,2.0,1.0,2.0,57.0,242.13,0.07,15.0,16.14,3631.98,0.08,201.78,11,3,4,0,10.0,9.0,30.0,27.0,3.0,False
19.0,2.0,1.0,2.0,29.0,123.19,0.13,7.56,16.29,931.62,0.04,51.76,13,0,3,0,11.0,8.0,18.0,11.0,3.0,False
28.0,5.0,5.0,5.0,86.0,426.06,0.07,15.0,28.4,6390.91,0.14,355.05,18,0,8,0,15.0,16.0,54.0,32.0,9.0,False
4.0,2.0,1.0,1.0,16.0,62.51,0.25,4.0,15.63,250.04,0.02,13.89,2,0,0,0,8.0,7.0,9.0,7.0,3.0,False
22.0,2.0,1.0,1.0,75.0,381.56,0.13,7.41,51.47,2828.52,0.13,157.14,15,0,4,0,11.0,23.0,44.0,31.0,3.0,False
73.0,8.0,4.0,7.0,0.0,0.0,0.0,0.0,0.0,0.0,0.0,0.0,0,0,0,0,0.0,0.0,0.0,0.0,15.0,False
36.0,6.0,4.0,5.0,104.0,557.19,0.08,12.98,42.92,7232.7,0.19,401.82,24,5,5,0,15.0,26.0,59.0,45.0,11.0,False
42.0,4.0,1.0,4.0,128.0,685.77,0.06,16.32,42.02,11191.71,0.23,621.76,34,0,6,0,16.0,25.0,77.0,51.0,7.0,False
5.0,1.0,1.0,1.0,20.0,78.14,0.19,5.25,14.88,410.22,0.03,22.79,4,1,0,0,9.0,6.0,13.0,7.0,1.0,False
4.0,1.0,1.0,1.0,8.0,20.68,0.2,5.0,4.14,103.4,0.01,5.74,2,0,0,0,5.0,1.0,6.0,2.0,1.0,False
12.0,3.0,1.0,3.0,0.0,0.0,0.0,0.0,0.0,0.0,0.0,0.0,0,0,0,0,0.0,0.0,0.0,0.0,5.0,False
36.0,2.0,1.0,1.0,127.0,661.6,0.04,23.22,28.49,15363.84,0.22,853.55,24,2,7,0,19.0,18.0,83.0,44.0,3.0,False
15.0,5.0,4.0,2.0,33.0,132.0,0.07,14.3,9.23,1887.6,0.04,104.87,12,0,1,0,11.0,5.0,20.0,13.0,9.0,False
10.0,1.0,1.0,1.0,26.0,101.58,0.19,5.14,19.75,522.4,0.03,29.02,5,0,3,0,8.0,7.0,17.0,9.0,1.0,False
4.0,1.0,1.0,1.0,5.0,11.61,0.67,1.5,7.74,17.41,0.0,0.97,2,0,0,0,3.0,2.0,3.0,2.0,1.0,False
5.0,1.0,1.0,1.0,11.0,36.54,0.29,3.5,10.44,127.89,0.01,7.11,3,0,0,0,7.0,3.0,8.0,3.0,1.0,False
21.0,10.0,9.0,2.0,54.0,250.77,0.08,12.75,19.67,3197.29,0.08,177.63,13,5,1,0,15.0,10.0,37.0,17.0,19.0,False
19.0,3.0,1.0,2.0,46.0,210.91,0.11,8.88,23.74,1873.84,0.07,104.1,14,0,3,0,11.0,13.0,25.0,21.0,5.0,False
78.0,5.0,1.0,4.0,257.0,1485.81,0.04,27.97,53.12,41561.39,0.5,2308.97,67,1,6,1,19.0,36.0,151.0,106.0,9.0,False
4.0,1.0,1.0,1.0,4.0,8.0,0.67,1.5,5.33,12.0,0.0,0.67,2,0,0,0,3.0,1.0,3.0,1.0,1.0,False
4.0,1.0,1.0,1.0,9.0,27.0,0.5,2.0,13.5,54.0,0.01,3.0,2,0,0,0,4.0,4.0,5.0,4.0,1.0,False
25.0,5.0,1.0,4.0,77.0,370.17,0.05,18.5,20.01,6848.08,0.12,380.45,18,0,5,0,14.0,14.0,40.0,37.0,9.0,False
20.0,4.0,1.0,2.0,31.0,131.69,0.15,6.86,19.2,902.99,0.04,50.17,15,0,3,0,12.0,7.0,23.0,8.0,7.0,False
13.0,2.0,1.0,2.0,37.0,165.0,0.14,7.0,23.57,1154.99,0.05,64.17,8,0,2,0,11.0,11.0,23.0,14.0,3.0,False
15.0,2.0,1.0,2.0,29.0,116.0,0.21,4.67,24.86,541.33,0.04,30.07,10,0,3,0,7.0,9.0,17.0,12.0,3.0,False
25.0,2.0,1.0,2.0,73.0,334.7,0.09,11.1,30.15,3715.2,0.11,206.4,12,3,5,3,9.0,15.0,36.0,37.0,3.0,False
10.0,2.0,1.0,2.0,22.0,73.08,0.15,6.75,10.83,493.31,0.02,27.41,7,0,1,0,6.0,4.0,13.0,9.0,3.0,False
21.0,5.0,1.0,5.0,139.0,763.37,0.1,9.71,78.65,7409.16,0.25,411.62,14,2,3,0,11.0,34.0,79.0,60.0,9.0,False
16.0,2.0,1.0,2.0,42.0,199.71,0.19,5.29,37.72,1057.26,0.07,58.74,12,0,1,0,10.0,17.0,24.0,18.0,3.0,False
17.0,3.0,3.0,1.0,0.0,0.0,0.0,0.0,0.0,0.0,0.0,0.0,0,0,0,0,0.0,0.0,0.0,0.0,5.0,False
137.0,31.0,14.0,13.0,397.0,2295.2,0.02,49.1,46.74,112701.06,0.77,6261.17,114,2,17,1,21.0,34.0,238.0,159.0,61.0,False
91.0,23.0,15.0,14.0,264.0,1607.09,0.04,23.01,69.84,36980.17,0.54,2054.44,66,15,6,2,21.0,47.0,161.0,103.0,45.0,False
119.0,6.0,1.0,4.0,0.0,0.0,0.0,0.0,0.0,0.0,0.0,0.0,0,0,0,0,0.0,0.0,0.0,0.0,11.0,False
15.0,3.0,1.0,1.0,0.0,0.0,0.0,0.0,0.0,0.0,0.0,0.0,0,0,0,0,0.0,0.0,0.0,0.0,5.0,False
36.0,3.0,1.0,2.0,0.0,0.0,0.0,0.0,0.0,0.0,0.0,0.0,0,0,0,0,0.0,0.0,0.0,0.0,5.0,False
65.0,8.0,7.0,8.0,181.0,1026.71,0.04,26.25,39.11,26951.11,0.34,1497.28,47,7,8,0,21.0,30.0,106.0,75.0,15.0,False
8.0,1.0,1.0,1.0,38.0,148.46,0.14,7.0,21.21,1039.23,0.05,57.74,6,0,0,0,7.0,8.0,22.0,16.0,1.0,False
35.0,1.0,1.0,1.0,153.0,750.75,0.08,13.07,57.43,9813.43,0.25,545.19,26,0,4,0,9.0,21.0,92.0,61.0,1.0,False
22.0,1.0,1.0,1.0,106.0,465.59,0.12,8.13,57.3,3782.88,0.16,210.16,19,1,0,0,5.0,16.0,54.0,52.0,1.0,False
45.0,3.0,1.0,3.0,122.0,551.87,0.04,26.18,21.08,14449.08,0.18,802.73,31,4,3,0,12.0,11.0,74.0,48.0,5.0,False
7.0,1.0,1.0,1.0,15.0,51.89,0.5,2.0,25.95,103.78,0.02,5.77,4,0,1,0,4.0,7.0,8.0,7.0,1.0,False
18.0,3.0,1.0,3.0,42.0,178.41,0.09,11.67,15.29,2081.48,0.06,115.64,14,1,1,0,10.0,9.0,21.0,21.0,5.0,False
147.0,21.0,20.0,3.0,547.0,3329.84,0.02,62.21,53.52,207163.75,1.11,11509.1,108,15,20,0,26.0,42.0,346.0,201.0,41.0,True
42.0,7.0,5.0,4.0,150.0,823.78,0.03,33.45,24.62,27559.12,0.27,1531.06,36,0,5,1,23.0,22.0,86.0,64.0,13.0,False
45.0,11.0,1.0,8.0,181.0,969.72,0.03,36.23,26.77,35128.0,0.32,1951.56,33,0,8,2,21.0,20.0,112.0,69.0,21.0,False
12.0,2.0,1.0,2.0,43.0,185.84,0.23,4.29,43.36,796.47,0.06,44.25,10,0,0,0,6.0,14.0,23.0,20.0,3.0,False
97.0,17.0,8.0,6.0,0.0,0.0,0.0,0.0,0.0,0.0,0.0,0.0,0,0,0,0,0.0,0.0,0.0,0.0,33.0,False
38.0,11.0,9.0,6.0,134.0,713.14,0.04,26.0,27.43,18541.6,0.24,1030.08,33,0,3,0,20.0,20.0,82.0,52.0,21.0,False
6.0,1.0,1.0,1.0,4.0,8.0,0.67,1.5,5.33,12.0,0.0,0.67,2,0,0,0,3.0,1.0,3.0,1.0,1.0,False
4.0,1.0,1.0,1.0,5.0,11.61,0.67,1.5,7.74,17.41,0.0,0.97,2,0,0,0,3.0,2.0,3.0,2.0,1.0,False
10.0,1.0,1.0,1.0,19.0,60.23,0.28,3.6,16.73,216.82,0.02,12.05,7,0,1,0,4.0,5.0,10.0,9.0,1.0,False
4.0,1.0,1.0,1.0,9.0,27.0,0.5,2.0,13.5,54.0,0.01,3.0,2,0,0,0,4.0,4.0,5.0,4.0,1.0,False
17.0,2.0,1.0,2.0,31.0,133.98,0.15,6.72,19.93,900.64,0.04,50.04,9,3,3,0,11.0,9.0,20.0,11.0,3.0,False
37.0,3.0,3.0,2.0,141.0,760.32,0.06,16.39,46.39,12460.75,0.25,692.26,29,0,8,0,15.0,27.0,82.0,59.0,5.0,False
10.0,4.0,4.0,4.0,43.0,188.87,0.11,8.8,21.46,1662.05,0.06,92.34,7,0,1,0,11.0,10.0,27.0,16.0,7.0,False
14.0,2.0,1.0,2.0,43.0,191.76,0.13,8.0,23.97,1534.04,0.06,85.22,9,0,2,0,11.0,11.0,27.0,16.0,3.0,False
47.0,3.0,1.0,3.0,178.0,1019.57,0.05,19.8,51.49,20187.48,0.34,1121.53,35,1,9,0,18.0,35.0,101.0,77.0,5.0,False
13.0,1.0,1.0,1.0,37.0,148.0,0.19,5.4,27.41,799.2,0.05,44.4,11,0,0,0,6.0,10.0,19.0,18.0,1.0,False
31.0,8.0,1.0,5.0,72.0,353.3,0.08,13.13,26.92,4637.01,0.12,257.61,24,0,3,2,14.0,16.0,42.0,30.0,15.0,False
23.0,6.0,1.0,3.0,0.0,0.0,0.0,0.0,0.0,0.0,0.0,0.0,0,0,0,0,0.0,0.0,0.0,0.0,11.0,False
26.0,6.0,3.0,5.0,96.0,456.47,0.04,28.05,16.27,12803.96,0.15,711.33,21,1,2,0,17.0,10.0,63.0,33.0,11.0,False
30.0,3.0,1.0,1.0,100.0,535.76,0.09,10.91,49.1,5845.47,0.18,324.75,21,0,7,0,13.0,28.0,53.0,47.0,5.0,False
31.0,4.0,1.0,4.0,80.0,403.55,0.11,9.0,44.84,3631.96,0.13,201.78,24,2,3,0,11.0,22.0,44.0,36.0,7.0,False
4.0,1.0,1.0,1.0,7.0,19.65,0.5,2.0,9.83,39.3,0.01,2.18,2,0,0,0,4.0,3.0,4.0,3.0,1.0,False
8.0,1.0,1.0,1.0,0.0,0.0,0.0,0.0,0.0,0.0,0.0,0.0,0,0,0,0,0.0,0.0,0.0,0.0,1.0,False
23.0,20.0,20.0,7.0,203.0,996.1,0.01,87.5,11.38,87158.64,0.33,4842.15,17,4,2,0,21.0,9.0,128.0,75.0,39.0,False
4.0,1.0,1.0,1.0,9.0,27.0,0.5,2.0,13.5,54.0,0.01,3.0,2,0,0,0,4.0,4.0,5.0,4.0,1.0,False
7.0,1.0,1.0,1.0,13.0,46.6,0.29,3.5,13.32,163.12,0.02,9.06,4,0,1,0,7.0,5.0,8.0,5.0,1.0,False
116.0,20.0,17.0,10.0,380.0,2429.08,0.03,35.17,69.07,85429.53,0.81,4746.09,99,8,6,1,25.0,59.0,214.0,166.0,39.0,False
4.0,1.0,1.0,1.0,5.0,11.61,0.67,1.5,7.74,17.41,0.0,0.97,2,0,0,0,3.0,2.0,3.0,2.0,1.0,False
4.0,1.0,1.0,1.0,7.0,19.65,0.5,2.0,9.83,39.3,0.01,2.18,2,0,0,0,4.0,3.0,4.0,3.0,1.0,False
6.0,2.0,1.0,1.0,21.0,69.76,0.11,9.33,7.47,651.1,0.02,36.17,4,0,0,0,7.0,3.0,13.0,8.0,3.0,False
14.0,3.0,3.0,2.0,36.0,158.12,0.1,9.75,16.21,1541.7,0.05,85.65,11,0,1,0,13.0,8.0,24.0,12.0,5.0,False
10.0,3.0,1.0,1.0,0.0,0.0,0.0,0.0,0.0,0.0,0.0,0.0,0,0,0,0,0.0,0.0,0.0,0.0,5.0,False
68.0,11.0,9.0,9.0,191.0,1083.43,0.05,18.51,58.52,20058.99,0.36,1114.39,65,0,1,0,16.0,35.0,110.0,81.0,21.0,False
36.0,3.0,1.0,1.0,123.0,650.1,0.06,17.74,36.65,11532.29,0.22,640.68,26,0,7,0,16.0,23.0,72.0,51.0,5.0,False
39.0,7.0,7.0,3.0,0.0,0.0,0.0,0.0,0.0,0.0,0.0,0.0,0,0,0,0,0.0,0.0,0.0,0.0,13.0,False
44.0,8.0,5.0,4.0,101.0,485.54,0.03,30.91,15.71,15007.69,0.16,833.76,34,3,4,1,17.0,11.0,61.0,40.0,15.0,False
19.0,4.0,1.0,1.0,38.0,144.68,0.12,8.5,17.02,1229.78,0.05,68.32,14,0,3,0,7.0,7.0,21.0,17.0,7.0,False
17.0,2.0,1.0,1.0,0.0,0.0,0.0,0.0,0.0,0.0,0.0,0.0,0,0,0,0,0.0,0.0,0.0,0.0,3.0,False
21.0,3.0,1.0,3.0,52.0,238.42,0.11,8.93,26.7,2128.73,0.08,118.26,16,0,3,0,10.0,14.0,27.0,25.0,5.0,False
61.0,26.0,24.0,8.0,297.0,1795.19,0.03,32.09,55.94,57612.92,0.6,3200.72,41,8,10,0,23.0,43.0,177.0,120.0,51.0,True
33.0,3.0,1.0,2.0,71.0,408.6,0.07,15.0,27.24,6128.96,0.14,340.5,29,0,2,0,27.0,27.0,41.0,30.0,4.0,False
48.0,5.0,1.0,5.0,95.0,502.11,0.06,17.1,29.36,8586.14,0.17,477.01,28,8,7,3,19.0,20.0,59.0,36.0,9.0,False
5.0,1.0,1.0,1.0,11.0,34.87,0.5,2.0,17.43,69.74,0.01,3.87,3,0,0,0,4.0,5.0,6.0,5.0,1.0,False
10.0,1.0,1.0,1.0,19.0,60.23,0.28,3.6,16.73,216.82,0.02,12.05,7,0,1,0,4.0,5.0,10.0,9.0,1.0,False
23.0,3.0,3.0,1.0,34.0,132.83,0.08,12.0,11.07,1594.01,0.04,88.56,17,1,2,0,10.0,5.0,22.0,12.0,5.0,False
244.0,46.0,1.0,46.0,0.0,0.0,0.0,0.0,0.0,0.0,0.0,0.0,0,0,0,0,0.0,0.0,0.0,0.0,49.0,False
58.0,10.0,1.0,9.0,211.0,1151.94,0.04,23.88,48.23,27513.65,0.38,1528.54,47,1,8,0,18.0,26.0,142.0,69.0,19.0,False
30.0,5.0,1.0,3.0,68.0,315.78,0.07,14.31,22.07,4518.11,0.11,251.01,19,2,5,2,12.0,13.0,37.0,31.0,9.0,False
51.0,5.0,1.0,5.0,130.0,729.91,0.08,13.09,55.76,9555.22,0.24,530.85,37,4,7,1,16.0,33.0,76.0,54.0,9.0,False
27.0,3.0,1.0,3.0,65.0,298.02,0.16,6.18,48.25,1840.73,0.1,102.26,19,2,4,0,7.0,17.0,35.0,30.0,5.0,False
88.0,5.0,1.0,5.0,374.0,2226.87,0.03,30.96,71.94,68936.13,0.74,3829.79,58,7,21,0,16.0,46.0,196.0,178.0,9.0,False
19.0,8.0,4.0,4.0,207.0,1116.21,0.03,34.0,32.83,37951.13,0.37,2108.4,11,0,3,3,24.0,18.0,156.0,51.0,15.0,False
12.0,2.0,1.0,2.0,24.0,91.38,0.09,11.0,8.31,1005.14,0.03,55.84,7,0,2,0,11.0,3.0,18.0,6.0,3.0,False
46.0,6.0,1.0,2.0,83.0,346.1,0.05,20.0,17.31,6922.08,0.12,384.56,36,4,3,0,10.0,8.0,51.0,32.0,11.0,False
106.0,11.0,4.0,8.0,371.0,2217.57,0.02,41.59,53.33,92218.5,0.74,5123.25,79,12,13,0,22.0,41.0,216.0,155.0,21.0,False
24.0,2.0,1.0,2.0,0.0,0.0,0.0,0.0,0.0,0.0,0.0,0.0,0,0,0,0,0.0,0.0,0.0,0.0,3.0,False
16.0,2.0,1.0,2.0,47.0,215.49,0.13,7.62,28.3,1641.06,0.07,91.17,10,0,3,0,11.0,13.0,29.0,18.0,3.0,False
16.0,3.0,1.0,2.0,0.0,0.0,0.0,0.0,0.0,0.0,0.0,0.0,0,0,0,0,0.0,0.0,0.0,0.0,5.0,False
9.0,1.0,1.0,1.0,19.0,65.73,0.3,3.33,19.72,219.1,0.02,12.17,5,0,2,0,5.0,6.0,11.0,8.0,1.0,False
102.0,30.0,15.0,7.0,0.0,0.0,0.0,0.0,0.0,0.0,0.0,0.0,0,0,0,0,0.0,0.0,0.0,0.0,59.0,False
32.0,5.0,3.0,3.0,101.0,490.66,0.06,15.44,31.78,7574.5,0.16,420.81,21,3,2,0,13.0,16.0,63.0,38.0,9.0,False
82.0,7.0,4.0,3.0,81.0,412.08,0.06,17.73,23.24,7307.63,0.14,405.98,35,38,6,1,19.0,15.0,53.0,28.0,12.0,False
10.0,1.0,1.0,1.0,35.0,136.74,0.15,6.86,19.94,937.65,0.05,52.09,5,0,2,1,8.0,7.0,23.0,12.0,1.0,False
140.0,1.0,1.0,1.0,631.0,4253.87,0.05,19.5,218.15,82950.38,1.42,4608.35,112,0,26,0,13.0,94.0,349.0,282.0,1.0,False
52.0,13.0,12.0,13.0,209.0,1179.57,0.03,32.61,36.18,38462.28,0.39,2136.79,44,1,5,0,22.0,28.0,128.0,83.0,25.0,False
16.0,1.0,1.0,1.0,33.0,144.95,0.23,4.31,33.65,624.38,0.05,34.69,7,3,4,0,8.0,13.0,19.0,14.0,1.0,False
10.0,3.0,3.0,2.0,0.0,0.0,0.0,0.0,0.0,0.0,0.0,0.0,0,0,0,0,0.0,0.0,0.0,0.0,5.0,False
16.0,2.0,1.0,2.0,48.0,217.13,0.12,8.25,26.32,1791.33,0.07,99.52,10,1,2,0,11.0,12.0,30.0,18.0,3.0,False
10.0,3.0,1.0,1.0,0.0,0.0,0.0,0.0,0.0,0.0,0.0,0.0,0,0,0,0,0.0,0.0,0.0,0.0,5.0,False
264.0,4.0,1.0,4.0,1211.0,8866.85,0.03,30.05,295.05,266464.28,2.96,14803.57,251,1,10,0,15.0,145.0,630.0,581.0,7.0,False
19.0,3.0,3.0,2.0,45.0,211.52,0.11,9.5,22.27,2009.44,0.07,111.64,12,2,3,0,13.0,13.0,26.0,19.0,5.0,False
4.0,1.0,1.0,1.0,4.0,8.0,0.67,1.5,5.33,12.0,0.0,0.67,2,0,0,0,3.0,1.0,3.0,1.0,1.0,False
53.0,3.0,1.0,2.0,165.0,916.51,0.08,12.69,72.25,11626.55,0.31,645.92,44,1,6,0,12.0,35.0,91.0,74.0,5.0,False
5.0,1.0,1.0,1.0,11.0,36.54,0.33,3.0,12.18,109.62,0.01,6.09,3,0,0,0,6.0,4.0,7.0,4.0,1.0,False
4.0,1.0,1.0,1.0,7.0,19.65,0.5,2.0,9.83,39.3,0.01,2.18,2,0,0,0,4.0,3.0,4.0,3.0,1.0,False
38.0,6.0,5.0,6.0,192.0,984.82,0.03,30.33,32.47,29872.94,0.33,1659.61,34,0,2,0,14.0,21.0,101.0,91.0,11.0,False
25.0,5.0,5.0,3.0,67.0,325.48,0.07,13.53,24.05,4404.89,0.11,244.72,17,2,4,0,14.0,15.0,38.0,29.0,9.0,False
15.0,2.0,1.0,1.0,22.0,85.95,0.22,4.5,19.1,386.78,0.03,21.49,10,0,2,0,9.0,6.0,16.0,6.0,3.0,False
4.0,1.0,1.0,1.0,5.0,11.61,0.67,1.5,7.74,17.41,0.0,0.97,2,0,0,0,3.0,2.0,3.0,2.0,1.0,False
16.0,3.0,1.0,2.0,41.0,185.47,0.13,7.69,24.11,1426.66,0.06,79.26,12,0,2,0,10.0,13.0,21.0,20.0,5.0,False
6.0,1.0,1.0,1.0,4.0,8.0,0.67,1.5,5.33,12.0,0.0,0.67,2,0,2,0,3.0,1.0,3.0,1.0,1.0,False
56.0,10.0,7.0,9.0,191.0,1077.98,0.04,28.0,38.5,30183.34,0.36,1676.85,44,1,9,0,20.0,30.0,107.0,84.0,19.0,False
4.0,1.0,1.0,1.0,4.0,8.0,0.67,1.5,5.33,12.0,0.0,0.67,2,0,0,0,3.0,1.0,3.0,1.0,1.0,False
43.0,2.0,1.0,2.0,28.0,109.39,0.13,7.5,14.59,820.45,0.04,45.58,12,5,24,0,9.0,6.0,18.0,10.0,3.0,False
29.0,6.0,1.0,4.0,104.0,557.19,0.06,17.22,32.36,9593.28,0.19,532.96,26,0,1,0,18.0,23.0,60.0,44.0,11.0,False
12.0,6.0,5.0,3.0,133.0,676.63,0.04,22.5,30.07,15224.23,0.23,845.79,9,0,1,0,18.0,16.0,93.0,40.0,11.0,False
16.0,2.0,1.0,2.0,37.0,162.52,0.19,5.23,31.07,850.08,0.05,47.23,12,0,2,0,8.0,13.0,20.0,17.0,3.0,False
26.0,5.0,4.0,4.0,105.0,538.57,0.06,17.94,30.01,9664.42,0.18,536.91,20,0,4,0,17.0,18.0,67.0,38.0,9.0,False
21.0,1.0,1.0,1.0,83.0,403.21,0.17,5.89,68.5,2373.45,0.13,131.86,16,0,3,0,7.0,22.0,46.0,37.0,1.0,False
16.0,8.0,8.0,1.0,55.0,214.88,0.07,13.5,15.92,2900.87,0.07,161.16,13,0,1,0,9.0,6.0,37.0,18.0,15.0,False
7.0,1.0,1.0,1.0,16.0,55.35,0.44,2.29,24.22,126.52,0.02,7.03,4,0,1,0,4.0,7.0,8.0,8.0,1.0,False
17.0,2.0,1.0,2.0,38.0,171.9,0.21,4.8,35.81,825.1,0.06,45.84,12,0,3,0,8.0,15.0,20.0,18.0,3.0,False
16.0,2.0,1.0,2.0,35.0,148.68,0.12,8.33,17.84,1238.98,0.05,68.83,11,0,3,0,10.0,9.0,20.0,15.0,3.0,False
50.0,11.0,9.0,2.0,0.0,0.0,0.0,0.0,0.0,0.0,0.0,0.0,0,0,0,0,0.0,0.0,0.0,0.0,21.0,False
4.0,1.0,1.0,1.0,5.0,11.61,0.67,1.5,7.74,17.41,0.0,0.97,2,0,0,0,3.0,2.0,3.0,2.0,1.0,False
53.0,6.0,1.0,6.0,146.0,824.0,0.06,18.08,45.57,14898.51,0.27,827.69,43,0,6,0,19.0,31.0,87.0,59.0,11.0,False
14.0,1.0,1.0,1.0,57.0,254.19,0.16,6.07,41.9,1542.07,0.08,85.67,9,0,3,0,7.0,15.0,31.0,26.0,1.0,False
30.0,5.0,1.0,5.0,81.0,366.41,0.04,27.19,13.48,9961.73,0.12,553.43,25,0,3,0,15.0,8.0,52.0,29.0,9.0,False
10.0,2.0,1.0,2.0,15.0,51.89,0.33,3.0,17.3,155.67,0.02,8.65,5,1,2,0,6.0,5.0,10.0,5.0,3.0,False
6.0,1.0,1.0,1.0,14.0,48.43,0.23,4.38,11.07,211.89,0.02,11.77,3,0,1,0,7.0,4.0,9.0,5.0,1.0,False
41.0,8.0,1.0,5.0,109.0,563.52,0.04,22.91,24.6,12911.28,0.19,717.29,32,0,7,0,19.0,17.0,68.0,41.0,14.0,False
12.0,10.0,10.0,10.0,0.0,0.0,0.0,0.0,0.0,0.0,0.0,0.0,0,0,0,0,0.0,0.0,0.0,0.0,19.0,False
4.0,2.0,1.0,1.0,18.0,73.57,0.22,4.5,16.35,331.08,0.02,18.39,2,0,0,0,9.0,8.0,10.0,8.0,3.0,False
109.0,1.0,1.0,1.0,327.0,2030.49,0.06,15.56,130.52,31589.12,0.68,1754.95,67,20,20,0,13.0,61.0,181.0,146.0,1.0,False
4.0,1.0,1.0,1.0,4.0,8.0,0.67,1.5,5.33,12.0,0.0,0.67,2,0,0,0,3.0,1.0,3.0,1.0,1.0,False
41.0,19.0,1.0,1.0,0.0,0.0,0.0,0.0,0.0,0.0,0.0,0.0,0,0,0,0,0.0,0.0,0.0,0.0,37.0,False
13.0,1.0,1.0,1.0,39.0,159.41,0.25,3.96,40.27,631.0,0.05,35.06,8,0,3,0,5.0,12.0,20.0,19.0,1.0,False
19.0,6.0,1.0,6.0,58.0,232.0,0.06,16.67,13.92,3866.67,0.08,214.81,12,0,5,0,10.0,6.0,38.0,20.0,11.0,False
11.0,1.0,1.0,1.0,22.0,83.76,0.33,3.06,27.41,255.94,0.03,14.22,5,1,2,1,5.0,9.0,11.0,11.0,1.0,False
54.0,7.0,4.0,5.0,210.0,1146.48,0.04,22.5,50.95,25795.81,0.38,1433.1,48,0,4,0,15.0,29.0,123.0,87.0,13.0,False
31.0,2.0,1.0,2.0,133.0,692.86,0.08,11.85,58.49,8207.69,0.23,455.98,21,1,7,0,11.0,26.0,77.0,56.0,3.0,False
5.0,1.0,1.0,1.0,3.0,4.75,0.0,0.0,0.0,0.0,0.0,0.0,2,1,0,0,3.0,0.0,3.0,0.0,1.0,False
32.0,7.0,7.0,3.0,0.0,0.0,0.0,0.0,0.0,0.0,0.0,0.0,0,0,0,0,0.0,0.0,0.0,0.0,13.0,False
8.0,1.0,1.0,1.0,19.0,65.73,0.3,3.33,19.72,219.1,0.02,12.17,5,0,1,0,5.0,6.0,11.0,8.0,1.0,False
8.0,3.0,3.0,2.0,20.0,81.75,0.22,4.5,18.17,367.87,0.03,20.44,4,0,2,0,9.0,8.0,12.0,8.0,5.0,False
18.0,4.0,4.0,1.0,46.0,208.08,0.07,14.0,14.86,2913.17,0.07,161.84,15,0,1,0,14.0,9.0,28.0,18.0,7.0,False
47.0,8.0,5.0,6.0,0.0,0.0,0.0,0.0,0.0,0.0,0.0,0.0,0,0,0,0,0.0,0.0,0.0,0.0,15.0,False
42.0,4.0,1.0,3.0,150.0,787.19,0.06,15.46,50.91,12171.15,0.26,676.18,30,5,5,0,12.0,26.0,83.0,67.0,7.0,False
4.0,1.0,1.0,1.0,4.0,8.0,0.67,1.5,5.33,12.0,0.0,0.67,2,0,0,0,3.0,1.0,3.0,1.0,1.0,False
4.0,1.0,1.0,1.0,5.0,11.61,0.67,1.5,7.74,17.41,0.0,0.97,2,0,0,0,3.0,2.0,3.0,2.0,1.0,False
45.0,11.0,1.0,1.0,141.0,670.44,0.02,44.2,15.17,29633.41,0.22,1646.3,28,6,4,2,17.0,10.0,89.0,52.0,21.0,False
13.0,2.0,1.0,2.0,33.0,134.89,0.18,5.63,23.98,758.74,0.04,42.15,8,0,1,0,9.0,8.0,23.0,10.0,3.0,False
21.0,5.0,1.0,2.0,67.0,335.0,0.05,19.93,16.81,6676.07,0.11,370.89,12,0,4,0,18.0,14.0,36.0,31.0,9.0,False
45.0,6.0,3.0,3.0,138.0,770.72,0.05,21.43,35.97,16515.52,0.26,917.53,37,0,6,0,20.0,28.0,78.0,60.0,11.0,False
23.0,2.0,1.0,2.0,0.0,0.0,0.0,0.0,0.0,0.0,0.0,0.0,0,0,0,0,0.0,0.0,0.0,0.0,3.0,False
11.0,2.0,1.0,1.0,19.0,65.73,0.16,6.13,10.73,402.59,0.02,22.37,9,0,0,0,7.0,4.0,12.0,7.0,3.0,False
4.0,1.0,1.0,1.0,0.0,0.0,0.0,0.0,0.0,0.0,0.0,0.0,0,0,0,0,0.0,0.0,0.0,0.0,1.0,False
23.0,4.0,3.0,3.0,31.0,133.98,0.14,7.33,18.27,982.52,0.04,54.58,10,8,2,0,11.0,9.0,19.0,12.0,7.0,False
18.0,3.0,3.0,2.0,0.0,0.0,0.0,0.0,0.0,0.0,0.0,0.0,0,0,0,0,0.0,0.0,0.0,0.0,5.0,False
6.0,1.0,1.0,1.0,14.0,48.43,0.19,5.33,9.08,258.3,0.02,14.35,3,0,1,0,8.0,3.0,10.0,4.0,1.0,False
17.0,2.0,1.0,2.0,52.0,220.89,0.1,9.9,22.31,2186.83,0.07,121.49,14,0,1,0,9.0,10.0,30.0,22.0,3.0,False
167.0,27.0,1.0,21.0,461.0,2665.21,0.02,52.54,50.73,140031.41,0.89,7779.52,109,29,27,0,18.0,37.0,245.0,216.0,53.0,False
42.0,6.0,3.0,5.0,144.0,766.36,0.05,18.58,41.25,14236.57,0.26,790.92,29,4,7,0,14.0,26.0,75.0,69.0,11.0,False
4.0,1.0,1.0,1.0,5.0,11.61,0.67,1.5,7.74,17.41,0.0,0.97,2,0,0,0,3.0,2.0,3.0,2.0,1.0,False
52.0,6.0,1.0,6.0,253.0,1500.48,0.05,21.06,71.26,31595.26,0.5,1755.29,45,0,7,0,17.0,44.0,144.0,109.0,11.0,False
4.0,2.0,1.0,1.0,18.0,73.57,0.22,4.5,16.35,331.08,0.02,18.39,2,0,0,0,9.0,8.0,10.0,8.0,3.0,False
15.0,6.0,5.0,3.0,192.0,1014.8,0.03,31.63,32.09,32092.96,0.34,1782.94,10,0,2,1,23.0,16.0,148.0,44.0,11.0,False
5.0,1.0,1.0,1.0,11.0,34.87,0.5,2.0,17.43,69.74,0.01,3.87,5,0,0,0,4.0,5.0,6.0,5.0,1.0,False
40.0,4.0,1.0,4.0,151.0,740.94,0.06,16.32,45.36,12102.03,0.25,672.33,32,0,6,0,12.0,18.0,102.0,49.0,7.0,False
7.0,1.0,1.0,1.0,1.0,0.0,0.0,0.0,0.0,0.0,0.0,0.0,1,4,0,0,1.0,0.0,1.0,0.0,1.0,False
14.0,3.0,1.0,3.0,51.0,224.01,0.11,9.38,23.89,2100.08,0.07,116.67,11,0,1,0,9.0,12.0,26.0,25.0,5.0,False
32.0,4.0,4.0,3.0,97.0,519.67,0.08,12.4,41.9,6446.06,0.17,358.11,26,0,4,0,15.0,26.0,54.0,43.0,7.0,False
25.0,6.0,6.0,6.0,77.0,398.08,0.07,13.87,28.7,5520.8,0.13,306.71,21,0,2,0,17.0,19.0,46.0,31.0,11.0,False
9.0,1.0,1.0,1.0,20.0,60.0,0.17,5.83,10.29,350.0,0.02,19.44,7,0,0,0,5.0,3.0,13.0,7.0,1.0,False
31.0,4.0,4.0,3.0,89.0,448.95,0.09,11.14,40.29,5002.6,0.15,277.92,21,2,4,0,12.0,21.0,50.0,39.0,7.0,False
9.0,1.0,1.0,1.0,0.0,0.0,0.0,0.0,0.0,0.0,0.0,0.0,0,0,0,0,0.0,0.0,0.0,0.0,1.0,False
11.0,3.0,1.0,3.0,47.0,215.49,0.15,6.6,32.65,1422.26,0.07,79.01,11,0,0,0,9.0,15.0,25.0,22.0,5.0,False
18.0,4.0,1.0,2.0,41.0,180.09,0.14,7.33,24.56,1320.62,0.06,73.37,16,0,0,0,12.0,9.0,30.0,11.0,5.0,False
13.0,2.0,1.0,2.0,18.0,64.53,0.17,6.0,10.75,387.18,0.02,21.51,7,2,2,0,8.0,4.0,12.0,6.0,3.0,False
15.0,5.0,5.0,2.0,48.0,222.91,0.05,19.13,11.66,4263.06,0.07,236.84,12,0,1,0,17.0,8.0,30.0,18.0,9.0,False
55.0,10.0,1.0,10.0,157.0,777.81,0.03,38.86,20.02,30223.43,0.26,1679.08,42,9,1,1,17.0,14.0,93.0,64.0,11.0,False
6.0,1.0,1.0,1.0,6.0,15.51,0.5,2.0,7.75,31.02,0.01,1.72,2,1,0,0,4.0,2.0,4.0,2.0,1.0,False
12.0,2.0,1.0,2.0,18.0,64.53,0.25,4.0,16.12,258.12,0.02,14.34,9,0,1,0,6.0,6.0,10.0,8.0,3.0,False
19.0,3.0,1.0,2.0,43.0,191.76,0.07,13.72,13.97,2631.31,0.06,146.18,9,0,1,0,13.0,9.0,24.0,19.0,5.0,False
37.0,4.0,4.0,4.0,124.0,645.97,0.08,13.27,48.68,8572.59,0.22,476.25,25,5,5,0,13.0,24.0,75.0,49.0,7.0,False
26.0,6.0,4.0,3.0,106.0,560.25,0.06,16.0,35.02,8964.04,0.19,498.0,21,0,3,0,16.0,23.0,60.0,46.0,11.0,False
52.0,2.0,1.0,2.0,227.0,981.08,0.01,86.33,11.36,84699.71,0.33,4705.54,36,3,10,0,14.0,6.0,153.0,74.0,3.0,False
7.0,1.0,1.0,1.0,6.0,15.51,0.5,2.0,7.75,31.02,0.01,1.72,2,1,0,0,4.0,2.0,4.0,2.0,1.0,False
17.0,3.0,1.0,2.0,22.0,88.0,0.17,5.79,15.21,509.14,0.03,28.29,10,3,2,0,9.0,7.0,13.0,9.0,5.0,False
149.0,10.0,1.0,8.0,580.0,3578.56,0.05,20.21,177.03,72337.96,1.19,4018.78,135,3,8,1,9.0,63.0,297.0,283.0,19.0,False
73.0,10.0,9.0,5.0,0.0,0.0,0.0,0.0,0.0,0.0,0.0,0.0,0,0,0,0,0.0,0.0,0.0,0.0,19.0,False
24.0,11.0,8.0,1.0,0.0,0.0,0.0,0.0,0.0,0.0,0.0,0.0,0,0,0,0,0.0,0.0,0.0,0.0,21.0,False
20.0,4.0,3.0,2.0,50.0,242.9,0.07,14.88,16.32,3613.12,0.08,200.73,16,0,2,0,17.0,12.0,29.0,21.0,7.0,False
4.0,1.0,1.0,1.0,7.0,19.65,0.4,2.5,7.86,49.13,0.01,2.73,2,0,0,0,5.0,2.0,5.0,2.0,1.0,False
9.0,1.0,1.0,1.0,21.0,69.76,0.2,5.0,13.95,348.8,0.02,19.38,5,0,2,0,5.0,5.0,11.0,10.0,1.0,False
27.0,3.0,1.0,2.0,98.0,502.67,0.06,17.68,28.42,8889.32,0.17,493.85,24,0,2,1,16.0,19.0,56.0,42.0,5.0,False
15.0,2.0,1.0,2.0,0.0,0.0,0.0,0.0,0.0,0.0,0.0,0.0,0,0,0,0,0.0,0.0,0.0,0.0,3.0,False
4.0,1.0,1.0,1.0,4.0,8.0,0.67,1.5,5.33,12.0,0.0,0.67,2,0,0,0,3.0,1.0,3.0,1.0,1.0,False
24.0,2.0,1.0,2.0,88.0,477.51,0.15,6.87,69.46,3282.89,0.16,182.38,19,0,3,0,11.0,32.0,48.0,40.0,3.0,False
26.0,1.0,1.0,1.0,92.0,482.81,0.1,9.88,48.87,4770.16,0.16,265.01,18,0,5,0,13.0,25.0,54.0,38.0,1.0,False
7.0,1.0,1.0,1.0,20.0,71.7,0.29,3.5,20.49,250.95,0.02,13.94,4,0,1,0,6.0,6.0,13.0,7.0,1.0,False
4.0,1.0,1.0,1.0,5.0,11.61,0.67,1.5,7.74,17.41,0.0,0.97,2,0,0,0,3.0,2.0,3.0,2.0,1.0,False
23.0,4.0,1.0,4.0,50.0,216.1,0.2,4.93,43.85,1065.05,0.07,59.17,20,0,0,0,6.0,14.0,27.0,23.0,7.0,False
52.0,6.0,1.0,6.0,123.0,667.43,0.07,14.71,45.37,9818.93,0.22,545.5,42,0,6,1,17.0,26.0,78.0,45.0,11.0,False
4.0,1.0,1.0,1.0,7.0,19.65,0.5,2.0,9.83,39.3,0.01,2.18,2,0,0,0,4.0,3.0,4.0,3.0,1.0,False
4.0,1.0,1.0,1.0,7.0,19.65,0.5,2.0,9.83,39.3,0.01,2.18,2,0,0,0,4.0,3.0,4.0,3.0,1.0,False
11.0,1.0,1.0,1.0,0.0,0.0,0.0,0.0,0.0,0.0,0.0,0.0,0,0,0,0,0.0,0.0,0.0,0.0,1.0,False
18.0,3.0,3.0,2.0,36.0,152.93,0.08,12.0,12.74,1835.1,0.05,101.95,14,0,1,1,12.0,7.0,22.0,14.0,5.0,False
63.0,7.0,1.0,5.0,145.0,805.42,0.06,16.0,50.34,12886.65,0.27,715.92,44,6,11,0,16.0,31.0,83.0,62.0,13.0,False
16.0,1.0,1.0,1.0,63.0,257.51,0.1,10.5,24.52,2703.86,0.09,150.21,9,1,3,0,7.0,10.0,33.0,30.0,1.0,False
15.0,3.0,3.0,2.0,30.0,131.77,0.12,8.13,16.21,1070.63,0.04,59.48,9,0,4,0,13.0,8.0,20.0,10.0,5.0,False
9.0,2.0,1.0,1.0,29.0,116.0,0.12,8.33,13.92,966.67,0.04,53.7,7,0,0,0,10.0,6.0,19.0,10.0,3.0,False
19.0,5.0,5.0,3.0,77.0,388.42,0.05,19.8,19.62,7690.68,0.13,427.26,15,0,2,0,18.0,15.0,44.0,33.0,9.0,False
25.0,5.0,3.0,1.0,0.0,0.0,0.0,0.0,0.0,0.0,0.0,0.0,0,0,0,0,0.0,0.0,0.0,0.0,9.0,False
24.0,5.0,1.0,3.0,87.0,431.02,0.09,11.0,39.18,4741.17,0.14,263.4,18,0,4,0,11.0,20.0,47.0,40.0,9.0,False
17.0,1.0,1.0,1.0,53.0,168.01,0.07,14.0,12.0,2352.08,0.06,130.66,14,0,1,0,6.0,3.0,39.0,14.0,1.0,False
5.0,1.0,1.0,1.0,13.0,41.21,0.2,5.0,8.24,206.05,0.01,11.45,3,0,0,0,6.0,3.0,8.0,5.0,1.0,False
19.0,2.0,1.0,2.0,77.0,377.83,0.07,14.88,25.4,5620.23,0.13,312.23,13,0,4,0,14.0,16.0,43.0,34.0,3.0,False
15.0,6.0,1.0,5.0,70.0,332.84,0.08,13.2,25.22,4393.52,0.11,244.08,12,0,1,0,12.0,15.0,37.0,33.0,11.0,False
17.0,2.0,1.0,2.0,25.0,95.18,0.14,7.33,12.98,698.02,0.03,38.78,9,2,3,0,8.0,6.0,14.0,11.0,3.0,False
19.0,2.0,1.0,2.0,40.0,175.69,0.19,5.23,33.59,919.01,0.06,51.06,13,0,3,1,8.0,13.0,23.0,17.0,3.0,False
379.0,57.0,36.0,21.0,1215.0,8747.6,0.01,120.09,72.85,1050455.77,2.92,58358.65,277,54,46,0,47.0,100.0,704.0,511.0,106.0,False
23.0,3.0,1.0,3.0,51.0,245.18,0.11,9.1,26.94,2231.09,0.08,123.95,17,1,1,0,13.0,15.0,30.0,21.0,5.0,False
34.0,5.0,1.0,1.0,78.0,370.88,0.07,14.39,25.77,5338.04,0.12,296.56,27,0,5,0,13.0,14.0,47.0,31.0,7.0,False
29.0,6.0,1.0,5.0,57.0,242.13,0.17,5.77,41.97,1396.91,0.08,77.61,24,0,3,0,6.0,13.0,32.0,25.0,11.0,False
240.0,16.0,10.0,11.0,0.0,0.0,0.0,0.0,0.0,0.0,0.0,0.0,0,0,0,0,0.0,0.0,0.0,0.0,31.0,False
20.0,3.0,1.0,3.0,35.0,151.27,0.17,5.73,26.41,866.35,0.05,48.13,14,0,3,1,9.0,11.0,21.0,14.0,5.0,False
23.0,7.0,4.0,4.0,62.0,312.75,0.07,15.38,20.33,4811.58,0.1,267.31,17,0,4,0,20.0,13.0,42.0,20.0,13.0,False
22.0,5.0,1.0,5.0,41.0,156.1,0.15,6.75,23.13,1053.69,0.05,58.54,18,1,1,0,6.0,8.0,23.0,18.0,9.0,False
54.0,13.0,12.0,8.0,171.0,944.53,0.04,24.75,38.16,23377.1,0.31,1298.73,39,5,6,2,18.0,28.0,94.0,77.0,25.0,False
16.0,6.0,3.0,2.0,66.0,302.61,0.05,18.2,16.63,5507.46,0.1,305.97,13,0,1,0,14.0,10.0,40.0,26.0,11.0,False
12.0,3.0,1.0,3.0,46.0,202.05,0.12,8.18,24.69,1653.11,0.07,91.84,10,0,0,0,10.0,11.0,28.0,18.0,5.0,False
9.0,1.0,1.0,1.0,16.0,55.35,0.44,2.29,24.22,126.52,0.02,7.03,4,0,3,0,4.0,7.0,8.0,8.0,1.0,False
11.0,1.0,1.0,1.0,45.0,197.65,0.11,8.8,22.46,1739.36,0.07,96.63,6,0,3,0,11.0,10.0,29.0,16.0,1.0,False
38.0,7.0,1.0,7.0,132.0,687.65,0.05,18.75,36.67,12893.4,0.23,716.3,26,0,10,0,15.0,22.0,77.0,55.0,13.0,False
4.0,1.0,1.0,1.0,7.0,19.65,0.5,2.0,9.83,39.3,0.01,2.18,2,0,0,0,4.0,3.0,4.0,3.0,1.0,False
8.0,2.0,1.0,1.0,21.0,87.57,0.2,5.0,17.51,437.84,0.03,24.32,6,0,0,0,10.0,8.0,13.0,8.0,3.0,False
57.0,12.0,7.0,6.0,163.0,933.65,0.06,17.94,52.03,16753.84,0.31,930.77,40,15,2,0,17.0,36.0,87.0,76.0,23.0,False
72.0,10.0,1.0,1.0,272.0,1447.56,0.02,41.62,34.78,60246.25,0.48,3347.01,61,0,9,0,19.0,21.0,180.0,92.0,16.0,False
39.0,6.0,1.0,5.0,63.0,276.72,0.12,8.31,33.31,2298.87,0.09,127.72,24,6,6,0,8.0,13.0,36.0,27.0,11.0,False
22.0,5.0,1.0,3.0,69.0,341.84,0.07,15.0,22.79,5127.59,0.11,284.87,16,0,3,0,15.0,16.0,37.0,32.0,9.0,False
24.0,3.0,1.0,2.0,56.0,249.73,0.09,11.0,22.7,2747.01,0.08,152.61,19,0,3,0,11.0,11.0,34.0,22.0,5.0,False
10.0,3.0,3.0,2.0,20.0,80.0,0.17,5.83,13.71,466.67,0.03,25.93,6,0,1,0,10.0,6.0,13.0,7.0,5.0,False
4.0,1.0,1.0,1.0,4.0,8.0,0.67,1.5,5.33,12.0,0.0,0.67,2,0,0,0,3.0,1.0,3.0,1.0,1.0,False
33.0,3.0,3.0,2.0,131.0,753.89,0.11,8.86,85.12,6677.31,0.25,370.96,25,1,5,0,12.0,42.0,69.0,62.0,5.0,False
17.0,2.0,1.0,2.0,56.0,272.05,0.16,6.32,43.07,1718.19,0.09,95.46,13,0,1,0,10.0,19.0,32.0,24.0,3.0,False
6.0,1.0,1.0,1.0,15.0,38.77,0.25,4.0,9.69,155.1,0.01,8.62,3,0,1,0,4.0,2.0,11.0,4.0,1.0,False
4.0,1.0,1.0,1.0,3.0,4.75,0.0,0.0,0.0,0.0,0.0,0.0,2,0,0,0,3.0,0.0,3.0,0.0,1.0,False
12.0,2.0,1.0,2.0,52.0,241.48,0.15,6.75,35.77,1629.99,0.08,90.56,9,0,1,0,9.0,16.0,28.0,24.0,3.0,False
26.0,4.0,1.0,4.0,65.0,330.69,0.09,11.11,29.76,3674.28,0.11,204.13,18,0,6,0,16.0,18.0,40.0,25.0,5.0,False
58.0,8.0,1.0,7.0,207.0,1255.68,0.05,20.77,60.45,26082.67,0.42,1449.04,54,0,1,0,21.0,46.0,116.0,91.0,15.0,False
34.0,1.0,1.0,1.0,116.0,617.34,0.09,11.36,54.36,7011.26,0.21,389.51,20,4,7,0,12.0,28.0,63.0,53.0,1.0,False
20.0,1.0,1.0,1.0,64.0,293.44,0.11,9.31,31.53,2731.23,0.1,151.73,13,0,5,0,11.0,13.0,42.0,22.0,1.0,False
38.0,2.0,1.0,2.0,163.0,867.47,0.05,21.67,40.04,18795.28,0.29,1044.18,26,3,7,0,16.0,24.0,98.0,65.0,3.0,False
53.0,7.0,6.0,6.0,92.0,479.27,0.07,14.03,34.17,6721.76,0.16,373.43,39,6,4,1,17.0,20.0,59.0,33.0,13.0,False
29.0,3.0,3.0,2.0,0.0,0.0,0.0,0.0,0.0,0.0,0.0,0.0,0,0,0,0,0.0,0.0,0.0,0.0,5.0,False
7.0,2.0,1.0,2.0,34.0,144.43,0.14,7.22,20.0,1043.09,0.05,57.95,4,0,1,0,10.0,9.0,21.0,13.0,3.0,False
11.0,1.0,1.0,1.0,44.0,152.21,0.11,9.0,16.91,1369.93,0.05,76.11,6,0,2,1,6.0,5.0,29.0,15.0,1.0,False
62.0,10.0,8.0,9.0,138.0,739.34,0.05,18.24,40.53,13485.6,0.25,749.2,46,6,8,0,16.0,25.0,81.0,57.0,19.0,False
13.0,1.0,1.0,1.0,54.0,240.81,0.11,9.5,25.35,2287.69,0.08,127.09,8,0,1,0,11.0,11.0,35.0,19.0,1.0,False
44.0,10.0,8.0,7.0,208.0,1243.27,0.04,26.74,46.5,33242.04,0.41,1846.78,39,0,4,1,23.0,40.0,115.0,93.0,19.0,False
25.0,13.0,13.0,13.0,108.0,501.54,0.07,14.14,35.46,7093.16,0.17,394.06,19,0,4,0,11.0,14.0,72.0,36.0,25.0,False
4.0,1.0,1.0,1.0,10.0,31.7,0.4,2.5,12.68,79.25,0.01,4.4,2,0,0,0,5.0,4.0,6.0,4.0,1.0,False
32.0,3.0,1.0,2.0,0.0,0.0,0.0,0.0,0.0,0.0,0.0,0.0,0,0,0,0,0.0,0.0,0.0,0.0,5.0,False
21.0,2.0,1.0,1.0,57.0,261.33,0.11,8.88,29.42,2321.93,0.09,129.0,12,3,4,0,11.0,13.0,36.0,21.0,3.0,False
13.0,3.0,1.0,3.0,44.0,209.22,0.13,8.0,26.15,1673.72,0.07,92.98,10,0,1,0,12.0,15.0,24.0,20.0,5.0,False
12.0,4.0,3.0,3.0,27.0,112.59,0.15,6.87,16.37,774.04,0.04,43.0,11,0,1,0,10.0,8.0,16.0,11.0,7.0,False
5.0,1.0,1.0,1.0,2.0,2.0,0.0,0.0,0.0,0.0,0.0,0.0,1,0,0,1,2.0,0.0,2.0,0.0,1.0,False
16.0,2.0,1.0,2.0,14.0,50.19,0.33,3.0,16.73,150.57,0.02,8.36,5,6,1,0,6.0,6.0,8.0,6.0,3.0,False
41.0,6.0,4.0,6.0,163.0,842.7,0.03,30.5,27.63,25702.28,0.28,1427.9,25,4,8,1,18.0,18.0,102.0,61.0,11.0,False
89.0,1.0,1.0,1.0,405.0,2660.79,0.06,15.59,170.62,41494.88,0.89,2305.27,59,2,18,6,16.0,79.0,251.0,154.0,1.0,False
32.0,5.0,1.0,5.0,119.0,578.1,0.03,33.55,17.23,19392.62,0.19,1077.37,15,0,13,0,18.0,11.0,78.0,41.0,9.0,False
72.0,6.0,1.0,1.0,104.0,510.32,0.06,18.0,28.35,9185.7,0.17,510.32,41,13,16,0,15.0,15.0,68.0,36.0,11.0,False
91.0,15.0,11.0,10.0,354.0,2139.72,0.03,35.0,61.13,74890.04,0.71,4160.56,75,3,11,0,22.0,44.0,214.0,140.0,29.0,False
5.0,1.0,1.0,1.0,0.0,0.0,0.0,0.0,0.0,0.0,0.0,0.0,0,0,0,0,0.0,0.0,0.0,0.0,1.0,False
42.0,2.0,1.0,2.0,171.0,739.05,0.02,65.33,11.31,48284.58,0.25,2682.48,28,3,8,0,14.0,6.0,115.0,56.0,3.0,False
15.0,2.0,1.0,2.0,0.0,0.0,0.0,0.0,0.0,0.0,0.0,0.0,0,0,0,0,0.0,0.0,0.0,0.0,3.0,False
13.0,4.0,1.0,4.0,56.0,245.97,0.07,14.67,16.77,3607.56,0.08,200.42,10,0,1,0,12.0,9.0,34.0,22.0,7.0,False
25.0,3.0,1.0,3.0,74.0,347.83,0.08,12.86,27.05,4472.13,0.12,248.45,21,0,4,0,12.0,14.0,44.0,30.0,5.0,False
198.0,46.0,19.0,17.0,901.0,6024.54,0.01,100.31,60.06,604291.69,2.0,33571.76,153,12,31,0,44.0,59.0,632.0,269.0,79.0,False
10.0,2.0,1.0,2.0,25.0,97.67,0.23,4.38,22.33,427.32,0.03,23.74,7,0,1,0,7.0,8.0,15.0,10.0,3.0,False
52.0,4.0,3.0,3.0,166.0,946.27,0.04,23.71,39.91,22435.83,0.32,1246.43,35,2,9,0,21.0,32.0,97.0,70.0,7.0,False
47.0,17.0,17.0,13.0,232.0,1251.02,0.02,40.07,31.22,50122.29,0.42,2784.57,40,0,5,0,19.0,23.0,135.0,97.0,33.0,False
87.0,6.0,4.0,5.0,304.0,1837.5,0.03,32.2,57.07,59167.37,0.61,3287.08,66,3,16,0,21.0,45.0,166.0,138.0,11.0,False
37.0,13.0,13.0,11.0,108.0,596.54,0.08,12.8,46.61,7635.77,0.2,424.21,33,1,1,0,16.0,30.0,60.0,48.0,25.0,False
4.0,1.0,1.0,1.0,4.0,8.0,0.67,1.5,5.33,12.0,0.0,0.67,2,0,0,0,3.0,1.0,3.0,1.0,1.0,False
9.0,3.0,1.0,1.0,34.0,151.62,0.11,9.0,16.85,1364.59,0.05,75.81,7,0,0,0,12.0,10.0,19.0,15.0,5.0,False
25.0,6.0,5.0,2.0,58.0,269.34,0.04,25.71,10.47,6925.98,0.09,384.78,17,4,2,0,18.0,7.0,38.0,20.0,11.0,False
15.0,2.0,1.0,1.0,61.0,283.28,0.08,12.46,22.74,3529.14,0.09,196.06,10,0,3,0,13.0,12.0,38.0,23.0,3.0,False
24.0,4.0,3.0,2.0,82.0,439.32,0.08,12.52,35.08,5501.48,0.15,305.64,12,6,4,0,19.0,22.0,53.0,29.0,7.0,False
4.0,1.0,1.0,1.0,4.0,8.0,0.67,1.5,5.33,12.0,0.0,0.67,2,0,0,0,3.0,1.0,3.0,1.0,1.0,False
13.0,3.0,1.0,3.0,51.0,224.01,0.11,9.38,23.89,2100.08,0.07,116.67,10,0,1,0,9.0,12.0,26.0,25.0,5.0,False
23.0,2.0,1.0,2.0,56.0,263.22,0.1,9.86,26.7,2594.64,0.09,144.15,14,3,4,0,12.0,14.0,33.0,23.0,3.0,False
4.0,1.0,1.0,1.0,7.0,19.65,0.5,2.0,9.83,39.3,0.01,2.18,2,0,0,0,4.0,3.0,4.0,3.0,1.0,False
85.0,38.0,30.0,4.0,318.0,1794.75,0.03,39.66,45.26,71172.91,0.6,3954.05,68,6,10,0,18.0,32.0,177.0,141.0,75.0,False
5.0,1.0,1.0,1.0,0.0,0.0,0.0,0.0,0.0,0.0,0.0,0.0,0,0,0,0,0.0,0.0,0.0,0.0,1.0,False
20.0,3.0,1.0,3.0,65.0,315.77,0.07,13.54,23.32,4275.02,0.11,237.5,15,0,3,0,16.0,13.0,43.0,22.0,5.0,False
142.0,30.0,24.0,12.0,574.0,3444.0,0.02,63.6,54.15,219038.4,1.15,12168.8,113,12,13,0,24.0,40.0,362.0,212.0,59.0,True
4.0,1.0,1.0,1.0,8.0,24.0,0.4,2.5,9.6,60.0,0.01,3.33,2,0,0,0,5.0,3.0,5.0,3.0,1.0,False
10.0,2.0,1.0,2.0,30.0,129.66,0.1,9.75,13.3,1264.16,0.04,70.23,7,0,1,0,12.0,8.0,17.0,13.0,3.0,False
20.0,4.0,1.0,1.0,48.0,200.16,0.06,18.07,11.08,3617.11,0.07,200.95,13,2,3,0,11.0,7.0,25.0,23.0,7.0,False
23.0,1.0,1.0,1.0,89.0,463.64,0.2,4.9,94.62,2271.84,0.15,126.21,20,1,0,0,7.0,30.0,47.0,42.0,1.0,False
27.0,3.0,1.0,3.0,0.0,0.0,0.0,0.0,0.0,0.0,0.0,0.0,0,0,0,0,0.0,0.0,0.0,0.0,5.0,False
4.0,1.0,1.0,1.0,6.0,15.51,0.5,2.0,7.75,31.02,0.01,1.72,2,0,0,0,4.0,2.0,4.0,2.0,1.0,False
10.0,5.0,5.0,2.0,0.0,0.0,0.0,0.0,0.0,0.0,0.0,0.0,0,0,0,0,0.0,0.0,0.0,0.0,9.0,False
9.0,2.0,1.0,2.0,17.0,62.91,0.16,6.4,9.83,402.61,0.02,22.37,6,0,1,0,8.0,5.0,9.0,8.0,3.0,False
25.0,3.0,1.0,3.0,89.0,476.82,0.12,8.48,56.21,4044.77,0.16,224.71,20,0,3,0,12.0,29.0,48.0,41.0,5.0,False
23.0,5.0,3.0,5.0,101.0,518.05,0.05,20.12,25.75,10422.1,0.17,579.01,17,0,4,0,18.0,17.0,63.0,38.0,9.0,False
43.0,4.0,4.0,2.0,63.0,292.56,0.06,17.25,16.96,5046.71,0.1,280.37,25,12,4,0,15.0,10.0,41.0,23.0,7.0,False
35.0,4.0,1.0,2.0,71.0,355.0,0.09,10.95,32.43,3886.32,0.12,215.91,25,3,4,0,13.0,19.0,39.0,32.0,7.0,False
38.0,8.0,5.0,1.0,88.0,427.5,0.04,27.62,15.48,11809.75,0.14,656.1,22,3,7,1,17.0,12.0,49.0,39.0,15.0,False
15.0,6.0,5.0,3.0,192.0,1014.8,0.03,31.63,32.09,32092.96,0.34,1782.94,10,0,2,1,23.0,16.0,148.0,44.0,11.0,False
31.0,6.0,1.0,5.0,93.0,473.13,0.06,16.97,27.87,8030.83,0.16,446.16,28,0,1,0,15.0,19.0,50.0,43.0,11.0,False
37.0,5.0,3.0,1.0,84.0,427.35,0.08,12.95,33.0,5534.14,0.14,307.45,27,2,6,0,14.0,20.0,47.0,37.0,9.0,False
4.0,1.0,1.0,1.0,9.0,27.0,0.5,2.0,13.5,54.0,0.01,3.0,2,0,0,0,4.0,4.0,5.0,4.0,1.0,False
16.0,2.0,1.0,2.0,77.0,409.79,0.12,8.67,47.28,3551.5,0.14,197.31,14,0,2,0,13.0,27.0,41.0,36.0,3.0,False
13.0,1.0,1.0,1.0,38.0,161.42,0.29,3.39,47.58,547.68,0.05,30.43,10,0,1,0,5.0,14.0,19.0,19.0,1.0,False
80.0,8.0,1.0,7.0,246.0,1497.52,0.03,33.95,44.11,50840.66,0.5,2824.48,63,0,10,0,28.0,40.0,149.0,97.0,9.0,False
25.0,3.0,1.0,3.0,71.0,355.0,0.11,9.3,38.17,3301.5,0.12,183.42,20,0,2,0,12.0,20.0,40.0,31.0,5.0,False
10.0,1.0,1.0,1.0,0.0,0.0,0.0,0.0,0.0,0.0,0.0,0.0,0,0,0,0,0.0,0.0,0.0,0.0,1.0,False
24.0,6.0,4.0,1.0,46.0,205.13,0.08,13.0,15.78,2666.74,0.07,148.15,18,1,3,0,13.0,9.0,28.0,18.0,11.0,False
9.0,2.0,1.0,2.0,18.0,66.61,0.33,3.0,22.2,199.82,0.02,11.1,7,0,0,0,6.0,7.0,11.0,7.0,3.0,False
67.0,11.0,9.0,4.0,253.0,1346.45,0.02,55.82,24.12,75153.05,0.45,4175.17,53,3,8,0,21.0,19.0,152.0,101.0,21.0,False
10.0,3.0,1.0,1.0,0.0,0.0,0.0,0.0,0.0,0.0,0.0,0.0,0,0,0,0,0.0,0.0,0.0,0.0,5.0,False
142.0,5.0,1.0,5.0,338.0,2160.6,0.06,15.5,139.39,33489.35,0.72,1860.52,111,0,29,0,14.0,70.0,183.0,155.0,9.0,False
87.0,5.0,1.0,2.0,0.0,0.0,0.0,0.0,0.0,0.0,0.0,0.0,0,0,0,0,0.0,0.0,0.0,0.0,9.0,False
5.0,1.0,1.0,1.0,7.0,18.09,0.5,2.0,9.05,36.19,0.01,2.0,3,0,0,0,4.0,2.0,5.0,2.0,1.0,False
11.0,3.0,3.0,2.0,49.0,235.56,0.1,9.81,24.02,2310.3,0.08,128.35,9,0,0,0,15.0,13.0,32.0,17.0,5.0,False
6.0,3.0,3.0,2.0,15.0,58.6,0.22,4.5,13.02,263.72,0.02,14.65,3,0,1,0,9.0,6.0,9.0,6.0,5.0,False
158.0,21.0,10.0,11.0,328.0,1790.69,0.02,50.42,35.52,90280.8,0.6,5015.6,95,30,31,0,20.0,24.0,207.0,121.0,41.0,False
82.0,19.0,12.0,13.0,265.0,1624.26,0.05,22.0,73.83,35733.72,0.54,1985.21,65,1,11,1,22.0,46.0,171.0,96.0,37.0,True
5.0,1.0,1.0,1.0,5.0,11.61,0.67,1.5,7.74,17.41,0.0,0.97,2,0,1,0,3.0,2.0,3.0,2.0,1.0,False
4.0,1.0,1.0,1.0,4.0,8.0,0.67,1.5,5.33,12.0,0.0,0.67,2,0,0,0,3.0,1.0,3.0,1.0,1.0,False
9.0,1.0,1.0,1.0,41.0,141.84,0.13,7.8,18.18,1106.33,0.05,61.46,7,0,0,0,6.0,5.0,28.0,13.0,1.0,False
53.0,10.0,7.0,7.0,129.0,724.3,0.05,20.63,35.12,14938.64,0.24,829.92,33,7,8,2,21.0,28.0,74.0,55.0,19.0,False
189.0,1.0,1.0,1.0,530.0,3449.13,0.05,20.0,172.46,68982.62,1.15,3832.37,104,51,32,0,13.0,78.0,290.0,240.0,1.0,False
30.0,6.0,1.0,4.0,0.0,0.0,0.0,0.0,0.0,0.0,0.0,0.0,0,0,0,0,0.0,0.0,0.0,0.0,11.0,False
5.0,1.0,1.0,1.0,12.0,39.86,0.4,2.5,15.95,99.66,0.01,5.54,5,0,0,0,5.0,5.0,7.0,5.0,1.0,False
52.0,5.0,1.0,3.0,171.0,922.09,0.04,23.38,39.43,21562.63,0.31,1197.92,39,0,11,0,16.0,26.0,95.0,76.0,9.0,False
46.0,9.0,8.0,5.0,164.0,889.91,0.06,17.38,51.2,15465.98,0.3,859.22,40,0,4,0,14.0,29.0,92.0,72.0,17.0,False
33.0,4.0,1.0,1.0,58.0,269.34,0.08,12.09,22.28,3256.61,0.09,180.92,29,0,2,0,14.0,11.0,39.0,19.0,7.0,False
17.0,2.0,1.0,2.0,78.0,342.6,0.08,12.0,28.55,4111.21,0.11,228.4,13,0,2,0,9.0,12.0,46.0,32.0,3.0,False
97.0,11.0,5.0,6.0,375.0,2241.48,0.03,32.6,68.75,73077.34,0.75,4059.85,75,7,11,0,19.0,44.0,224.0,151.0,21.0,False
16.0,3.0,1.0,2.0,35.0,158.32,0.11,8.73,18.14,1381.74,0.05,76.76,13,0,2,1,12.0,11.0,19.0,16.0,5.0,False
21.0,3.0,1.0,3.0,45.0,203.56,0.14,6.92,29.4,1409.26,0.07,78.29,15,1,3,0,10.0,13.0,27.0,18.0,5.0,False
5.0,1.0,1.0,1.0,0.0,0.0,0.0,0.0,0.0,0.0,0.0,0.0,0,0,0,0,0.0,0.0,0.0,0.0,1.0,False
65.0,17.0,12.0,8.0,269.0,1477.31,0.02,60.64,24.36,89578.61,0.49,4976.59,58,0,4,1,23.0,22.0,153.0,116.0,33.0,False
45.0,3.0,1.0,1.0,118.0,584.6,0.04,22.93,25.49,13406.72,0.19,744.82,33,1,9,0,16.0,15.0,75.0,43.0,5.0,True
60.0,15.0,15.0,7.0,346.0,1991.19,0.02,51.56,38.62,102670.79,0.66,5703.93,53,0,7,0,22.0,32.0,196.0,150.0,29.0,False
8.0,3.0,3.0,2.0,20.0,81.75,0.22,4.5,18.17,367.87,0.03,20.44,4,0,2,0,9.0,8.0,12.0,8.0,5.0,False
7.0,3.0,1.0,1.0,17.0,60.94,0.2,4.9,12.44,298.63,0.02,16.59,3,1,1,0,7.0,5.0,10.0,7.0,5.0,False
22.0,4.0,1.0,2.0,77.0,381.47,0.07,14.0,27.25,5340.62,0.13,296.7,16,0,4,0,14.0,17.0,43.0,34.0,7.0,False
23.0,2.0,1.0,2.0,55.0,197.17,0.1,10.0,19.72,1971.73,0.07,109.54,18,0,3,0,6.0,6.0,35.0,20.0,3.0,False
39.0,3.0,3.0,2.0,70.0,350.0,0.12,8.11,43.11,2841.67,0.12,157.87,20,11,6,0,11.0,21.0,39.0,31.0,5.0,False
22.0,1.0,1.0,1.0,75.0,352.53,0.1,9.9,35.61,3490.08,0.12,193.89,15,0,5,0,11.0,15.0,48.0,27.0,1.0,False
4.0,1.0,1.0,1.0,6.0,15.51,0.5,2.0,7.75,31.02,0.01,1.72,2,0,0,0,4.0,2.0,4.0,2.0,1.0,False
20.0,1.0,1.0,1.0,177.0,800.67,0.09,11.11,72.06,8896.34,0.27,494.24,17,0,1,0,5.0,18.0,97.0,80.0,1.0,False
77.0,14.0,1.0,4.0,309.0,1743.95,0.01,71.5,24.39,124692.54,0.58,6927.36,62,5,8,0,26.0,24.0,177.0,132.0,27.0,False
10.0,6.0,6.0,1.0,68.0,323.33,0.04,25.0,12.93,8083.31,0.11,449.07,8,0,1,1,18.0,9.0,43.0,25.0,11.0,False
41.0,8.0,1.0,7.0,90.0,423.04,0.08,13.29,31.84,5620.38,0.14,312.24,26,6,6,0,12.0,14.0,59.0,31.0,15.0,False
22.0,3.0,1.0,2.0,55.0,252.17,0.11,9.5,26.54,2395.64,0.08,133.09,18,0,2,0,12.0,12.0,36.0,19.0,5.0,False
8.0,1.0,1.0,1.0,0.0,0.0,0.0,0.0,0.0,0.0,0.0,0.0,0,0,0,0,0.0,0.0,0.0,0.0,1.0,True
13.0,5.0,1.0,5.0,22.0,81.41,0.24,4.08,19.94,332.42,0.03,18.47,8,0,3,0,7.0,6.0,15.0,7.0,9.0,False
56.0,12.0,10.0,10.0,149.0,798.28,0.04,25.43,31.39,20303.96,0.27,1128.0,34,11,9,0,18.0,23.0,84.0,65.0,23.0,False
12.0,4.0,4.0,4.0,53.0,232.79,0.13,7.69,30.26,1790.71,0.08,99.48,9,0,1,0,8.0,13.0,28.0,25.0,7.0,False
4.0,1.0,1.0,1.0,12.0,36.0,0.24,4.17,8.64,150.0,0.01,8.33,2,0,0,0,5.0,3.0,7.0,5.0,1.0,False
10.0,2.0,1.0,2.0,15.0,55.51,0.25,4.0,13.88,222.03,0.02,12.33,6,0,2,0,8.0,5.0,10.0,5.0,3.0,False
16.0,3.0,1.0,2.0,0.0,0.0,0.0,0.0,0.0,0.0,0.0,0.0,0,0,0,0,0.0,0.0,0.0,0.0,5.0,False
4.0,1.0,1.0,1.0,5.0,11.61,0.67,1.5,7.74,17.41,0.0,0.97,2,0,0,0,3.0,2.0,3.0,2.0,1.0,False
5.0,1.0,1.0,1.0,13.0,43.19,0.27,3.75,11.52,161.94,0.01,9.0,3,0,0,0,6.0,4.0,8.0,5.0,1.0,False
92.0,16.0,7.0,9.0,278.0,1648.74,0.03,36.97,44.59,60959.0,0.55,3386.61,61,16,13,0,24.0,37.0,164.0,114.0,31.0,False
32.0,5.0,1.0,3.0,102.0,535.29,0.05,20.7,25.86,11080.47,0.18,615.58,21,7,4,0,18.0,20.0,56.0,46.0,9.0,False
14.0,2.0,1.0,2.0,29.0,116.0,0.11,9.0,12.89,1044.0,0.04,58.0,10,1,1,0,9.0,7.0,15.0,14.0,3.0,False
14.0,2.0,1.0,2.0,50.0,212.4,0.16,6.42,33.1,1362.88,0.07,75.72,12,0,0,0,7.0,12.0,28.0,22.0,3.0,False
62.0,3.0,1.0,1.0,106.0,504.02,0.06,15.81,31.87,7969.79,0.17,442.77,29,19,8,3,11.0,16.0,60.0,46.0,5.0,False
54.0,11.0,7.0,9.0,201.0,1134.42,0.03,29.67,38.24,33654.31,0.38,1869.68,44,1,7,0,20.0,30.0,112.0,89.0,21.0,False
4.0,1.0,1.0,1.0,5.0,11.61,0.67,1.5,7.74,17.41,0.0,0.97,2,0,0,0,3.0,2.0,3.0,2.0,1.0,False
69.0,7.0,1.0,6.0,0.0,0.0,0.0,0.0,0.0,0.0,0.0,0.0,0,0,0,0,0.0,0.0,0.0,0.0,13.0,False
126.0,22.0,22.0,1.0,256.0,1380.43,0.02,56.89,24.26,78539.39,0.46,4363.3,85,27,11,0,23.0,19.0,162.0,94.0,37.0,False
13.0,2.0,1.0,2.0,0.0,0.0,0.0,0.0,0.0,0.0,0.0,0.0,0,0,0,0,0.0,0.0,0.0,0.0,3.0,False
19.0,3.0,1.0,2.0,40.0,180.94,0.08,13.13,13.79,2374.87,0.06,131.94,14,0,3,0,15.0,8.0,26.0,14.0,5.0,False
8.0,1.0,1.0,1.0,23.0,95.91,0.16,6.29,15.26,602.85,0.03,33.49,4,0,2,0,11.0,7.0,15.0,8.0,1.0,False
23.0,9.0,9.0,3.0,86.0,408.92,0.03,30.0,13.63,12267.61,0.14,681.53,15,2,3,0,18.0,9.0,56.0,30.0,17.0,False
13.0,2.0,1.0,1.0,27.0,96.79,0.17,6.0,16.12,580.76,0.03,32.25,11,0,0,0,6.0,6.0,15.0,12.0,3.0,False
38.0,4.0,1.0,4.0,165.0,801.57,0.06,17.78,45.1,14247.85,0.27,791.55,35,0,1,0,9.0,20.0,86.0,79.0,7.0,False
7.0,2.0,1.0,2.0,20.0,80.0,0.16,6.43,12.44,514.28,0.03,28.57,4,0,1,0,9.0,7.0,10.0,10.0,3.0,False
4.0,1.0,1.0,1.0,9.0,27.0,0.5,2.0,13.5,54.0,0.01,3.0,2,0,0,0,4.0,4.0,5.0,4.0,1.0,False
20.0,4.0,1.0,1.0,78.0,362.22,0.09,11.67,31.05,4225.91,0.12,234.77,14,0,4,0,10.0,15.0,43.0,35.0,7.0,False
28.0,7.0,1.0,3.0,66.0,289.89,0.05,21.0,13.8,6087.75,0.1,338.21,16,8,2,0,14.0,7.0,45.0,21.0,13.0,False
7.0,2.0,1.0,1.0,18.0,72.0,0.19,5.14,14.0,370.29,0.02,20.57,4,0,1,0,9.0,7.0,10.0,8.0,3.0,False
18.0,3.0,1.0,2.0,43.0,202.12,0.11,9.5,21.28,1920.13,0.07,106.67,14,0,2,0,13.0,13.0,24.0,19.0,5.0,False
10.0,1.0,1.0,1.0,28.0,96.86,0.11,8.75,11.07,847.56,0.03,47.09,6,0,2,0,7.0,4.0,18.0,10.0,1.0,False
23.0,4.0,1.0,3.0,0.0,0.0,0.0,0.0,0.0,0.0,0.0,0.0,0,0,0,0,0.0,0.0,0.0,0.0,7.0,False
4.0,1.0,1.0,1.0,7.0,19.65,0.5,2.0,9.83,39.3,0.01,2.18,2,0,0,0,4.0,3.0,4.0,3.0,1.0,False
10.0,2.0,1.0,2.0,0.0,0.0,0.0,0.0,0.0,0.0,0.0,0.0,0,0,0,0,0.0,0.0,0.0,0.0,3.0,False
43.0,3.0,1.0,2.0,67.0,318.58,0.08,12.4,25.69,3950.36,0.11,219.46,20,19,1,0,12.0,15.0,36.0,31.0,5.0,False
60.0,7.0,1.0,7.0,156.0,830.22,0.08,12.33,67.32,10239.39,0.28,568.85,43,0,15,0,10.0,30.0,82.0,74.0,13.0,False
30.0,3.0,1.0,3.0,74.0,325.03,0.09,10.88,29.89,3534.72,0.11,196.37,24,0,4,0,9.0,12.0,45.0,29.0,5.0,False
38.0,6.0,1.0,3.0,75.0,339.27,0.04,23.33,14.54,7916.23,0.11,439.79,12,2,19,3,14.0,9.0,45.0,30.0,11.0,True
8.0,3.0,3.0,1.0,21.0,84.0,0.15,6.67,12.6,560.0,0.03,31.11,6,0,0,0,10.0,6.0,13.0,8.0,5.0,False
47.0,8.0,5.0,7.0,123.0,667.43,0.04,26.71,24.98,17829.93,0.22,990.55,39,0,6,0,22.0,21.0,72.0,51.0,15.0,False
43.0,7.0,1.0,4.0,161.0,797.63,0.06,17.33,46.04,13818.86,0.27,767.71,35,2,4,0,11.0,20.0,98.0,63.0,13.0,False
31.0,2.0,1.0,2.0,0.0,0.0,0.0,0.0,0.0,0.0,0.0,0.0,0,0,0,0,0.0,0.0,0.0,0.0,3.0,False
6.0,1.0,1.0,1.0,8.0,22.46,0.5,2.0,11.23,44.92,0.01,2.5,3,0,1,0,4.0,3.0,5.0,3.0,1.0,False
19.0,2.0,1.0,2.0,49.0,224.66,0.1,10.5,21.4,2358.96,0.07,131.05,14,0,2,0,12.0,12.0,28.0,21.0,3.0,False
13.0,3.0,1.0,3.0,0.0,0.0,0.0,0.0,0.0,0.0,0.0,0.0,0,0,0,0,0.0,0.0,0.0,0.0,5.0,False
312.0,62.0,57.0,31.0,0.0,0.0,0.0,0.0,0.0,0.0,0.0,0.0,0,0,0,0,0.0,0.0,0.0,0.0,51.0,False
4.0,1.0,1.0,1.0,6.0,15.51,0.5,2.0,7.75,31.02,0.01,1.72,2,0,0,0,4.0,2.0,4.0,2.0,1.0,False
65.0,3.0,1.0,3.0,204.0,1092.94,0.06,17.18,63.62,18775.16,0.36,1043.06,39,10,11,0,13.0,28.0,130.0,74.0,5.0,False
21.0,3.0,3.0,2.0,51.0,239.72,0.08,12.25,19.57,2936.6,0.08,163.14,16,0,3,0,14.0,12.0,30.0,21.0,5.0,False
19.0,3.0,1.0,3.0,27.0,105.49,0.15,6.75,15.63,712.03,0.04,39.56,10,7,0,0,9.0,6.0,18.0,9.0,5.0,False
64.0,12.0,12.0,12.0,193.0,1125.75,0.06,16.0,70.36,18011.96,0.38,1000.66,48,4,8,2,16.0,41.0,111.0,82.0,23.0,False
34.0,6.0,3.0,5.0,73.0,354.63,0.11,9.17,38.69,3250.8,0.12,180.6,30,0,2,0,11.0,18.0,43.0,30.0,11.0,False
34.0,6.0,6.0,2.0,0.0,0.0,0.0,0.0,0.0,0.0,0.0,0.0,0,0,0,0,0.0,0.0,0.0,0.0,11.0,False
7.0,1.0,1.0,1.0,0.0,0.0,0.0,0.0,0.0,0.0,0.0,0.0,0,0,0,0,0.0,0.0,0.0,0.0,1.0,False
101.0,6.0,1.0,4.0,299.0,1838.77,0.05,22.19,82.85,40810.58,0.61,2267.25,75,8,14,2,17.0,54.0,158.0,141.0,11.0,False
4.0,2.0,1.0,1.0,16.0,62.51,0.25,4.0,15.63,250.04,0.02,13.89,2,0,0,0,8.0,7.0,9.0,7.0,3.0,False
9.0,2.0,1.0,2.0,13.0,44.97,0.33,3.0,14.99,134.92,0.01,7.5,6,1,0,0,6.0,5.0,8.0,5.0,3.0,False
39.0,4.0,1.0,3.0,110.0,554.88,0.09,11.5,48.25,6381.16,0.18,354.51,29,0,8,0,11.0,22.0,64.0,46.0,7.0,False
13.0,7.0,6.0,3.0,47.0,215.49,0.14,7.14,30.17,1539.24,0.07,85.51,10,0,1,0,10.0,14.0,27.0,20.0,13.0,False
13.0,2.0,1.0,2.0,27.0,110.36,0.11,9.17,12.04,1011.65,0.04,56.2,10,0,1,0,11.0,6.0,17.0,10.0,3.0,False
49.0,5.0,1.0,3.0,174.0,817.88,0.03,37.92,21.57,31011.15,0.27,1722.84,37,5,5,0,14.0,12.0,109.0,65.0,9.0,False
4.0,1.0,1.0,1.0,10.0,31.7,0.4,2.5,12.68,79.25,0.01,4.4,2,0,0,0,5.0,4.0,6.0,4.0,1.0,False
11.0,1.0,1.0,1.0,23.0,87.57,0.22,4.5,19.46,394.06,0.03,21.89,6,0,3,0,7.0,7.0,14.0,9.0,1.0,False
67.0,19.0,19.0,6.0,0.0,0.0,0.0,0.0,0.0,0.0,0.0,0.0,0,0,0,0,0.0,0.0,0.0,0.0,37.0,False
4.0,1.0,1.0,1.0,14.0,48.43,0.4,2.5,19.37,121.08,0.02,6.73,2,0,0,0,5.0,6.0,8.0,6.0,1.0,False
18.0,3.0,3.0,1.0,36.0,155.59,0.08,12.07,12.89,1878.19,0.05,104.34,12,0,4,0,13.0,7.0,23.0,13.0,5.0,False
9.0,2.0,1.0,2.0,14.0,46.51,0.19,5.25,8.86,244.16,0.02,13.56,6,0,1,0,6.0,4.0,7.0,7.0,3.0,False
20.0,2.0,1.0,2.0,56.0,274.79,0.11,8.79,31.25,2416.5,0.09,134.25,14,0,4,0,13.0,17.0,33.0,23.0,3.0,False
7.0,2.0,1.0,2.0,19.0,65.73,0.07,13.5,4.87,887.34,0.02,49.3,5,0,0,0,9.0,2.0,13.0,6.0,3.0,False
30.0,2.0,1.0,2.0,66.0,317.29,0.07,14.42,22.0,4576.23,0.11,254.24,15,6,3,0,15.0,13.0,41.0,25.0,3.0,False
20.0,11.0,9.0,4.0,53.0,232.79,0.06,15.44,15.08,3593.74,0.08,199.65,17,0,1,0,13.0,8.0,34.0,19.0,21.0,False
10.0,3.0,3.0,1.0,22.0,91.74,0.14,7.0,13.11,642.17,0.03,35.68,6,0,2,0,12.0,6.0,15.0,7.0,5.0,False
41.0,14.0,12.0,7.0,113.0,559.82,0.05,20.59,27.19,11525.79,0.19,640.32,36,0,3,0,14.0,17.0,63.0,50.0,27.0,False
37.0,4.0,4.0,2.0,75.0,368.02,0.06,17.0,21.65,6256.29,0.12,347.57,20,1,14,0,17.0,13.0,49.0,26.0,7.0,False
5.0,1.0,1.0,1.0,17.0,60.94,0.29,3.5,17.41,213.31,0.02,11.85,3,0,0,0,6.0,6.0,10.0,7.0,1.0,False
4.0,1.0,1.0,1.0,4.0,8.0,0.67,1.5,5.33,12.0,0.0,0.67,2,0,0,0,3.0,1.0,3.0,1.0,1.0,False
30.0,7.0,1.0,7.0,77.0,377.83,0.08,13.13,28.79,4959.03,0.13,275.5,27,0,1,0,14.0,16.0,47.0,30.0,8.0,False
26.0,4.0,1.0,4.0,74.0,366.61,0.08,13.33,27.5,4888.14,0.12,271.56,20,0,4,0,16.0,15.0,49.0,25.0,6.0,False
5.0,1.0,1.0,1.0,16.0,55.35,0.5,2.0,27.68,110.7,0.02,6.15,3,0,0,0,4.0,7.0,9.0,7.0,1.0,False
60.0,9.0,3.0,5.0,202.0,1115.76,0.02,43.45,25.68,48482.41,0.37,2693.47,46,1,11,0,25.0,21.0,129.0,73.0,17.0,False
4.0,1.0,1.0,1.0,1.0,0.0,0.0,0.0,0.0,0.0,0.0,0.0,1,1,0,0,1.0,0.0,1.0,0.0,1.0,False
21.0,2.0,1.0,2.0,58.0,265.93,0.11,8.88,29.93,2362.67,0.09,131.26,11,0,5,3,11.0,13.0,37.0,21.0,3.0,False
52.0,8.0,7.0,4.0,0.0,0.0,0.0,0.0,0.0,0.0,0.0,0.0,0,0,0,0,0.0,0.0,0.0,0.0,15.0,False
14.0,5.0,1.0,1.0,49.0,191.44,0.11,9.33,20.51,1786.75,0.06,99.26,8,2,2,0,6.0,9.0,21.0,28.0,9.0,False
16.0,1.0,1.0,1.0,46.0,198.81,0.12,8.5,23.39,1689.87,0.07,93.88,9,0,5,0,10.0,10.0,29.0,17.0,1.0,False
13.0,1.0,1.0,1.0,41.0,174.17,0.14,7.2,24.19,1253.99,0.06,69.67,9,0,1,0,9.0,10.0,25.0,16.0,1.0,False
32.0,1.0,1.0,1.0,0.0,0.0,0.0,0.0,0.0,0.0,0.0,0.0,0,0,0,0,0.0,0.0,0.0,0.0,1.0,False
37.0,8.0,6.0,5.0,102.0,531.36,0.05,21.64,24.56,11498.13,0.18,638.79,31,0,4,0,19.0,18.0,61.0,41.0,15.0,False
22.0,2.0,1.0,2.0,0.0,0.0,0.0,0.0,0.0,0.0,0.0,0.0,0,0,0,0,0.0,0.0,0.0,0.0,3.0,False
7.0,1.0,1.0,1.0,3.0,4.75,0.0,0.0,0.0,0.0,0.0,0.0,2,1,0,0,3.0,0.0,3.0,0.0,1.0,False
9.0,1.0,1.0,1.0,56.0,237.88,0.17,6.0,39.65,1427.3,0.08,79.29,7,0,0,0,6.0,13.0,30.0,26.0,1.0,False
122.0,13.0,6.0,8.0,370.0,2139.1,0.02,58.28,36.71,124658.08,0.71,6925.45,82,23,12,3,26.0,29.0,240.0,130.0,25.0,False
20.0,1.0,1.0,1.0,89.0,448.95,0.08,12.53,35.84,5623.7,0.15,312.43,14,0,4,0,14.0,19.0,55.0,34.0,1.0,False
74.0,7.0,4.0,4.0,0.0,0.0,0.0,0.0,0.0,0.0,0.0,0.0,0,0,0,0,0.0,0.0,0.0,0.0,13.0,False
34.0,3.0,1.0,3.0,0.0,0.0,0.0,0.0,0.0,0.0,0.0,0.0,0,0,0,0,0.0,0.0,0.0,0.0,5.0,False
270.0,45.0,30.0,14.0,1069.0,6063.82,0.01,158.71,38.21,962387.34,2.02,53465.96,164,78,25,1,20.0,31.0,577.0,492.0,89.0,False
27.0,6.0,1.0,1.0,99.0,427.87,0.03,32.67,13.1,13977.12,0.14,776.51,22,2,1,0,14.0,6.0,71.0,28.0,10.0,False
6.0,1.0,1.0,1.0,14.0,46.51,0.5,2.0,23.25,93.01,0.02,5.17,3,0,1,0,4.0,6.0,8.0,6.0,1.0,False
8.0,1.0,1.0,1.0,33.0,134.89,0.19,5.33,25.29,719.39,0.04,39.97,6,0,0,0,8.0,9.0,21.0,12.0,1.0,False
27.0,6.0,1.0,3.0,86.0,421.99,0.05,19.5,21.64,8228.86,0.14,457.16,23,0,2,0,15.0,15.0,47.0,39.0,11.0,False
133.0,12.0,6.0,8.0,436.0,2801.85,0.03,35.6,78.71,99732.57,0.93,5540.7,96,13,17,4,23.0,63.0,241.0,195.0,23.0,False
4.0,1.0,1.0,1.0,11.0,36.54,0.33,3.0,12.18,109.62,0.01,6.09,2,0,0,0,6.0,4.0,7.0,4.0,1.0,False
7.0,1.0,1.0,1.0,33.0,122.11,0.18,5.57,21.92,680.35,0.04,37.8,4,0,1,0,6.0,7.0,20.0,13.0,1.0,False
11.0,2.0,1.0,2.0,30.0,127.44,0.24,4.08,31.21,520.37,0.04,28.91,7,0,2,0,7.0,12.0,16.0,14.0,3.0,False
60.0,6.0,1.0,6.0,130.0,677.23,0.05,18.67,36.28,12641.61,0.23,702.31,42,7,7,1,16.0,21.0,81.0,49.0,7.0,False
139.0,2.0,1.0,2.0,0.0,0.0,0.0,0.0,0.0,0.0,0.0,0.0,0,0,0,0,0.0,0.0,0.0,0.0,3.0,False
10.0,4.0,3.0,1.0,29.0,120.93,0.14,7.07,17.1,855.13,0.04,47.51,7,0,1,0,11.0,7.0,20.0,9.0,7.0,False
11.0,2.0,1.0,2.0,25.0,104.25,0.11,9.1,11.46,948.66,0.03,52.7,8,0,1,0,13.0,5.0,18.0,7.0,3.0,False
4.0,1.0,1.0,1.0,5.0,11.61,0.67,1.5,7.74,17.41,0.0,0.97,2,0,0,0,3.0,2.0,3.0,2.0,1.0,False
42.0,8.0,8.0,4.0,0.0,0.0,0.0,0.0,0.0,0.0,0.0,0.0,0,0,0,0,0.0,0.0,0.0,0.0,15.0,False
4.0,2.0,1.0,1.0,16.0,62.51,0.25,4.0,15.63,250.04,0.02,13.89,2,0,0,0,8.0,7.0,9.0,7.0,3.0,False
140.0,39.0,36.0,19.0,612.0,3629.61,0.02,58.54,62.01,212465.05,1.21,11803.61,113,6,9,6,20.0,41.0,372.0,240.0,77.0,False
10.0,3.0,3.0,2.0,23.0,94.01,0.14,7.33,12.82,689.42,0.03,38.3,7,0,1,0,11.0,6.0,15.0,8.0,5.0,False
4.0,1.0,1.0,1.0,10.0,31.7,0.4,2.5,12.68,79.25,0.01,4.4,2,0,0,0,5.0,4.0,6.0,4.0,1.0,False
5.0,1.0,1.0,1.0,11.0,34.87,0.4,2.5,13.95,87.17,0.01,4.84,3,0,0,0,5.0,4.0,7.0,4.0,1.0,False
143.0,24.0,14.0,16.0,369.0,2170.7,0.02,45.68,47.52,99158.57,0.72,5508.81,105,20,10,5,23.0,36.0,226.0,143.0,47.0,False
16.0,4.0,4.0,4.0,0.0,0.0,0.0,0.0,0.0,0.0,0.0,0.0,0,0,0,0,0.0,0.0,0.0,0.0,7.0,False
65.0,12.0,8.0,5.0,152.0,824.79,0.04,23.04,35.8,19003.21,0.27,1055.73,48,7,8,0,18.0,25.0,88.0,64.0,23.0,False
28.0,6.0,1.0,5.0,71.0,329.71,0.09,10.67,30.91,3516.95,0.11,195.39,23,0,3,0,10.0,15.0,39.0,32.0,11.0,False
4.0,1.0,1.0,1.0,9.0,28.53,0.33,3.0,9.51,85.59,0.01,4.75,2,0,0,0,6.0,3.0,6.0,3.0,1.0,False
30.0,4.0,1.0,2.0,0.0,0.0,0.0,0.0,0.0,0.0,0.0,0.0,0,0,0,0,0.0,0.0,0.0,0.0,7.0,False
4.0,1.0,1.0,1.0,5.0,11.61,0.67,1.5,7.74,17.41,0.0,0.97,2,0,0,0,3.0,2.0,3.0,2.0,1.0,False
4.0,1.0,1.0,1.0,4.0,8.0,0.67,1.5,5.33,12.0,0.0,0.67,2,0,0,0,3.0,1.0,3.0,1.0,1.0,False
52.0,8.0,1.0,7.0,0.0,0.0,0.0,0.0,0.0,0.0,0.0,0.0,0,0,0,0,0.0,0.0,0.0,0.0,15.0,False
11.0,2.0,1.0,2.0,17.0,62.91,0.29,3.5,17.97,220.18,0.02,12.23,7,0,2,0,7.0,6.0,11.0,6.0,3.0,True
14.0,5.0,5.0,1.0,0.0,0.0,0.0,0.0,0.0,0.0,0.0,0.0,0,0,0,0,0.0,0.0,0.0,0.0,9.0,False
15.0,2.0,1.0,2.0,55.0,261.51,0.15,6.5,40.23,1699.87,0.09,94.44,12,0,3,0,9.0,18.0,29.0,26.0,3.0,False
8.0,1.0,1.0,1.0,9.0,25.27,0.38,2.67,9.47,67.38,0.01,3.74,5,0,1,0,4.0,3.0,5.0,4.0,1.0,False
71.0,12.0,12.0,7.0,290.0,1719.91,0.03,31.24,55.06,53725.81,0.57,2984.77,65,0,3,0,21.0,40.0,171.0,119.0,23.0,False
13.0,6.0,6.0,4.0,47.0,218.26,0.08,12.73,17.15,2777.87,0.07,154.33,10,0,1,0,14.0,11.0,27.0,20.0,11.0,False
37.0,4.0,1.0,4.0,134.0,740.16,0.06,17.04,43.45,12609.11,0.25,700.51,27,1,7,0,18.0,28.0,81.0,53.0,6.0,False
54.0,16.0,11.0,4.0,151.0,829.27,0.04,24.8,33.44,20565.89,0.28,1142.55,43,1,7,1,20.0,25.0,89.0,62.0,31.0,False
7.0,1.0,1.0,1.0,21.0,79.95,0.27,3.75,21.32,299.83,0.03,16.66,5,0,0,0,6.0,8.0,11.0,10.0,1.0,False
7.0,1.0,1.0,1.0,0.0,0.0,0.0,0.0,0.0,0.0,0.0,0.0,0,0,0,0,0.0,0.0,0.0,0.0,1.0,False
23.0,2.0,1.0,2.0,78.0,390.0,0.08,13.24,29.47,5161.76,0.13,286.76,15,2,4,0,15.0,17.0,48.0,30.0,3.0,False
16.0,5.0,1.0,2.0,68.0,288.86,0.04,23.14,12.48,6685.02,0.1,371.39,13,0,1,0,12.0,7.0,41.0,27.0,9.0,False
11.0,2.0,1.0,1.0,14.0,42.0,0.17,6.0,7.0,252.0,0.01,14.0,9,0,0,0,6.0,2.0,10.0,4.0,3.0,False
141.0,20.0,1.0,17.0,460.0,2414.05,0.01,97.22,24.83,234698.98,0.8,13038.83,94,25,19,1,20.0,18.0,285.0,175.0,39.0,False
4.0,1.0,1.0,1.0,6.0,15.51,0.5,2.0,7.75,31.02,0.01,1.72,2,0,0,0,4.0,2.0,4.0,2.0,1.0,False
83.0,6.0,1.0,5.0,253.0,1482.07,0.03,28.99,51.13,42961.01,0.49,2386.72,62,0,19,0,19.0,39.0,134.0,119.0,11.0,False
10.0,2.0,1.0,2.0,26.0,108.42,0.14,7.0,15.49,758.93,0.04,42.16,6,0,0,0,12.0,6.0,19.0,7.0,3.0,False
5.0,1.0,1.0,1.0,21.0,69.76,0.3,3.33,20.93,232.53,0.02,12.92,3,0,0,0,4.0,6.0,11.0,10.0,1.0,False
22.0,2.0,1.0,2.0,64.0,300.83,0.06,15.68,19.18,4717.53,0.1,262.08,13,3,4,0,15.0,11.0,41.0,23.0,3.0,False
32.0,7.0,5.0,4.0,0.0,0.0,0.0,0.0,0.0,0.0,0.0,0.0,0,0,0,0,0.0,0.0,0.0,0.0,13.0,False
89.0,4.0,4.0,3.0,184.0,992.19,0.03,33.87,29.29,33604.92,0.33,1866.94,50,13,19,0,19.0,23.0,102.0,82.0,7.0,False
9.0,2.0,1.0,2.0,17.0,62.91,0.16,6.4,9.83,402.61,0.02,22.37,6,0,1,0,8.0,5.0,9.0,8.0,3.0,False
27.0,3.0,1.0,3.0,86.0,451.32,0.06,16.65,27.11,7514.51,0.15,417.47,20,0,3,0,18.0,20.0,49.0,37.0,5.0,False
105.0,6.0,1.0,6.0,556.0,3323.37,0.02,45.83,72.52,152296.93,1.11,8460.94,87,2,14,0,17.0,46.0,308.0,248.0,11.0,False
10.0,2.0,1.0,2.0,27.0,105.49,0.13,8.0,13.19,843.89,0.04,46.88,7,0,1,0,8.0,7.0,13.0,14.0,3.0,False
4.0,1.0,1.0,1.0,14.0,50.19,0.29,3.5,14.34,175.66,0.02,9.76,2,0,0,0,7.0,5.0,9.0,5.0,1.0,False
13.0,2.0,1.0,2.0,35.0,153.73,0.18,5.63,27.33,864.74,0.05,48.04,11,0,0,0,9.0,12.0,20.0,15.0,3.0,False
15.0,3.0,1.0,1.0,67.0,314.93,0.15,6.89,45.72,2169.51,0.1,120.53,11,0,2,0,8.0,18.0,36.0,31.0,5.0,False
19.0,3.0,1.0,3.0,0.0,0.0,0.0,0.0,0.0,0.0,0.0,0.0,0,0,0,0,0.0,0.0,0.0,0.0,5.0,False
5.0,1.0,1.0,1.0,17.0,60.94,0.29,3.5,17.41,213.31,0.02,11.85,3,0,0,0,6.0,6.0,10.0,7.0,1.0,False
78.0,7.0,5.0,6.0,252.0,1482.43,0.04,25.64,57.81,38010.92,0.49,2111.72,53,1,21,1,20.0,39.0,152.0,100.0,13.0,False
23.0,9.0,8.0,5.0,118.0,590.0,0.05,21.62,27.29,12754.41,0.2,708.58,15,4,2,0,15.0,17.0,69.0,49.0,17.0,False
18.0,5.0,1.0,3.0,38.0,169.46,0.14,7.08,23.92,1200.33,0.06,66.69,13,0,3,0,10.0,12.0,21.0,17.0,9.0,False
32.0,4.0,1.0,4.0,73.0,368.24,0.12,8.25,44.64,3037.99,0.12,168.78,24,1,3,2,11.0,22.0,40.0,33.0,7.0,False
42.0,6.0,1.0,5.0,277.0,1586.63,0.03,33.47,47.41,53102.66,0.53,2950.15,35,2,3,0,21.0,32.0,175.0,102.0,11.0,False
43.0,4.0,1.0,3.0,137.0,708.28,0.06,17.86,39.66,12647.85,0.24,702.66,30,0,11,0,15.0,21.0,87.0,50.0,7.0,True
24.0,9.0,6.0,2.0,95.0,470.65,0.03,35.7,13.18,16802.16,0.16,933.45,20,0,2,0,21.0,10.0,61.0,34.0,17.0,False
20.0,5.0,1.0,1.0,56.0,263.22,0.07,14.0,18.8,3685.14,0.09,204.73,11,2,5,0,14.0,12.0,32.0,24.0,9.0,False
23.0,3.0,1.0,1.0,32.0,125.02,0.08,12.0,10.42,1500.25,0.04,83.35,13,4,3,0,10.0,5.0,20.0,12.0,5.0,False
12.0,3.0,1.0,3.0,18.0,62.27,0.28,3.6,17.3,224.17,0.02,12.45,8,0,2,0,6.0,5.0,12.0,6.0,5.0,False
34.0,4.0,1.0,4.0,0.0,0.0,0.0,0.0,0.0,0.0,0.0,0.0,0,0,0,0,0.0,0.0,0.0,0.0,7.0,False
72.0,10.0,1.0,1.0,264.0,1031.42,0.01,84.0,12.28,86639.21,0.34,4813.29,62,0,8,0,9.0,6.0,152.0,112.0,19.0,False
18.0,2.0,1.0,1.0,0.0,0.0,0.0,0.0,0.0,0.0,0.0,0.0,0,0,0,0,0.0,0.0,0.0,0.0,3.0,False
11.0,3.0,3.0,1.0,26.0,108.42,0.1,10.0,10.84,1084.18,0.04,60.23,8,0,1,0,12.0,6.0,16.0,10.0,5.0,False
4.0,1.0,1.0,1.0,7.0,19.65,0.5,2.0,9.83,39.3,0.01,2.18,2,0,0,0,4.0,3.0,4.0,3.0,1.0,False
50.0,9.0,9.0,4.0,84.0,420.0,0.05,19.73,21.29,8286.92,0.14,460.38,39,0,9,0,19.0,13.0,57.0,27.0,15.0,False
41.0,5.0,3.0,3.0,110.0,593.15,0.09,10.98,54.01,6514.48,0.2,361.92,32,1,6,0,13.0,29.0,61.0,49.0,9.0,True
123.0,24.0,14.0,18.0,529.0,3124.75,0.02,64.55,48.41,201710.52,1.04,11206.14,99,15,5,0,22.0,38.0,306.0,223.0,47.0,False
4.0,1.0,1.0,1.0,0.0,0.0,0.0,0.0,0.0,0.0,0.0,0.0,0,0,0,0,0.0,0.0,0.0,0.0,1.0,False
4.0,1.0,1.0,1.0,7.0,19.65,0.5,2.0,9.83,39.3,0.01,2.18,2,0,0,0,4.0,3.0,4.0,3.0,1.0,False
68.0,13.0,12.0,9.0,183.0,1057.99,0.04,28.26,37.44,29896.72,0.35,1660.93,52,6,5,0,24.0,31.0,110.0,73.0,25.0,False
100.0,15.0,6.0,6.0,305.0,1933.65,0.05,21.3,90.79,41183.72,0.64,2287.98,79,9,12,0,19.0,62.0,166.0,139.0,29.0,False
17.0,2.0,1.0,1.0,24.0,101.95,0.19,5.4,18.88,550.53,0.03,30.59,11,0,4,0,9.0,10.0,12.0,12.0,3.0,False
4.0,1.0,1.0,1.0,7.0,19.65,0.5,2.0,9.83,39.3,0.01,2.18,2,0,0,0,4.0,3.0,4.0,3.0,1.0,False
42.0,4.0,1.0,4.0,171.0,955.03,0.06,16.75,57.02,15996.73,0.32,888.71,32,0,8,0,16.0,32.0,104.0,67.0,7.0,False
4.0,1.0,1.0,1.0,5.0,11.61,0.67,1.5,7.74,17.41,0.0,0.97,2,0,0,0,3.0,2.0,3.0,2.0,1.0,False
49.0,7.0,5.0,2.0,114.0,598.26,0.05,20.5,29.18,12264.41,0.2,681.36,35,3,6,1,19.0,19.0,73.0,41.0,13.0,False
47.0,2.0,1.0,1.0,131.0,677.26,0.07,14.13,47.93,9569.98,0.23,531.67,33,3,7,0,13.0,23.0,81.0,50.0,3.0,False
13.0,4.0,1.0,3.0,42.0,178.41,0.14,7.2,24.78,1284.57,0.06,71.37,8,0,3,0,9.0,10.0,26.0,16.0,7.0,False
194.0,31.0,20.0,5.0,621.0,3780.31,0.02,57.19,66.1,216201.81,1.26,12011.21,148,25,16,0,21.0,47.0,365.0,256.0,61.0,False
46.0,5.0,4.0,3.0,106.0,548.01,0.07,15.0,36.53,8220.18,0.18,456.68,37,2,5,0,15.0,21.0,64.0,42.0,9.0,False
59.0,10.0,9.0,1.0,0.0,0.0,0.0,0.0,0.0,0.0,0.0,0.0,0,0,0,0,0.0,0.0,0.0,0.0,19.0,False
7.0,1.0,1.0,1.0,0.0,0.0,0.0,0.0,0.0,0.0,0.0,0.0,0,0,0,0,0.0,0.0,0.0,0.0,1.0,False
8.0,1.0,1.0,1.0,14.0,50.19,0.25,4.0,12.55,200.76,0.02,11.15,4,0,1,0,8.0,4.0,10.0,4.0,1.0,False
11.0,3.0,1.0,3.0,15.0,49.83,0.4,2.5,19.93,124.57,0.02,6.92,9,0,0,0,5.0,5.0,10.0,5.0,5.0,False
42.0,3.0,1.0,3.0,188.0,1091.78,0.03,32.25,33.85,35218.8,0.36,1956.6,34,0,8,0,25.0,31.0,108.0,80.0,5.0,False
22.0,6.0,5.0,2.0,78.0,396.82,0.05,19.0,20.89,7539.62,0.13,418.87,17,0,3,0,19.0,15.0,48.0,30.0,11.0,False
12.0,2.0,1.0,2.0,19.0,70.31,0.24,4.08,17.22,287.09,0.02,15.95,7,1,2,0,7.0,6.0,12.0,7.0,3.0,False
29.0,3.0,1.0,3.0,111.0,590.73,0.08,12.28,48.11,7252.9,0.2,402.94,21,4,2,0,13.0,27.0,60.0,51.0,5.0,False
22.0,2.0,1.0,2.0,77.0,381.47,0.1,10.11,37.75,3854.89,0.13,214.16,13,2,5,0,12.0,19.0,45.0,32.0,3.0,False
20.0,1.0,1.0,1.0,60.0,263.54,0.13,7.88,33.47,2075.37,0.09,115.3,12,0,5,0,9.0,12.0,39.0,21.0,1.0,False
126.0,19.0,11.0,14.0,0.0,0.0,0.0,0.0,0.0,0.0,0.0,0.0,0,0,0,0,0.0,0.0,0.0,0.0,37.0,False
12.0,1.0,1.0,1.0,50.0,204.37,0.15,6.65,30.73,1359.08,0.07,75.5,10,0,0,0,7.0,10.0,31.0,19.0,1.0,False
33.0,5.0,3.0,3.0,97.0,493.48,0.03,29.29,16.85,14452.03,0.16,802.89,27,3,3,0,20.0,14.0,56.0,41.0,9.0,False
91.0,21.0,1.0,21.0,0.0,0.0,0.0,0.0,0.0,0.0,0.0,0.0,0,0,0,0,0.0,0.0,0.0,0.0,22.0,False
23.0,4.0,1.0,4.0,55.0,255.41,0.13,7.46,34.22,1906.47,0.09,105.91,20,0,1,0,11.0,14.0,36.0,19.0,7.0,False
41.0,6.0,3.0,2.0,105.0,538.57,0.05,19.83,27.16,10681.73,0.18,593.43,30,2,4,3,17.0,18.0,63.0,42.0,11.0,False
18.0,2.0,1.0,2.0,45.0,211.52,0.1,10.0,21.15,2115.2,0.07,117.51,12,1,3,0,13.0,13.0,25.0,20.0,3.0,False
28.0,6.0,1.0,6.0,95.0,487.28,0.07,14.63,33.32,7126.5,0.16,395.92,28,0,0,0,15.0,20.0,56.0,39.0,7.0,False
9.0,3.0,3.0,2.0,21.0,85.84,0.16,6.42,13.38,550.79,0.03,30.6,6,0,1,0,11.0,6.0,14.0,7.0,5.0,False
30.0,1.0,1.0,1.0,100.0,528.54,0.11,9.04,58.49,4775.74,0.18,265.32,16,0,5,7,11.0,28.0,54.0,46.0,1.0,False
17.0,3.0,1.0,3.0,44.0,201.74,0.1,9.8,20.59,1977.04,0.07,109.84,14,0,3,0,14.0,10.0,30.0,14.0,5.0,False
93.0,9.0,7.0,5.0,195.0,1044.72,0.03,30.95,33.75,32336.65,0.35,1796.48,44,16,27,1,20.0,21.0,130.0,65.0,17.0,False
58.0,7.0,4.0,7.0,162.0,914.3,0.07,14.0,65.31,12800.27,0.3,711.13,31,6,18,0,14.0,36.0,90.0,72.0,13.0,False
11.0,3.0,3.0,1.0,36.0,152.93,0.12,8.33,18.35,1274.38,0.05,70.8,8,0,1,0,10.0,9.0,21.0,15.0,5.0,False
11.0,2.0,1.0,2.0,18.0,59.79,0.17,6.0,9.97,358.77,0.02,19.93,7,0,0,0,6.0,4.0,10.0,8.0,3.0,False
8.0,3.0,3.0,2.0,20.0,80.0,0.17,5.83,13.71,466.67,0.03,25.93,6,0,0,0,10.0,6.0,13.0,7.0,5.0,False
11.0,1.0,1.0,1.0,18.0,62.27,0.34,2.92,21.35,181.62,0.02,10.09,6,1,2,0,5.0,6.0,11.0,7.0,1.0,False
60.0,14.0,1.0,1.0,175.0,931.34,0.09,11.61,80.2,10815.53,0.31,600.86,55,0,3,0,9.0,31.0,95.0,80.0,27.0,False
46.0,7.0,4.0,6.0,0.0,0.0,0.0,0.0,0.0,0.0,0.0,0.0,0,0,0,0,0.0,0.0,0.0,0.0,13.0,True
6.0,1.0,1.0,1.0,4.0,8.0,0.67,1.5,5.33,12.0,0.0,0.67,2,0,0,0,3.0,1.0,3.0,1.0,1.0,False
11.0,1.0,1.0,1.0,48.0,196.2,0.15,6.65,29.5,1304.72,0.07,72.48,9,0,0,0,7.0,10.0,29.0,19.0,1.0,False
10.0,2.0,1.0,2.0,19.0,72.34,0.12,8.1,8.93,585.95,0.02,32.54,7,0,1,0,9.0,5.0,10.0,9.0,3.0,False
18.0,3.0,1.0,3.0,47.0,228.33,0.12,8.13,28.1,1855.14,0.08,103.06,12,1,3,0,13.0,16.0,29.0,21.0,5.0,False
6.0,1.0,1.0,1.0,22.0,83.76,0.5,2.0,41.88,167.52,0.03,9.31,6,0,0,0,4.0,10.0,12.0,10.0,1.0,False
6.0,1.0,1.0,1.0,43.0,179.31,0.26,3.85,46.62,689.64,0.06,38.31,4,0,0,0,5.0,13.0,23.0,20.0,1.0,False
41.0,9.0,1.0,5.0,277.0,1409.23,0.02,57.14,24.66,80527.27,0.47,4473.74,39,0,0,0,20.0,14.0,197.0,80.0,13.0,False
23.0,6.0,5.0,4.0,83.0,394.66,0.07,13.6,29.02,5367.32,0.13,298.18,12,7,2,0,12.0,15.0,49.0,34.0,11.0,False
30.0,10.0,7.0,3.0,100.0,504.44,0.05,21.25,23.74,10719.34,0.17,595.52,24,0,4,0,17.0,16.0,60.0,40.0,19.0,False
43.0,6.0,4.0,5.0,302.0,1776.56,0.04,25.24,70.38,44847.26,0.59,2491.51,36,0,5,0,18.0,41.0,187.0,115.0,11.0,False
89.0,20.0,14.0,12.0,239.0,1375.42,0.04,27.06,50.83,37217.2,0.46,2067.62,57,16,13,1,20.0,32.0,153.0,92.0,39.0,False
27.0,1.0,1.0,1.0,47.0,203.13,0.18,5.65,35.93,1148.47,0.07,63.8,14,8,3,0,7.0,13.0,26.0,21.0,1.0,False
14.0,2.0,1.0,2.0,14.0,48.43,0.29,3.5,13.84,169.51,0.02,9.42,7,3,2,0,7.0,4.0,10.0,4.0,3.0,False
10.0,4.0,4.0,4.0,42.0,187.3,0.13,8.0,23.41,1498.37,0.06,83.24,7,0,1,0,11.0,11.0,26.0,16.0,7.0,False
78.0,13.0,11.0,10.0,233.0,1408.34,0.04,26.57,53.0,37421.71,0.47,2078.98,50,13,5,8,24.0,42.0,140.0,93.0,25.0,False
48.0,9.0,4.0,7.0,161.0,878.97,0.05,21.09,41.67,18539.72,0.29,1029.98,35,0,11,0,17.0,27.0,94.0,67.0,17.0,False
18.0,1.0,1.0,1.0,18.0,72.0,0.3,3.3,21.82,237.6,0.02,13.2,14,0,2,0,6.0,10.0,7.0,11.0,1.0,False
8.0,1.0,1.0,1.0,17.0,60.94,0.29,3.5,17.41,213.31,0.02,11.85,4,0,2,0,6.0,6.0,10.0,7.0,1.0,False
12.0,2.0,1.0,2.0,0.0,0.0,0.0,0.0,0.0,0.0,0.0,0.0,0,0,0,0,0.0,0.0,0.0,0.0,3.0,False
93.0,34.0,28.0,7.0,335.0,1978.81,0.02,40.82,48.48,80766.63,0.66,4487.03,75,10,5,1,22.0,38.0,198.0,141.0,67.0,False
91.0,13.0,8.0,5.0,273.0,1481.37,0.02,58.08,25.51,86030.58,0.49,4779.48,59,14,10,6,23.0,20.0,172.0,101.0,25.0,False
126.0,17.0,1.0,13.0,529.0,3499.18,0.02,50.74,68.97,177532.0,1.17,9862.89,118,0,6,0,30.0,68.0,299.0,230.0,28.0,False
15.0,2.0,1.0,1.0,46.0,175.14,0.08,12.67,13.83,2218.42,0.06,123.25,9,0,3,0,8.0,6.0,27.0,19.0,3.0,False
26.0,3.0,1.0,1.0,0.0,0.0,0.0,0.0,0.0,0.0,0.0,0.0,0,0,0,0,0.0,0.0,0.0,0.0,5.0,False
23.0,4.0,4.0,2.0,67.0,328.76,0.05,18.75,17.53,6164.28,0.11,342.46,18,0,3,0,18.0,12.0,42.0,25.0,7.0,False
10.0,1.0,1.0,1.0,18.0,68.53,0.29,3.5,19.58,239.86,0.02,13.33,5,1,2,0,7.0,7.0,11.0,7.0,1.0,False
5.0,1.0,1.0,1.0,17.0,60.94,0.4,2.5,24.38,152.36,0.02,8.46,3,0,0,0,5.0,7.0,10.0,7.0,1.0,False
9.0,2.0,1.0,2.0,17.0,60.94,0.29,3.5,17.41,213.31,0.02,11.85,7,0,0,0,6.0,6.0,10.0,7.0,3.0,False
5.0,1.0,1.0,1.0,7.0,18.09,0.5,2.0,9.05,36.19,0.01,2.0,3,0,0,0,4.0,2.0,5.0,2.0,1.0,False
26.0,3.0,1.0,1.0,67.0,328.76,0.1,10.33,31.82,3397.2,0.11,188.73,15,4,5,0,12.0,18.0,36.0,31.0,5.0,False
15.0,3.0,1.0,2.0,39.0,173.92,0.13,7.8,22.3,1356.56,0.06,75.36,10,0,3,0,12.0,10.0,26.0,13.0,5.0,False
10.0,3.0,1.0,3.0,41.0,187.98,0.13,7.5,25.06,1409.88,0.06,78.33,6,0,2,0,12.0,12.0,26.0,15.0,5.0,False
110.0,19.0,8.0,6.0,307.0,1665.86,0.02,61.29,27.18,102093.62,0.56,5671.87,67,28,12,1,22.0,21.0,190.0,117.0,37.0,False
34.0,5.0,1.0,2.0,52.0,241.48,0.1,10.15,23.78,2451.96,0.08,136.22,20,6,4,0,12.0,13.0,30.0,22.0,9.0,False
22.0,3.0,1.0,2.0,68.0,315.78,0.04,22.31,14.15,7045.89,0.11,391.44,15,2,3,0,17.0,8.0,47.0,21.0,5.0,False
10.0,2.0,1.0,1.0,36.0,158.12,0.15,6.82,23.19,1078.11,0.05,59.9,6,0,1,0,10.0,11.0,21.0,15.0,3.0,False
5.0,1.0,1.0,1.0,10.0,31.7,0.33,3.0,10.57,95.1,0.01,5.28,3,0,0,0,6.0,3.0,7.0,3.0,1.0,False
51.0,3.0,1.0,1.0,174.0,827.35,0.04,24.06,34.38,19908.12,0.28,1106.01,33,6,6,0,11.0,16.0,104.0,70.0,5.0,False
11.0,2.0,1.0,2.0,36.0,155.59,0.15,6.72,23.15,1045.91,0.05,58.11,8,0,1,0,11.0,9.0,25.0,11.0,3.0,False
8.0,2.0,1.0,1.0,27.0,108.0,0.2,5.0,21.6,540.0,0.04,30.0,4,1,1,0,8.0,8.0,17.0,10.0,3.0,False
4.0,1.0,1.0,1.0,9.0,27.0,0.5,2.0,13.5,54.0,0.01,3.0,2,0,0,0,4.0,4.0,5.0,4.0,1.0,False
5.0,1.0,1.0,1.0,4.0,8.0,0.67,1.5,5.33,12.0,0.0,0.67,2,0,1,0,3.0,1.0,3.0,1.0,1.0,True
49.0,4.0,1.0,4.0,0.0,0.0,0.0,0.0,0.0,0.0,0.0,0.0,0,0,0,0,0.0,0.0,0.0,0.0,7.0,False
17.0,4.0,1.0,1.0,40.0,183.4,0.13,8.0,22.92,1467.19,0.06,81.51,9,4,2,0,12.0,12.0,24.0,16.0,7.0,False
21.0,1.0,1.0,1.0,0.0,0.0,0.0,0.0,0.0,0.0,0.0,0.0,0,0,0,0,0.0,0.0,0.0,0.0,1.0,False
11.0,1.0,1.0,1.0,14.0,48.43,0.29,3.5,13.84,169.51,0.02,9.42,6,1,2,0,7.0,4.0,10.0,4.0,1.0,False
20.0,1.0,1.0,1.0,58.0,250.67,0.15,6.67,37.6,1671.15,0.08,92.84,12,0,5,0,8.0,12.0,38.0,20.0,1.0,False
4.0,1.0,1.0,1.0,5.0,11.61,0.67,1.5,7.74,17.41,0.0,0.97,2,0,0,0,3.0,2.0,3.0,2.0,1.0,False
157.0,11.0,5.0,6.0,475.0,2881.39,0.03,38.99,73.9,112344.29,0.96,6241.35,125,10,20,0,19.0,48.0,278.0,197.0,21.0,False
16.0,2.0,1.0,2.0,0.0,0.0,0.0,0.0,0.0,0.0,0.0,0.0,0,0,0,0,0.0,0.0,0.0,0.0,3.0,False
35.0,10.0,1.0,1.0,55.0,282.11,0.13,7.5,37.61,2115.83,0.09,117.55,24,0,9,0,15.0,20.0,35.0,20.0,11.0,False
38.0,2.0,1.0,2.0,87.0,387.97,0.09,11.42,33.96,4431.82,0.13,246.21,22,4,9,0,9.0,13.0,54.0,33.0,3.0,False
112.0,39.0,39.0,31.0,526.0,2968.67,0.01,66.81,44.44,198326.2,0.99,11018.12,102,0,8,0,19.0,31.0,308.0,218.0,77.0,False
21.0,4.0,4.0,1.0,56.0,256.76,0.05,19.17,13.4,4921.19,0.09,273.4,20,0,1,0,15.0,9.0,33.0,23.0,7.0,False
14.0,1.0,1.0,1.0,34.0,149.34,0.13,7.73,19.33,1153.98,0.05,64.11,8,0,4,0,10.0,11.0,17.0,17.0,1.0,False
8.0,1.0,1.0,1.0,23.0,92.0,0.26,3.89,23.66,357.78,0.03,19.88,3,0,1,1,7.0,9.0,13.0,10.0,1.0,False
35.0,3.0,1.0,3.0,64.0,310.91,0.09,10.97,28.35,3410.3,0.1,189.46,26,0,7,0,13.0,16.0,37.0,27.0,5.0,False
29.0,3.0,1.0,3.0,59.0,250.63,0.09,11.25,22.28,2819.56,0.08,156.64,20,0,5,0,9.0,10.0,34.0,25.0,5.0,False
96.0,7.0,5.0,6.0,250.0,1438.72,0.03,35.64,40.37,51270.82,0.48,2848.38,72,8,6,8,21.0,33.0,138.0,112.0,12.0,False
12.0,2.0,1.0,2.0,22.0,83.76,0.17,6.0,13.96,502.57,0.03,27.92,8,0,2,0,8.0,6.0,13.0,9.0,3.0,False
4.0,1.0,1.0,1.0,4.0,8.0,0.67,1.5,5.33,12.0,0.0,0.67,2,0,0,0,3.0,1.0,3.0,1.0,1.0,False
24.0,15.0,12.0,2.0,0.0,0.0,0.0,0.0,0.0,0.0,0.0,0.0,0,0,0,0,0.0,0.0,0.0,0.0,29.0,False
5.0,1.0,1.0,1.0,7.0,16.25,0.67,1.5,10.84,24.38,0.01,1.35,3,0,0,0,3.0,2.0,5.0,2.0,1.0,False
89.0,9.0,1.0,4.0,187.0,1044.39,0.03,29.5,35.4,30809.45,0.35,1711.64,74,0,12,0,24.0,24.0,128.0,59.0,14.0,False
22.0,3.0,1.0,3.0,0.0,0.0,0.0,0.0,0.0,0.0,0.0,0.0,0,0,0,0,0.0,0.0,0.0,0.0,5.0,False
17.0,9.0,1.0,1.0,75.0,375.0,0.14,7.0,53.57,2625.0,0.13,145.83,14,0,1,0,14.0,18.0,57.0,18.0,10.0,False
33.0,3.0,1.0,1.0,99.0,470.73,0.05,18.85,24.98,8871.52,0.16,492.86,27,0,4,0,14.0,13.0,64.0,35.0,5.0,False
32.0,1.0,1.0,1.0,86.0,430.0,0.1,10.48,41.05,4504.76,0.14,250.26,29,0,2,1,11.0,21.0,46.0,40.0,1.0,False
4.0,1.0,1.0,1.0,7.0,19.65,0.4,2.5,7.86,49.13,0.01,2.73,2,0,0,0,5.0,2.0,5.0,2.0,1.0,False
65.0,1.0,1.0,1.0,188.0,1081.92,0.11,8.9,121.56,9629.08,0.36,534.95,42,8,13,0,9.0,45.0,99.0,89.0,1.0,False
11.0,5.0,3.0,3.0,25.0,92.51,0.17,5.83,15.86,539.65,0.03,29.98,9,0,0,0,7.0,6.0,15.0,10.0,9.0,False
28.0,2.0,1.0,2.0,81.0,412.08,0.09,11.76,35.04,4846.9,0.14,269.27,21,4,1,0,13.0,21.0,43.0,38.0,3.0,False
25.0,1.0,1.0,1.0,29.0,103.96,0.5,2.0,51.98,207.93,0.03,11.55,9,7,7,0,3.0,9.0,17.0,12.0,1.0,False
61.0,11.0,3.0,10.0,258.0,1408.53,0.03,30.83,45.68,43429.78,0.47,2412.77,49,0,9,0,20.0,24.0,184.0,74.0,21.0,False
82.0,12.0,1.0,8.0,245.0,1321.12,0.03,37.74,35.01,49858.98,0.44,2769.94,50,15,11,4,17.0,25.0,134.0,111.0,23.0,False
47.0,5.0,4.0,5.0,86.0,433.82,0.07,14.0,30.99,6073.45,0.14,337.41,29,7,7,2,14.0,19.0,48.0,38.0,9.0,False
22.0,2.0,1.0,2.0,51.0,216.64,0.14,7.0,30.95,1516.51,0.07,84.25,17,2,1,0,7.0,12.0,27.0,24.0,3.0,False
45.0,9.0,1.0,6.0,175.0,1025.15,0.04,23.83,43.01,24432.66,0.34,1357.37,39,1,3,0,22.0,36.0,97.0,78.0,17.0,False
66.0,6.0,1.0,5.0,179.0,1044.08,0.03,31.03,33.65,32400.39,0.35,1800.02,50,4,8,0,26.0,31.0,105.0,74.0,10.0,False
25.0,3.0,1.0,3.0,36.0,150.12,0.09,11.0,13.65,1651.29,0.05,91.74,16,3,4,0,11.0,7.0,22.0,14.0,5.0,False
112.0,8.0,1.0,7.0,602.0,3726.27,0.02,51.02,73.04,190109.0,1.24,10561.61,80,5,25,0,19.0,54.0,312.0,290.0,15.0,False
24.0,3.0,1.0,3.0,45.0,197.65,0.2,5.0,39.53,988.27,0.07,54.9,18,0,4,0,7.0,14.0,25.0,20.0,5.0,False
4.0,1.0,1.0,1.0,5.0,11.61,0.67,1.5,7.74,17.41,0.0,0.97,2,0,0,0,3.0,2.0,3.0,2.0,1.0,False
5.0,1.0,1.0,1.0,7.0,19.65,0.5,2.0,9.83,39.3,0.01,2.18,2,1,0,0,4.0,3.0,4.0,3.0,1.0,False
47.0,6.0,4.0,5.0,165.0,945.11,0.05,22.12,42.72,20906.91,0.32,1161.49,39,0,6,0,20.0,33.0,92.0,73.0,11.0,False
57.0,14.0,14.0,5.0,162.0,850.16,0.03,36.67,23.19,31172.69,0.28,1731.82,46,0,9,0,20.0,18.0,96.0,66.0,27.0,False
12.0,2.0,1.0,2.0,39.0,181.11,0.14,7.07,25.61,1280.71,0.06,71.15,11,0,1,0,11.0,14.0,21.0,18.0,3.0,False
17.0,1.0,1.0,1.0,52.0,241.48,0.17,5.88,41.05,1420.47,0.08,78.92,11,0,4,0,8.0,17.0,27.0,25.0,1.0,False
6.0,1.0,1.0,1.0,8.0,20.68,0.67,1.5,13.79,31.02,0.01,1.72,3,0,1,0,3.0,3.0,5.0,3.0,1.0,False
14.0,3.0,1.0,1.0,21.0,75.28,0.31,3.21,23.42,241.98,0.03,13.44,10,0,2,0,5.0,7.0,12.0,9.0,5.0,False
9.0,3.0,1.0,1.0,15.0,53.77,0.17,6.0,8.96,322.65,0.02,17.92,5,1,0,1,8.0,4.0,9.0,6.0,5.0,False
6.0,1.0,1.0,1.0,32.0,135.93,0.29,3.46,39.27,470.54,0.05,26.14,4,0,0,0,6.0,13.0,17.0,15.0,1.0,False
4.0,1.0,1.0,1.0,9.0,27.0,0.5,2.0,13.5,54.0,0.01,3.0,2,0,0,0,4.0,4.0,5.0,4.0,1.0,False
6.0,1.0,1.0,1.0,0.0,0.0,0.0,0.0,0.0,0.0,0.0,0.0,0,0,0,0,0.0,0.0,0.0,0.0,1.0,False
7.0,1.0,1.0,1.0,15.0,57.11,0.29,3.5,16.32,199.89,0.02,11.1,4,0,1,0,7.0,7.0,8.0,7.0,1.0,False
206.0,14.0,1.0,8.0,774.0,4494.89,0.01,69.07,65.08,310451.31,1.5,17247.29,163,18,23,0,19.0,37.0,505.0,269.0,27.0,False
23.0,5.0,1.0,1.0,119.0,538.3,0.06,16.0,33.64,8612.86,0.18,478.49,19,1,1,0,8.0,15.0,59.0,60.0,9.0,False
189.0,33.0,15.0,16.0,510.0,3388.37,0.03,37.17,91.17,125934.29,1.13,6996.35,174,3,10,0,26.0,75.0,289.0,223.0,65.0,False
13.0,2.0,1.0,1.0,21.0,69.76,0.11,9.33,7.47,651.1,0.02,36.17,8,0,3,0,7.0,3.0,13.0,8.0,3.0,False
41.0,8.0,3.0,3.0,169.0,963.37,0.04,24.06,40.04,23181.19,0.32,1287.84,38,0,3,0,20.0,32.0,92.0,77.0,15.0,False
14.0,3.0,1.0,2.0,48.0,217.13,0.07,15.0,14.48,3256.96,0.07,180.94,11,0,1,0,15.0,8.0,32.0,16.0,5.0,False
15.0,2.0,1.0,2.0,51.0,208.46,0.15,6.65,31.35,1386.26,0.07,77.01,13,0,0,0,7.0,10.0,32.0,19.0,3.0,False
13.0,3.0,1.0,2.0,0.0,0.0,0.0,0.0,0.0,0.0,0.0,0.0,0,0,0,0,0.0,0.0,0.0,0.0,5.0,False
9.0,1.0,1.0,1.0,13.0,41.21,0.42,2.4,17.17,98.9,0.01,5.49,3,2,2,0,4.0,5.0,7.0,6.0,1.0,False
8.0,1.0,1.0,1.0,19.0,65.73,0.27,3.75,17.53,246.48,0.02,13.69,4,0,1,0,5.0,6.0,10.0,9.0,1.0,False
12.0,2.0,1.0,2.0,20.0,74.01,0.24,4.08,18.12,302.2,0.02,16.79,8,1,1,0,7.0,6.0,13.0,7.0,3.0,False
5.0,2.0,1.0,1.0,9.0,28.53,0.4,2.5,11.41,71.32,0.01,3.96,3,0,0,0,5.0,4.0,5.0,4.0,3.0,False
8.0,1.0,1.0,1.0,15.0,53.77,0.24,4.2,12.8,225.85,0.02,12.55,4,0,2,0,7.0,5.0,9.0,6.0,1.0,False
30.0,2.0,1.0,2.0,46.0,208.08,0.11,9.17,22.7,1907.44,0.07,105.97,17,7,4,0,11.0,12.0,26.0,20.0,3.0,False
44.0,5.0,1.0,1.0,115.0,534.04,0.04,26.73,19.98,14273.53,0.18,792.97,27,5,6,0,14.0,11.0,73.0,42.0,9.0,False
4.0,1.0,1.0,1.0,10.0,31.7,0.4,2.5,12.68,79.25,0.01,4.4,2,0,0,0,5.0,4.0,6.0,4.0,1.0,False
56.0,8.0,3.0,4.0,119.0,605.41,0.04,28.13,21.53,17027.1,0.2,945.95,44,0,10,0,18.0,16.0,69.0,50.0,15.0,False
27.0,2.0,1.0,1.0,54.0,253.82,0.08,12.5,20.31,3172.8,0.08,176.27,15,3,6,0,13.0,13.0,29.0,25.0,3.0,False
15.0,3.0,1.0,3.0,33.0,132.0,0.15,6.5,20.31,858.0,0.04,47.67,8,2,3,0,8.0,8.0,20.0,13.0,5.0,False
58.0,15.0,1.0,12.0,327.0,1899.01,0.02,55.24,34.38,104904.71,0.63,5828.04,50,0,4,2,25.0,31.0,190.0,137.0,29.0,False
44.0,11.0,8.0,9.0,131.0,731.63,0.07,14.26,51.31,10431.63,0.24,579.53,33,1,8,0,17.0,31.0,79.0,52.0,21.0,False
5.0,1.0,1.0,1.0,15.0,51.89,0.34,2.92,17.79,151.35,0.02,8.41,3,0,0,0,5.0,6.0,8.0,7.0,1.0,False
139.0,11.0,11.0,11.0,321.0,1974.07,0.04,26.27,75.13,51867.69,0.66,2881.54,75,28,32,2,20.0,51.0,187.0,134.0,21.0,False
23.0,1.0,1.0,1.0,0.0,0.0,0.0,0.0,0.0,0.0,0.0,0.0,0,0,0,0,0.0,0.0,0.0,0.0,1.0,False
18.0,3.0,1.0,3.0,39.0,171.3,0.09,11.33,15.11,1941.4,0.06,107.86,8,3,4,1,12.0,9.0,22.0,17.0,5.0,False
14.0,1.0,1.0,1.0,56.0,177.52,0.06,16.0,11.09,2840.25,0.06,157.79,9,0,3,0,6.0,3.0,40.0,16.0,1.0,False
16.0,2.0,1.0,2.0,36.0,158.12,0.12,8.25,19.17,1304.52,0.05,72.47,9,0,4,0,11.0,10.0,21.0,15.0,3.0,False
8.0,1.0,1.0,1.0,20.0,74.01,0.5,2.0,37.0,148.02,0.02,8.22,6,0,0,0,4.0,9.0,11.0,9.0,1.0,False
16.0,2.0,1.0,1.0,0.0,0.0,0.0,0.0,0.0,0.0,0.0,0.0,0,0,0,0,0.0,0.0,0.0,0.0,3.0,False
26.0,5.0,1.0,4.0,94.0,474.17,0.06,17.5,27.1,8298.03,0.16,461.0,23,0,1,0,15.0,18.0,52.0,42.0,9.0,False
25.0,3.0,1.0,1.0,75.0,352.53,0.04,23.18,15.21,8172.36,0.12,454.02,18,0,5,0,15.0,11.0,41.0,34.0,5.0,False
40.0,6.0,6.0,3.0,153.0,791.0,0.03,29.62,26.71,23427.52,0.26,1301.53,32,0,4,0,19.0,17.0,100.0,53.0,11.0,False
13.0,1.0,1.0,1.0,0.0,0.0,0.0,0.0,0.0,0.0,0.0,0.0,0,0,0,0,0.0,0.0,0.0,0.0,1.0,False
26.0,6.0,3.0,2.0,90.0,437.22,0.05,20.92,20.9,9147.95,0.15,508.22,19,0,3,1,16.0,13.0,63.0,34.0,11.0,False
12.0,2.0,1.0,2.0,38.0,166.91,0.22,4.5,37.09,751.09,0.06,41.73,10,0,0,0,7.0,14.0,20.0,18.0,3.0,False
50.0,12.0,5.0,8.0,268.0,1563.21,0.02,58.0,26.95,90666.44,0.52,5037.02,45,0,3,0,29.0,28.0,156.0,112.0,23.0,False
9.0,1.0,1.0,1.0,19.0,68.11,0.31,3.21,21.19,218.94,0.02,12.16,4,0,1,0,5.0,7.0,10.0,9.0,1.0,False
97.0,12.0,1.0,12.0,339.0,1968.69,0.04,24.19,81.4,47614.91,0.66,2645.27,65,8,19,2,13.0,43.0,179.0,160.0,23.0,False
66.0,15.0,1.0,15.0,226.0,1356.0,0.03,29.17,46.49,39550.0,0.45,2197.22,59,0,5,0,25.0,39.0,135.0,91.0,19.0,False
4.0,1.0,1.0,1.0,7.0,19.65,0.5,2.0,9.83,39.3,0.01,2.18,2,0,0,0,4.0,3.0,4.0,3.0,1.0,False
26.0,6.0,1.0,4.0,90.0,454.0,0.06,17.5,25.94,7944.92,0.15,441.38,20,0,3,0,15.0,18.0,48.0,42.0,11.0,False
14.0,4.0,1.0,3.0,59.0,280.54,0.09,11.2,25.05,3142.03,0.09,174.56,11,0,1,0,12.0,15.0,31.0,28.0,7.0,False
12.0,1.0,1.0,1.0,0.0,0.0,0.0,0.0,0.0,0.0,0.0,0.0,0,0,0,0,0.0,0.0,0.0,0.0,1.0,False
4.0,2.0,1.0,1.0,12.0,41.51,0.4,2.5,16.61,103.78,0.01,5.77,2,0,0,0,5.0,6.0,6.0,6.0,3.0,False
32.0,7.0,1.0,2.0,0.0,0.0,0.0,0.0,0.0,0.0,0.0,0.0,0,0,0,0,0.0,0.0,0.0,0.0,8.0,False
23.0,4.0,4.0,2.0,44.0,201.74,0.11,9.0,22.42,1815.65,0.07,100.87,12,5,4,0,12.0,12.0,26.0,18.0,7.0,False
4.0,1.0,1.0,1.0,15.0,49.83,0.43,2.33,21.36,116.27,0.02,6.46,2,0,0,0,4.0,6.0,8.0,7.0,1.0,False
11.0,2.0,1.0,2.0,23.0,87.57,0.19,5.33,16.42,467.04,0.03,25.95,7,0,2,0,8.0,6.0,15.0,8.0,3.0,False
4.0,1.0,1.0,1.0,7.0,19.65,0.5,2.0,9.83,39.3,0.01,2.18,2,0,0,0,4.0,3.0,4.0,3.0,1.0,False
25.0,2.0,1.0,2.0,64.0,314.04,0.1,10.5,29.91,3297.43,0.1,183.19,17,0,5,0,14.0,16.0,40.0,24.0,3.0,False
22.0,1.0,1.0,1.0,0.0,0.0,0.0,0.0,0.0,0.0,0.0,0.0,0,0,0,0,0.0,0.0,0.0,0.0,1.0,False
22.0,1.0,1.0,1.0,92.0,359.43,0.04,23.25,15.46,8356.84,0.12,464.27,16,3,1,0,9.0,6.0,61.0,31.0,1.0,False
26.0,5.0,5.0,3.0,61.0,299.32,0.07,13.71,21.83,4104.96,0.1,228.05,14,7,3,0,16.0,14.0,37.0,24.0,9.0,False
16.0,1.0,1.0,1.0,51.0,220.42,0.12,8.5,25.93,1873.56,0.07,104.09,9,0,4,0,10.0,10.0,34.0,17.0,1.0,False
26.0,2.0,1.0,1.0,142.0,554.78,0.03,33.14,16.74,18386.94,0.18,1021.5,18,0,5,0,8.0,7.0,84.0,58.0,3.0,False
17.0,2.0,1.0,2.0,40.0,178.38,0.1,10.11,17.64,1803.59,0.06,100.2,9,2,4,0,13.0,9.0,26.0,14.0,3.0,True
5.0,1.0,1.0,1.0,18.0,68.53,0.29,3.5,19.58,239.86,0.02,13.33,3,0,0,0,7.0,7.0,11.0,7.0,1.0,False
84.0,16.0,9.0,3.0,256.0,1505.96,0.03,33.89,44.43,51039.72,0.5,2835.54,77,0,5,0,22.0,37.0,142.0,114.0,31.0,False
4.0,1.0,1.0,1.0,7.0,19.65,0.4,2.5,7.86,49.13,0.01,2.73,2,0,0,0,5.0,2.0,5.0,2.0,1.0,False
404.0,24.0,1.0,12.0,1586.0,11778.06,0.02,61.65,191.05,726113.14,3.93,40339.62,322,12,66,2,25.0,147.0,868.0,725.0,47.0,False
15.0,6.0,6.0,1.0,38.0,158.46,0.1,10.21,15.51,1618.53,0.05,89.92,11,0,2,0,11.0,7.0,25.0,13.0,11.0,False
13.0,1.0,1.0,1.0,1.0,0.0,0.0,0.0,0.0,0.0,0.0,0.0,1,10,0,0,1.0,0.0,1.0,0.0,1.0,False
5.0,1.0,1.0,1.0,7.0,19.65,0.5,2.0,9.83,39.3,0.01,2.18,2,0,1,0,4.0,3.0,4.0,3.0,1.0,False
12.0,2.0,1.0,2.0,27.0,116.69,0.15,6.75,17.29,787.67,0.04,43.76,7,0,3,0,12.0,8.0,18.0,9.0,3.0,False
9.0,2.0,1.0,2.0,14.0,46.51,0.4,2.5,18.6,116.27,0.02,6.46,6,1,0,0,5.0,5.0,9.0,5.0,3.0,False
50.0,9.0,1.0,5.0,149.0,758.03,0.04,28.0,27.07,21224.89,0.25,1179.16,39,1,8,0,16.0,18.0,86.0,63.0,17.0,False
24.0,5.0,5.0,5.0,73.0,374.44,0.08,12.63,29.64,4729.74,0.12,262.76,18,0,2,0,16.0,19.0,43.0,30.0,9.0,False
11.0,2.0,1.0,1.0,33.0,125.64,0.11,9.33,13.46,1172.67,0.04,65.15,8,0,1,0,8.0,6.0,19.0,14.0,3.0,False
23.0,2.0,1.0,2.0,50.0,222.97,0.08,12.6,17.7,2809.44,0.07,156.08,10,2,5,0,12.0,10.0,29.0,21.0,3.0,False
10.0,2.0,1.0,1.0,22.0,85.95,0.21,4.81,17.86,413.64,0.03,22.98,6,0,2,0,7.0,8.0,11.0,11.0,3.0,False
11.0,1.0,1.0,1.0,12.0,36.0,0.3,3.33,10.8,120.0,0.01,6.67,3,4,0,0,5.0,3.0,8.0,4.0,1.0,False
8.0,1.0,1.0,1.0,15.0,53.77,0.24,4.2,12.8,225.85,0.02,12.55,4,0,2,0,7.0,5.0,9.0,6.0,1.0,False
26.0,5.0,1.0,3.0,53.0,246.12,0.09,11.54,21.33,2839.9,0.08,157.77,20,0,4,0,12.0,13.0,28.0,25.0,9.0,False
12.0,1.0,1.0,1.0,0.0,0.0,0.0,0.0,0.0,0.0,0.0,0.0,0,0,0,0,0.0,0.0,0.0,0.0,1.0,False
7.0,2.0,1.0,2.0,34.0,144.43,0.14,7.22,20.0,1043.09,0.05,57.95,4,0,1,0,10.0,9.0,21.0,13.0,3.0,False
36.0,6.0,1.0,1.0,0.0,0.0,0.0,0.0,0.0,0.0,0.0,0.0,0,0,0,0,0.0,0.0,0.0,0.0,11.0,False
46.0,3.0,1.0,3.0,125.0,682.43,0.16,6.33,107.75,4322.05,0.23,240.11,34,1,9,0,8.0,36.0,68.0,57.0,5.0,False
42.0,1.0,1.0,1.0,192.0,768.0,0.03,38.5,19.95,29568.0,0.26,1642.67,26,0,14,0,8.0,8.0,115.0,77.0,1.0,False
37.0,6.0,4.0,5.0,101.0,533.83,0.08,12.04,44.34,6427.26,0.18,357.07,27,3,5,0,14.0,25.0,58.0,43.0,11.0,False
14.0,1.0,1.0,1.0,79.0,346.99,0.22,4.59,75.63,1592.09,0.12,88.45,12,0,0,0,4.0,17.0,40.0,39.0,1.0,True
74.0,8.0,3.0,6.0,299.0,1678.8,0.02,58.83,28.54,98758.54,0.56,5486.59,65,0,5,1,23.0,26.0,166.0,133.0,11.0,True
30.0,4.0,1.0,1.0,69.0,262.71,0.05,19.33,13.59,5079.01,0.09,282.17,18,6,4,0,8.0,6.0,40.0,29.0,7.0,False
56.0,10.0,8.0,7.0,215.0,1187.57,0.03,38.08,31.19,45218.85,0.4,2512.16,47,1,3,0,20.0,26.0,116.0,99.0,19.0,False
18.0,3.0,1.0,2.0,27.0,99.91,0.21,4.71,21.19,471.01,0.03,26.17,15,0,1,0,6.0,7.0,16.0,11.0,5.0,False
34.0,3.0,1.0,1.0,87.0,376.01,0.03,31.57,11.91,11871.1,0.13,659.51,25,2,5,0,13.0,7.0,53.0,34.0,5.0,False
8.0,3.0,3.0,1.0,17.0,60.94,0.17,6.0,10.16,365.67,0.02,20.31,5,0,1,0,8.0,4.0,11.0,6.0,5.0,False
15.0,1.0,1.0,1.0,74.0,366.61,0.12,8.57,42.77,3142.38,0.12,174.58,13,0,2,0,10.0,21.0,38.0,36.0,1.0,False
11.0,2.0,1.0,2.0,23.0,85.11,0.26,3.86,22.07,328.28,0.03,18.24,8,0,1,0,6.0,7.0,14.0,9.0,3.0,False
26.0,4.0,1.0,4.0,33.0,128.93,0.31,3.25,39.67,419.01,0.04,23.28,21,2,1,0,5.0,10.0,20.0,13.0,7.0,False
26.0,6.0,5.0,2.0,57.0,257.83,0.06,17.11,15.07,4411.98,0.09,245.11,22,0,4,0,14.0,9.0,35.0,22.0,11.0,False
12.0,2.0,1.0,2.0,40.0,169.92,0.18,5.54,30.68,941.08,0.06,52.28,8,0,1,0,6.0,13.0,16.0,24.0,3.0,False
10.0,2.0,1.0,1.0,36.0,158.12,0.15,6.82,23.19,1078.11,0.05,59.9,6,0,1,0,10.0,11.0,21.0,15.0,3.0,False
30.0,8.0,4.0,4.0,127.0,697.47,0.04,25.35,27.52,17679.23,0.23,982.18,25,0,3,0,22.0,23.0,74.0,53.0,15.0,False
4.0,1.0,1.0,1.0,13.0,43.19,0.17,5.83,7.4,251.91,0.01,14.0,2,0,0,0,7.0,3.0,8.0,5.0,1.0,False
23.0,13.0,13.0,13.0,101.0,443.62,0.07,15.0,29.57,6654.36,0.15,369.69,20,0,0,1,10.0,11.0,68.0,33.0,25.0,False
9.0,1.0,1.0,1.0,38.0,136.23,0.08,12.0,11.35,1634.74,0.05,90.82,7,0,0,0,8.0,4.0,26.0,12.0,1.0,False
24.0,1.0,1.0,1.0,76.0,372.92,0.14,7.0,53.27,2610.47,0.12,145.03,17,0,3,0,10.0,20.0,48.0,28.0,1.0,False
19.0,1.0,1.0,1.0,71.0,316.62,0.14,7.23,43.77,2290.22,0.11,127.23,15,0,0,0,7.0,15.0,40.0,31.0,1.0,False
38.0,6.0,5.0,2.0,103.0,510.28,0.05,20.8,24.53,10613.87,0.17,589.66,31,0,4,0,16.0,15.0,64.0,39.0,11.0,False
28.0,9.0,1.0,8.0,102.0,495.51,0.11,9.23,53.71,4571.12,0.17,253.95,18,0,8,0,9.0,20.0,61.0,41.0,17.0,False
4.0,1.0,1.0,1.0,7.0,19.65,0.5,2.0,9.83,39.3,0.01,2.18,2,0,0,0,4.0,3.0,4.0,3.0,1.0,False
9.0,3.0,1.0,1.0,0.0,0.0,0.0,0.0,0.0,0.0,0.0,0.0,0,0,0,0,0.0,0.0,0.0,0.0,5.0,False
24.0,6.0,6.0,4.0,84.0,434.27,0.05,21.88,19.85,9499.74,0.14,527.76,19,0,3,0,20.0,16.0,49.0,35.0,11.0,False
22.0,1.0,1.0,1.0,61.0,290.05,0.1,10.0,29.0,2900.48,0.1,161.14,11,4,4,0,12.0,15.0,36.0,25.0,1.0,False
17.0,2.0,1.0,1.0,37.0,169.64,0.13,8.0,21.21,1357.15,0.06,75.4,11,0,3,1,12.0,12.0,21.0,16.0,3.0,False
27.0,3.0,1.0,3.0,82.0,389.9,0.11,9.5,41.04,3704.06,0.13,205.78,18,0,7,0,9.0,18.0,44.0,38.0,5.0,False
6.0,1.0,1.0,1.0,1.0,0.0,0.0,0.0,0.0,0.0,0.0,0.0,1,3,0,0,1.0,0.0,1.0,0.0,1.0,False
11.0,2.0,1.0,2.0,38.0,166.91,0.22,4.5,37.09,751.09,0.06,41.73,9,0,0,0,7.0,14.0,20.0,18.0,3.0,False
31.0,6.0,4.0,5.0,98.0,541.31,0.08,12.31,43.97,6663.7,0.18,370.21,23,1,5,0,17.0,29.0,56.0,42.0,11.0,False
33.0,9.0,5.0,2.0,98.0,494.35,0.05,21.25,23.26,10504.95,0.16,583.61,26,1,4,0,17.0,16.0,58.0,40.0,17.0,False
122.0,11.0,6.0,5.0,445.0,2813.26,0.03,38.41,73.24,108054.68,0.94,6003.04,77,15,14,14,25.0,55.0,276.0,169.0,21.0,False
19.0,5.0,1.0,4.0,62.0,310.0,0.08,12.79,24.23,3966.18,0.1,220.34,16,0,1,0,15.0,17.0,33.0,29.0,9.0,False
33.0,6.0,1.0,5.0,94.0,474.17,0.04,25.8,18.38,12233.66,0.16,679.65,26,0,5,0,18.0,15.0,51.0,43.0,11.0,False
71.0,8.0,6.0,5.0,277.0,1622.66,0.02,44.82,36.2,72733.38,0.54,4040.74,51,10,10,0,24.0,34.0,150.0,127.0,15.0,False
100.0,11.0,6.0,7.0,196.0,1143.25,0.04,23.24,49.19,26572.76,0.38,1476.26,63,28,7,0,20.0,37.0,110.0,86.0,21.0,False
11.0,5.0,5.0,2.0,0.0,0.0,0.0,0.0,0.0,0.0,0.0,0.0,0,0,0,0,0.0,0.0,0.0,0.0,9.0,False
31.0,4.0,1.0,3.0,62.0,312.75,0.09,11.25,27.8,3518.46,0.1,195.47,25,1,3,0,15.0,18.0,35.0,27.0,6.0,False
14.0,1.0,1.0,1.0,39.0,159.41,0.17,5.78,27.59,921.04,0.05,51.17,8,1,3,0,8.0,9.0,26.0,13.0,1.0,False
42.0,6.0,1.0,6.0,127.0,661.6,0.06,15.83,41.8,10470.55,0.22,581.7,34,0,5,1,14.0,23.0,75.0,52.0,11.0,False
29.0,1.0,1.0,1.0,62.0,242.23,0.17,6.0,40.37,1453.36,0.08,80.74,21,0,6,0,5.0,10.0,38.0,24.0,1.0,False
60.0,8.0,4.0,7.0,146.0,801.81,0.05,19.33,41.47,15501.67,0.27,861.2,46,5,7,0,18.0,27.0,88.0,58.0,15.0,True
45.0,10.0,5.0,7.0,98.0,538.2,0.07,15.3,35.17,8236.82,0.18,457.6,34,4,3,2,22.0,23.0,66.0,32.0,16.0,False
20.0,2.0,1.0,2.0,26.0,104.0,0.19,5.14,20.22,534.86,0.03,29.71,10,4,4,0,9.0,7.0,18.0,8.0,3.0,False
12.0,3.0,1.0,3.0,37.0,128.0,0.08,12.25,10.45,1567.99,0.04,87.11,10,0,0,0,7.0,4.0,23.0,14.0,5.0,False
56.0,10.0,9.0,7.0,181.0,1055.75,0.05,22.0,47.99,23226.57,0.35,1290.36,48,0,5,0,22.0,35.0,111.0,70.0,19.0,False
42.0,4.0,1.0,4.0,0.0,0.0,0.0,0.0,0.0,0.0,0.0,0.0,0,0,0,0,0.0,0.0,0.0,0.0,7.0,False
67.0,15.0,8.0,9.0,191.0,1029.93,0.04,24.31,42.37,25035.29,0.34,1390.85,39,12,14,0,16.0,26.0,112.0,79.0,29.0,False
42.0,4.0,1.0,4.0,134.0,740.16,0.05,20.06,36.91,14844.27,0.25,824.68,35,1,3,1,19.0,27.0,77.0,57.0,7.0,False
16.0,2.0,1.0,2.0,44.0,201.74,0.26,3.91,51.57,789.15,0.07,43.84,13,0,1,0,7.0,17.0,25.0,19.0,3.0,False
29.0,12.0,4.0,4.0,164.0,847.87,0.02,41.35,20.5,35061.82,0.28,1947.88,24,0,3,0,19.0,17.0,90.0,74.0,23.0,False
13.0,2.0,1.0,2.0,37.0,165.0,0.14,7.0,23.57,1154.99,0.05,64.17,8,0,2,0,11.0,11.0,23.0,14.0,3.0,False
26.0,6.0,6.0,3.0,45.0,197.65,0.1,10.0,19.77,1976.54,0.07,109.81,19,0,4,1,12.0,9.0,30.0,15.0,11.0,False
10.0,1.0,1.0,1.0,33.0,142.62,0.17,5.73,24.9,816.84,0.05,45.38,6,0,2,0,9.0,11.0,19.0,14.0,1.0,False
30.0,4.0,1.0,4.0,65.0,318.95,0.08,13.14,24.27,4191.89,0.11,232.88,21,0,7,0,16.0,14.0,42.0,23.0,7.0,False
4.0,1.0,1.0,1.0,5.0,11.61,0.67,1.5,7.74,17.41,0.0,0.97,2,0,0,0,3.0,2.0,3.0,2.0,1.0,False
65.0,8.0,4.0,6.0,224.0,1207.88,0.03,30.38,39.77,36689.33,0.4,2038.3,49,3,11,0,18.0,24.0,143.0,81.0,15.0,False
13.0,5.0,5.0,2.0,39.0,171.3,0.06,16.25,10.54,2783.63,0.06,154.65,7,0,4,0,15.0,6.0,26.0,13.0,9.0,False
4.0,1.0,1.0,1.0,13.0,44.97,0.25,4.0,11.24,179.89,0.01,9.99,2,0,0,0,8.0,3.0,10.0,3.0,1.0,False
54.0,6.0,1.0,3.0,78.0,347.84,0.08,13.0,26.76,4521.86,0.12,251.21,36,9,7,0,11.0,11.0,52.0,26.0,11.0,False
61.0,7.0,5.0,5.0,0.0,0.0,0.0,0.0,0.0,0.0,0.0,0.0,0,0,0,0,0.0,0.0,0.0,0.0,13.0,False
17.0,4.0,1.0,3.0,30.0,114.22,0.14,7.33,15.58,837.62,0.04,46.53,13,0,2,0,8.0,6.0,19.0,11.0,7.0,False
5.0,1.0,1.0,1.0,7.0,19.65,0.5,2.0,9.83,39.3,0.01,2.18,2,0,1,0,4.0,3.0,4.0,3.0,1.0,False
306.0,55.0,15.0,24.0,843.0,5344.49,0.01,86.11,62.06,460231.48,1.78,25568.42,212,63,27,2,28.0,53.0,517.0,326.0,109.0,False
4.0,1.0,1.0,1.0,5.0,11.61,0.5,2.0,5.8,23.22,0.0,1.29,2,0,0,0,4.0,1.0,4.0,1.0,1.0,False
37.0,7.0,4.0,5.0,119.0,641.69,0.05,21.07,30.46,13517.25,0.21,750.96,30,0,5,0,19.0,23.0,68.0,51.0,13.0,False
14.0,2.0,1.0,1.0,30.0,117.21,0.09,11.0,10.66,1289.27,0.04,71.63,10,0,1,1,10.0,5.0,19.0,11.0,3.0,False
17.0,8.0,6.0,5.0,35.0,148.68,0.11,8.94,16.64,1328.8,0.05,73.82,15,0,0,0,11.0,8.0,22.0,13.0,15.0,False
12.0,2.0,1.0,2.0,20.0,74.01,0.16,6.4,11.56,473.66,0.02,26.31,8,0,2,0,8.0,5.0,12.0,8.0,3.0,False
13.0,1.0,1.0,1.0,0.0,0.0,0.0,0.0,0.0,0.0,0.0,0.0,0,0,0,0,0.0,0.0,0.0,0.0,1.0,False
19.0,2.0,1.0,2.0,0.0,0.0,0.0,0.0,0.0,0.0,0.0,0.0,0,0,0,0,0.0,0.0,0.0,0.0,3.0,False
28.0,3.0,1.0,3.0,61.0,290.05,0.12,8.53,34.01,2473.94,0.1,137.44,20,2,3,0,10.0,17.0,32.0,29.0,5.0,False
14.0,2.0,1.0,2.0,0.0,0.0,0.0,0.0,0.0,0.0,0.0,0.0,0,0,0,0,0.0,0.0,0.0,0.0,3.0,False
4.0,1.0,1.0,1.0,9.0,25.27,0.27,3.75,6.74,94.75,0.01,5.26,2,0,0,0,5.0,2.0,6.0,3.0,1.0,False
173.0,37.0,22.0,30.0,0.0,0.0,0.0,0.0,0.0,0.0,0.0,0.0,0,0,0,0,0.0,0.0,0.0,0.0,73.0,False
12.0,2.0,1.0,2.0,30.0,127.44,0.23,4.36,29.2,556.09,0.04,30.89,7,0,3,0,8.0,11.0,18.0,12.0,3.0,False
102.0,34.0,15.0,11.0,414.0,2528.93,0.03,28.76,87.92,72743.9,0.84,4041.33,74,19,5,2,18.0,51.0,251.0,163.0,67.0,True
18.0,1.0,1.0,1.0,27.0,105.49,0.5,2.0,52.74,210.97,0.04,11.72,7,5,4,0,4.0,11.0,16.0,11.0,1.0,False
27.0,2.0,1.0,2.0,0.0,0.0,0.0,0.0,0.0,0.0,0.0,0.0,0,0,0,0,0.0,0.0,0.0,0.0,3.0,False
132.0,5.0,1.0,5.0,395.0,2531.71,0.04,25.66,98.68,64955.35,0.84,3608.63,81,14,34,0,18.0,67.0,204.0,191.0,9.0,False
20.0,22.0,22.0,22.0,0.0,0.0,0.0,0.0,0.0,0.0,0.0,0.0,0,0,0,0,0.0,0.0,0.0,0.0,43.0,False
74.0,6.0,4.0,4.0,249.0,1505.05,0.03,35.83,42.0,53931.11,0.5,2996.17,61,1,9,0,30.0,36.0,163.0,86.0,11.0,False
19.0,2.0,1.0,2.0,0.0,0.0,0.0,0.0,0.0,0.0,0.0,0.0,0,0,0,0,0.0,0.0,0.0,0.0,3.0,False
20.0,4.0,1.0,2.0,60.0,275.1,0.07,14.0,19.65,3851.37,0.09,213.96,15,0,3,0,14.0,10.0,40.0,20.0,7.0,False
4.0,1.0,1.0,1.0,8.0,24.0,0.4,2.5,9.6,60.0,0.01,3.33,2,0,0,0,5.0,3.0,5.0,3.0,1.0,False
38.0,8.0,7.0,4.0,82.0,370.93,0.05,22.1,16.78,8197.6,0.12,455.42,24,4,4,1,13.0,10.0,48.0,34.0,15.0,False
8.0,2.0,1.0,2.0,8.0,22.46,0.4,2.5,8.98,56.15,0.01,3.12,4,0,2,0,5.0,2.0,6.0,2.0,3.0,False
377.0,48.0,19.0,44.0,1295.0,8764.8,0.01,84.86,103.28,743817.61,2.92,41323.2,303,36,36,0,28.0,81.0,804.0,491.0,89.0,False
24.0,1.0,1.0,1.0,36.0,147.15,0.23,4.36,33.72,642.1,0.05,35.67,11,8,3,0,6.0,11.0,20.0,16.0,1.0,False
25.0,5.0,4.0,3.0,100.0,470.04,0.03,35.89,13.1,16869.36,0.16,937.19,21,0,2,0,17.0,9.0,62.0,38.0,9.0,False
22.0,3.0,1.0,2.0,50.0,222.97,0.1,10.0,22.3,2229.72,0.07,123.87,17,0,3,0,11.0,11.0,30.0,20.0,5.0,False
34.0,2.0,1.0,2.0,52.0,244.42,0.09,11.67,20.95,2851.6,0.08,158.42,13,2,17,0,14.0,12.0,32.0,20.0,3.0,False
17.0,2.0,1.0,1.0,38.0,136.23,0.08,12.0,11.35,1634.74,0.05,90.82,10,2,2,0,8.0,4.0,26.0,12.0,3.0,False
15.0,3.0,3.0,1.0,30.0,125.1,0.12,8.64,14.47,1081.2,0.04,60.07,8,0,5,0,11.0,7.0,19.0,11.0,5.0,False
4.0,1.0,1.0,1.0,9.0,27.0,0.4,2.5,10.8,67.5,0.01,3.75,2,0,0,0,5.0,3.0,6.0,3.0,1.0,False
15.0,8.0,8.0,1.0,57.0,254.19,0.06,17.5,14.53,4448.28,0.08,247.13,12,0,1,0,14.0,8.0,37.0,20.0,15.0,False
32.0,6.0,6.0,4.0,81.0,397.46,0.07,14.0,28.39,5564.41,0.13,309.13,23,2,4,1,14.0,16.0,49.0,32.0,11.0,False
5.0,1.0,1.0,1.0,0.0,0.0,0.0,0.0,0.0,0.0,0.0,0.0,0,0,0,0,0.0,0.0,0.0,0.0,1.0,False
40.0,6.0,1.0,1.0,52.0,235.23,0.13,7.79,30.19,1832.8,0.08,101.82,31,0,7,0,11.0,12.0,35.0,17.0,7.0,False
6.0,1.0,1.0,1.0,14.0,50.19,0.4,2.5,20.08,125.47,0.02,6.97,3,0,1,0,5.0,7.0,7.0,7.0,1.0,False
20.0,3.0,3.0,1.0,120.0,620.39,0.03,37.5,16.54,23264.66,0.21,1292.48,14,0,4,0,25.0,11.0,87.0,33.0,5.0,False
7.0,2.0,1.0,2.0,10.0,30.0,0.3,3.33,9.0,100.0,0.01,5.56,5,0,0,0,5.0,3.0,6.0,4.0,3.0,False
29.0,4.0,1.0,1.0,77.0,353.04,0.05,21.86,16.14,7718.78,0.12,428.82,23,0,2,0,13.0,11.0,40.0,37.0,7.0,False
21.0,4.0,1.0,4.0,50.0,229.25,0.11,8.93,25.68,2046.86,0.08,113.71,16,0,3,0,10.0,14.0,25.0,25.0,7.0,False
9.0,1.0,1.0,1.0,24.0,91.38,0.27,3.75,24.37,342.66,0.03,19.04,7,0,0,0,6.0,8.0,14.0,10.0,1.0,False
5.0,1.0,1.0,1.0,17.0,60.94,0.29,3.5,17.41,213.31,0.02,11.85,3,0,0,0,6.0,6.0,10.0,7.0,1.0,False
32.0,5.0,5.0,3.0,144.0,781.38,0.04,24.12,32.4,18846.94,0.26,1047.05,30,0,2,0,18.0,25.0,77.0,67.0,9.0,False
7.0,2.0,1.0,1.0,15.0,51.89,0.19,5.33,9.73,276.75,0.02,15.38,5,0,0,0,8.0,3.0,11.0,4.0,3.0,False
44.0,6.0,1.0,5.0,208.0,1114.37,0.03,34.04,32.72,37937.06,0.37,2107.61,40,0,2,0,18.0,23.0,121.0,87.0,11.0,False
11.0,3.0,1.0,3.0,0.0,0.0,0.0,0.0,0.0,0.0,0.0,0.0,0,0,0,0,0.0,0.0,0.0,0.0,5.0,False
4.0,1.0,1.0,1.0,4.0,8.0,0.67,1.5,5.33,12.0,0.0,0.67,2,0,0,0,3.0,1.0,3.0,1.0,1.0,False
7.0,2.0,1.0,1.0,15.0,51.89,0.19,5.33,9.73,276.75,0.02,15.38,5,0,0,0,8.0,3.0,11.0,4.0,3.0,False
23.0,5.0,1.0,1.0,65.0,276.12,0.06,17.33,15.93,4786.0,0.09,265.89,20,0,1,0,13.0,6.0,49.0,16.0,7.0,False
22.0,3.0,1.0,3.0,64.0,317.07,0.1,10.31,30.75,3269.77,0.11,181.65,16,0,4,0,15.0,16.0,42.0,22.0,5.0,False
4.0,1.0,1.0,1.0,5.0,11.61,0.67,1.5,7.74,17.41,0.0,0.97,2,0,0,0,3.0,2.0,3.0,2.0,1.0,False
44.0,4.0,1.0,3.0,123.0,650.1,0.06,15.65,41.53,10175.55,0.22,565.31,29,8,5,0,16.0,23.0,78.0,45.0,7.0,False
30.0,5.0,1.0,5.0,81.0,408.6,0.08,12.53,32.61,5118.2,0.14,284.34,25,0,2,0,14.0,19.0,47.0,34.0,6.0,False
20.0,1.0,1.0,1.0,56.0,266.27,0.13,7.91,33.68,2105.23,0.09,116.96,13,0,4,0,11.0,16.0,33.0,23.0,1.0,False
8.0,1.0,1.0,1.0,12.0,39.86,0.27,3.75,10.63,149.49,0.01,8.3,4,0,2,0,6.0,4.0,7.0,5.0,1.0,False
32.0,4.0,1.0,1.0,50.0,222.97,0.06,16.63,13.41,3706.9,0.07,205.94,19,5,4,2,14.0,8.0,31.0,19.0,7.0,False
113.0,22.0,16.0,11.0,673.0,4896.83,0.03,33.73,145.17,165181.32,1.63,9176.74,104,1,6,2,28.0,127.0,367.0,306.0,43.0,False
21.0,5.0,5.0,3.0,57.0,271.03,0.08,12.92,20.97,3502.52,0.09,194.58,18,1,0,0,14.0,13.0,33.0,24.0,9.0,False
17.0,4.0,3.0,2.0,0.0,0.0,0.0,0.0,0.0,0.0,0.0,0.0,0,0,0,0,0.0,0.0,0.0,0.0,7.0,False
35.0,9.0,1.0,9.0,0.0,0.0,0.0,0.0,0.0,0.0,0.0,0.0,0,0,0,0,0.0,0.0,0.0,0.0,17.0,False
28.0,4.0,1.0,4.0,102.0,518.91,0.06,15.79,32.87,8193.49,0.17,455.19,23,0,2,0,15.0,19.0,62.0,40.0,7.0,False
52.0,2.0,1.0,2.0,227.0,981.08,0.01,86.33,11.36,84699.71,0.33,4705.54,36,3,10,0,14.0,6.0,153.0,74.0,3.0,False
29.0,1.0,1.0,1.0,93.0,308.94,0.05,18.75,16.48,5792.61,0.1,321.81,24,0,3,0,6.0,4.0,68.0,25.0,1.0,False
4.0,1.0,1.0,1.0,9.0,27.0,0.4,2.5,10.8,67.5,0.01,3.75,2,0,0,0,5.0,3.0,6.0,3.0,1.0,False
21.0,2.0,1.0,2.0,0.0,0.0,0.0,0.0,0.0,0.0,0.0,0.0,0,0,0,0,0.0,0.0,0.0,0.0,3.0,False
85.0,17.0,1.0,17.0,0.0,0.0,0.0,0.0,0.0,0.0,0.0,0.0,0,0,0,0,0.0,0.0,0.0,0.0,23.0,False
13.0,2.0,1.0,1.0,20.0,78.14,0.22,4.5,17.36,351.62,0.03,19.53,9,0,1,0,9.0,6.0,14.0,6.0,3.0,False
14.0,1.0,1.0,1.0,49.0,221.65,0.26,3.88,57.09,860.54,0.07,47.81,8,0,3,0,6.0,17.0,27.0,22.0,1.0,False
13.0,1.0,1.0,1.0,38.0,161.42,0.29,3.39,47.58,547.68,0.05,30.43,10,0,1,0,5.0,14.0,19.0,19.0,1.0,False
137.0,15.0,7.0,8.0,492.0,3127.92,0.02,43.27,72.29,135348.62,1.04,7519.37,119,0,16,0,23.0,59.0,270.0,222.0,29.0,False
7.0,1.0,1.0,1.0,21.0,54.28,0.1,10.0,5.43,542.84,0.02,30.16,5,0,0,0,5.0,1.0,17.0,4.0,1.0,False
17.0,7.0,7.0,5.0,53.0,229.06,0.09,11.0,20.82,2519.68,0.08,139.98,15,0,0,0,11.0,9.0,35.0,18.0,13.0,False
4.0,1.0,1.0,1.0,10.0,31.7,0.4,2.5,12.68,79.25,0.01,4.4,2,0,0,0,5.0,4.0,6.0,4.0,1.0,False
54.0,7.0,4.0,5.0,137.0,738.75,0.04,24.37,30.31,18002.96,0.25,1000.16,44,1,4,3,19.0,23.0,78.0,59.0,13.0,False
4.0,1.0,1.0,1.0,8.0,24.0,0.4,2.5,9.6,60.0,0.01,3.33,2,0,0,0,5.0,3.0,5.0,3.0,1.0,False
167.0,30.0,14.0,9.0,0.0,0.0,0.0,0.0,0.0,0.0,0.0,0.0,0,0,0,0,0.0,0.0,0.0,0.0,59.0,False
5.0,1.0,1.0,1.0,0.0,0.0,0.0,0.0,0.0,0.0,0.0,0.0,0,0,0,0,0.0,0.0,0.0,0.0,1.0,False
11.0,2.0,1.0,2.0,20.0,74.01,0.21,4.67,15.86,345.37,0.02,19.19,8,0,1,0,7.0,6.0,12.0,8.0,3.0,False
27.0,2.0,1.0,1.0,77.0,370.17,0.09,10.56,35.07,3907.31,0.12,217.07,20,2,3,0,10.0,18.0,39.0,38.0,3.0,False
22.0,5.0,3.0,3.0,0.0,0.0,0.0,0.0,0.0,0.0,0.0,0.0,0,0,0,0,0.0,0.0,0.0,0.0,9.0,False
43.0,6.0,6.0,2.0,139.0,744.7,0.04,22.31,33.38,16616.11,0.25,923.12,27,5,9,0,17.0,24.0,76.0,63.0,11.0,False
10.0,1.0,1.0,1.0,26.0,98.99,0.17,6.0,16.5,593.95,0.03,33.0,4,0,2,1,8.0,6.0,17.0,9.0,1.0,False
39.0,9.0,7.0,7.0,135.0,727.96,0.03,28.6,25.45,20819.74,0.24,1156.65,29,3,3,2,22.0,20.0,83.0,52.0,17.0,False
16.0,1.0,1.0,1.0,43.0,194.51,0.15,6.54,29.75,1271.82,0.06,70.66,11,0,3,0,10.0,13.0,26.0,17.0,1.0,False
33.0,2.0,1.0,2.0,106.0,525.14,0.07,15.24,34.47,8000.74,0.18,444.49,21,3,6,0,14.0,17.0,69.0,37.0,3.0,False
104.0,24.0,1.0,10.0,365.0,2190.0,0.06,15.67,139.76,34316.89,0.73,1906.49,85,4,13,0,11.0,53.0,214.0,151.0,47.0,False
15.0,1.0,1.0,1.0,40.0,166.8,0.37,2.71,61.45,452.73,0.06,25.15,9,3,3,0,4.0,14.0,21.0,19.0,1.0,False
4.0,2.0,1.0,1.0,16.0,62.51,0.25,4.0,15.63,250.04,0.02,13.89,2,0,0,0,8.0,7.0,9.0,7.0,3.0,False
33.0,3.0,1.0,3.0,98.0,502.67,0.09,11.33,44.35,5696.92,0.17,316.5,23,4,4,0,14.0,21.0,64.0,34.0,5.0,False
41.0,9.0,1.0,3.0,94.0,474.17,0.05,18.35,25.84,8702.47,0.16,483.47,33,0,5,1,16.0,17.0,55.0,39.0,17.0,False
12.0,3.0,3.0,2.0,38.0,171.9,0.11,9.27,18.54,1593.94,0.06,88.55,8,0,1,1,12.0,11.0,21.0,17.0,5.0,False
27.0,2.0,1.0,2.0,81.0,405.0,0.09,11.28,35.91,4567.5,0.14,253.75,21,1,2,0,14.0,18.0,52.0,29.0,3.0,False
20.0,2.0,1.0,2.0,57.0,279.69,0.13,7.67,36.48,2144.31,0.09,119.13,14,0,3,0,12.0,18.0,34.0,23.0,3.0,False
29.0,5.0,1.0,2.0,104.0,515.24,0.07,13.36,38.56,6884.13,0.17,382.45,14,7,5,1,13.0,18.0,67.0,37.0,9.0,False
105.0,10.0,4.0,7.0,393.0,2512.18,0.03,31.78,79.05,79836.25,0.84,4435.35,86,1,16,0,25.0,59.0,243.0,150.0,19.0,False
19.0,2.0,1.0,2.0,37.0,167.37,0.23,4.27,39.23,714.12,0.06,39.67,10,0,3,4,8.0,15.0,21.0,16.0,3.0,False
5.0,1.0,1.0,1.0,9.0,27.0,0.5,2.0,13.5,54.0,0.01,3.0,2,0,1,0,4.0,4.0,5.0,4.0,1.0,False
4.0,1.0,1.0,1.0,10.0,31.7,0.4,2.5,12.68,79.25,0.01,4.4,2,0,0,0,5.0,4.0,6.0,4.0,1.0,False
23.0,3.0,1.0,2.0,0.0,0.0,0.0,0.0,0.0,0.0,0.0,0.0,0,0,0,0,0.0,0.0,0.0,0.0,5.0,False
63.0,6.0,1.0,6.0,194.0,1121.58,0.05,20.85,53.8,23381.91,0.37,1298.99,51,2,7,1,19.0,36.0,115.0,79.0,11.0,False
35.0,6.0,1.0,3.0,84.0,423.73,0.06,15.83,26.76,6709.04,0.14,372.72,22,5,6,0,15.0,18.0,46.0,38.0,11.0,False
60.0,13.0,1.0,12.0,166.0,871.16,0.09,11.64,74.85,10138.45,0.29,563.25,55,0,3,0,9.0,29.0,91.0,75.0,25.0,False
43.0,15.0,15.0,13.0,183.0,980.43,0.04,22.72,43.15,22275.42,0.33,1237.52,37,0,2,2,16.0,25.0,112.0,71.0,29.0,False
37.0,5.0,1.0,4.0,147.0,765.79,0.05,21.68,35.33,16598.49,0.26,922.14,30,0,5,0,17.0,20.0,96.0,51.0,9.0,False
12.0,10.0,10.0,10.0,0.0,0.0,0.0,0.0,0.0,0.0,0.0,0.0,0,0,0,0,0.0,0.0,0.0,0.0,19.0,False
8.0,1.0,1.0,1.0,11.0,30.88,0.67,1.5,20.59,46.32,0.01,2.57,4,0,2,0,3.0,4.0,7.0,4.0,1.0,False
22.0,1.0,1.0,1.0,89.0,445.0,0.11,9.09,48.95,4045.45,0.15,224.75,17,1,2,0,10.0,22.0,49.0,40.0,1.0,False
13.0,3.0,3.0,2.0,29.0,123.19,0.17,5.85,21.06,720.66,0.04,40.04,11,0,0,0,9.0,10.0,16.0,13.0,5.0,False
33.0,4.0,1.0,1.0,0.0,0.0,0.0,0.0,0.0,0.0,0.0,0.0,0,0,0,0,0.0,0.0,0.0,0.0,5.0,False
24.0,7.0,1.0,7.0,107.0,548.83,0.04,26.47,20.73,14527.94,0.18,807.11,19,0,3,0,18.0,17.0,57.0,50.0,13.0,False
16.0,1.0,1.0,1.0,38.0,166.91,0.47,2.12,78.82,353.45,0.06,19.64,8,3,3,0,4.0,17.0,20.0,18.0,1.0,False
4.0,1.0,1.0,1.0,17.0,60.94,0.22,4.5,13.54,274.25,0.02,15.24,2,0,0,0,9.0,3.0,14.0,3.0,1.0,False
23.0,2.0,1.0,2.0,32.0,138.3,0.17,6.0,23.05,829.81,0.05,46.1,13,3,5,0,10.0,10.0,20.0,12.0,3.0,False
24.0,6.0,6.0,3.0,55.0,241.58,0.05,19.5,12.39,4710.76,0.08,261.7,12,4,3,0,13.0,8.0,31.0,24.0,11.0,False
4.0,1.0,1.0,1.0,13.0,41.21,0.5,2.0,20.6,82.42,0.01,4.58,2,0,0,0,4.0,5.0,8.0,5.0,1.0,False
22.0,4.0,4.0,2.0,60.0,278.63,0.05,19.56,14.25,5448.79,0.09,302.71,17,1,1,0,16.0,9.0,38.0,22.0,7.0,False
15.0,4.0,3.0,2.0,33.0,137.61,0.08,11.79,11.68,1621.8,0.05,90.1,11,0,2,0,11.0,7.0,18.0,15.0,7.0,False
40.0,11.0,9.0,7.0,126.0,679.43,0.07,15.28,44.47,10380.21,0.23,576.68,30,0,8,0,15.0,27.0,71.0,55.0,21.0,False
22.0,3.0,1.0,2.0,53.0,239.75,0.1,10.08,23.78,2417.47,0.08,134.3,12,5,3,0,11.0,12.0,31.0,22.0,5.0,False
6.0,1.0,1.0,1.0,15.0,51.89,0.34,2.92,17.79,151.35,0.02,8.41,3,0,1,0,5.0,6.0,8.0,7.0,1.0,False
32.0,6.0,1.0,1.0,54.0,229.39,0.19,5.31,43.22,1217.52,0.08,67.64,24,0,3,3,6.0,13.0,31.0,23.0,11.0,True
26.0,11.0,5.0,1.0,0.0,0.0,0.0,0.0,0.0,0.0,0.0,0.0,0,0,0,0,0.0,0.0,0.0,0.0,21.0,False
34.0,13.0,13.0,7.0,0.0,0.0,0.0,0.0,0.0,0.0,0.0,0.0,0,0,0,0,0.0,0.0,0.0,0.0,25.0,False
8.0,2.0,1.0,2.0,25.0,108.05,0.18,5.5,19.65,594.27,0.04,33.01,6,0,0,0,10.0,10.0,14.0,11.0,3.0,False
20.0,5.0,1.0,2.0,69.0,324.33,0.07,15.0,21.62,4864.96,0.11,270.28,15,0,3,0,13.0,13.0,39.0,30.0,9.0,False
14.0,2.0,1.0,2.0,31.0,131.69,0.15,6.67,19.75,877.91,0.04,48.77,8,1,2,1,10.0,9.0,19.0,12.0,3.0,False
16.0,8.0,8.0,7.0,57.0,257.83,0.1,9.62,26.82,2479.26,0.09,137.74,11,2,1,0,10.0,13.0,32.0,25.0,15.0,False
18.0,2.0,1.0,2.0,65.0,276.12,0.06,17.87,15.45,4935.56,0.09,274.2,15,0,1,0,11.0,8.0,39.0,26.0,3.0,False
8.0,1.0,1.0,1.0,13.0,36.5,0.67,1.5,24.33,54.74,0.01,3.04,5,0,1,0,3.0,4.0,9.0,4.0,1.0,False
30.0,3.0,1.0,3.0,80.0,384.59,0.08,12.38,31.08,4759.28,0.13,264.4,19,4,5,0,12.0,16.0,47.0,33.0,5.0,False
19.0,2.0,1.0,2.0,52.0,241.48,0.21,4.86,49.68,1173.86,0.08,65.2,14,0,3,0,7.0,18.0,27.0,25.0,3.0,False
17.0,4.0,1.0,2.0,63.0,302.86,0.12,8.33,36.34,2523.86,0.1,140.21,14,0,1,0,10.0,18.0,33.0,30.0,7.0,False
14.0,2.0,1.0,2.0,26.0,104.0,0.18,5.5,18.91,572.0,0.03,31.78,8,1,2,0,8.0,8.0,15.0,11.0,3.0,False
13.0,1.0,1.0,1.0,31.0,131.69,0.2,4.95,26.6,651.84,0.04,36.21,6,0,3,0,9.0,10.0,20.0,11.0,1.0,False
20.0,2.0,1.0,2.0,31.0,143.96,0.13,7.64,18.85,1099.33,0.05,61.07,14,0,3,1,14.0,11.0,19.0,12.0,3.0,False
55.0,17.0,16.0,16.0,143.0,755.81,0.05,18.75,40.31,14171.48,0.25,787.3,26,20,6,1,15.0,24.0,83.0,60.0,33.0,False
13.0,2.0,1.0,2.0,28.0,112.0,0.18,5.5,20.36,616.0,0.04,34.22,8,1,2,0,8.0,8.0,17.0,11.0,3.0,False
64.0,10.0,1.0,7.0,206.0,1201.58,0.04,26.72,44.97,32106.8,0.4,1783.71,51,5,6,0,23.0,34.0,127.0,79.0,19.0,False
75.0,7.0,1.0,7.0,235.0,1393.72,0.05,19.05,73.17,26545.57,0.46,1474.75,54,5,10,3,18.0,43.0,144.0,91.0,13.0,False
34.0,6.0,1.0,4.0,131.0,666.46,0.04,28.44,23.43,18957.02,0.22,1053.17,23,2,6,0,16.0,18.0,67.0,64.0,11.0,False
21.0,7.0,1.0,1.0,78.0,342.6,0.04,23.33,14.68,7994.02,0.11,444.11,18,0,1,0,12.0,9.0,43.0,35.0,13.0,False
12.0,2.0,1.0,1.0,17.0,64.73,0.25,4.0,16.18,258.89,0.02,14.38,10,0,0,0,8.0,6.0,11.0,6.0,3.0,False
11.0,2.0,1.0,1.0,23.0,72.91,0.16,6.25,11.67,455.68,0.02,25.32,9,0,0,0,5.0,4.0,13.0,10.0,3.0,False
16.0,2.0,1.0,1.0,23.0,95.91,0.14,7.07,13.56,678.21,0.03,37.68,8,1,3,0,11.0,7.0,14.0,9.0,3.0,False
12.0,3.0,1.0,3.0,33.0,122.11,0.16,6.43,19.0,785.02,0.04,43.61,10,0,0,0,6.0,7.0,18.0,15.0,5.0,False
7.0,1.0,1.0,1.0,41.0,170.97,0.15,6.8,25.14,1162.58,0.06,64.59,4,0,1,0,8.0,10.0,24.0,17.0,1.0,False
48.0,6.0,6.0,3.0,0.0,0.0,0.0,0.0,0.0,0.0,0.0,0.0,0,0,0,0,0.0,0.0,0.0,0.0,11.0,False
41.0,10.0,3.0,9.0,95.0,508.97,0.06,17.62,28.89,8967.52,0.17,498.2,35,0,4,0,20.0,21.0,58.0,37.0,15.0,False
4.0,1.0,1.0,1.0,9.0,27.0,0.33,3.0,9.0,81.0,0.01,4.5,2,0,0,0,6.0,2.0,7.0,2.0,1.0,False
76.0,6.0,1.0,4.0,177.0,928.88,0.02,41.11,22.59,38187.42,0.31,2121.52,47,10,13,4,20.0,18.0,103.0,74.0,11.0,False
89.0,24.0,23.0,9.0,268.0,1608.0,0.04,25.23,63.74,40565.45,0.54,2253.64,71,6,10,0,20.0,44.0,157.0,111.0,47.0,False
21.0,3.0,1.0,3.0,58.0,272.63,0.09,11.57,23.56,3154.67,0.09,175.26,16,0,3,0,12.0,14.0,31.0,27.0,5.0,False
9.0,4.0,3.0,2.0,36.0,155.59,0.09,11.67,13.34,1815.21,0.05,100.84,6,0,1,0,14.0,6.0,26.0,10.0,7.0,False
4.0,1.0,1.0,1.0,9.0,25.27,0.27,3.75,6.74,94.75,0.01,5.26,2,0,0,0,5.0,2.0,6.0,3.0,1.0,False
19.0,3.0,1.0,2.0,43.0,188.87,0.08,12.0,15.74,2266.44,0.06,125.91,14,0,3,0,12.0,9.0,25.0,18.0,5.0,False
11.0,1.0,1.0,1.0,21.0,79.95,0.19,5.33,14.99,426.42,0.03,23.69,5,0,4,0,8.0,6.0,13.0,8.0,1.0,False
34.0,3.0,1.0,2.0,125.0,655.99,0.06,16.92,38.78,11097.18,0.22,616.51,26,2,2,4,14.0,24.0,67.0,58.0,5.0,False
70.0,11.0,6.0,5.0,0.0,0.0,0.0,0.0,0.0,0.0,0.0,0.0,0,0,0,0,0.0,0.0,0.0,0.0,21.0,False
4.0,1.0,1.0,1.0,4.0,8.0,0.67,1.5,5.33,12.0,0.0,0.67,2,0,0,0,3.0,1.0,3.0,1.0,1.0,False
4.0,1.0,1.0,1.0,7.0,19.65,0.5,2.0,9.83,39.3,0.01,2.18,2,0,0,0,4.0,3.0,4.0,3.0,1.0,False
17.0,5.0,1.0,2.0,30.0,127.44,0.1,10.29,12.39,1310.79,0.04,72.82,13,0,2,0,12.0,7.0,18.0,12.0,9.0,False
28.0,6.0,5.0,2.0,63.0,306.05,0.07,14.77,20.72,4520.16,0.1,251.12,21,0,5,0,16.0,13.0,39.0,24.0,11.0,False
28.0,7.0,1.0,6.0,138.0,707.84,0.04,25.97,27.25,18384.21,0.24,1021.34,21,0,5,0,17.0,18.0,83.0,55.0,13.0,False
21.0,5.0,1.0,2.0,64.0,281.11,0.06,17.33,16.21,4872.54,0.09,270.7,14,2,3,0,12.0,9.0,38.0,26.0,9.0,False
35.0,5.0,1.0,4.0,84.0,412.18,0.06,16.63,24.79,6852.47,0.14,380.69,28,0,5,0,14.0,16.0,46.0,38.0,9.0,False
16.0,4.0,3.0,2.0,36.0,165.06,0.09,10.83,15.24,1788.14,0.06,99.34,11,0,3,0,15.0,9.0,23.0,13.0,7.0,False
58.0,8.0,8.0,8.0,129.0,695.61,0.05,20.63,33.73,14346.93,0.23,797.05,45,1,10,0,18.0,24.0,74.0,55.0,15.0,False
20.0,5.0,1.0,1.0,43.0,185.84,0.16,6.11,30.41,1135.71,0.06,63.09,18,0,0,0,11.0,9.0,33.0,10.0,6.0,False
24.0,3.0,1.0,2.0,53.0,236.35,0.1,10.5,22.51,2481.67,0.08,137.87,19,0,3,0,11.0,11.0,32.0,21.0,5.0,False
16.0,3.0,1.0,2.0,39.0,181.11,0.15,6.68,27.12,1209.56,0.06,67.2,12,0,2,0,11.0,14.0,22.0,17.0,5.0,False
11.0,3.0,3.0,2.0,28.0,124.86,0.11,8.75,14.27,1092.56,0.04,60.7,8,0,1,0,14.0,8.0,18.0,10.0,5.0,False
21.0,5.0,1.0,4.0,72.0,342.35,0.08,13.2,25.94,4519.05,0.11,251.06,18,0,1,0,12.0,15.0,39.0,33.0,9.0,False
4.0,1.0,1.0,1.0,10.0,31.7,0.33,3.0,10.57,95.1,0.01,5.28,2,0,0,0,6.0,3.0,7.0,3.0,1.0,False
123.0,27.0,15.0,7.0,643.0,4334.76,0.02,50.68,85.53,219701.17,1.44,12205.62,113,0,7,1,28.0,79.0,357.0,286.0,53.0,False
9.0,1.0,1.0,1.0,0.0,0.0,0.0,0.0,0.0,0.0,0.0,0.0,0,0,0,0,0.0,0.0,0.0,0.0,1.0,False
4.0,1.0,1.0,1.0,10.0,31.7,0.4,2.5,12.68,79.25,0.01,4.4,2,0,0,0,5.0,4.0,6.0,4.0,1.0,False
14.0,2.0,1.0,2.0,32.0,130.8,0.16,6.22,21.02,813.86,0.04,45.21,10,0,2,0,8.0,9.0,18.0,14.0,3.0,False
5.0,2.0,1.0,1.0,20.0,76.15,0.14,7.2,10.58,548.26,0.03,30.46,5,0,0,0,9.0,5.0,12.0,8.0,3.0,False
35.0,3.0,1.0,1.0,0.0,0.0,0.0,0.0,0.0,0.0,0.0,0.0,0,0,0,0,0.0,0.0,0.0,0.0,5.0,False
45.0,6.0,3.0,4.0,112.0,603.94,0.08,13.06,46.26,7884.77,0.2,438.04,41,0,2,0,15.0,27.0,65.0,47.0,11.0,False
104.0,18.0,6.0,10.0,351.0,2000.85,0.02,53.14,37.65,106331.12,0.67,5907.28,75,12,14,1,24.0,28.0,227.0,124.0,35.0,False
7.0,1.0,1.0,1.0,14.0,48.43,0.28,3.6,13.45,174.36,0.02,9.69,4,0,1,0,6.0,5.0,8.0,6.0,1.0,False
4.0,1.0,1.0,1.0,5.0,11.61,0.67,1.5,7.74,17.41,0.0,0.97,2,0,0,0,3.0,2.0,3.0,2.0,1.0,False
16.0,1.0,1.0,1.0,36.0,147.15,0.14,7.31,20.12,1076.02,0.05,59.78,9,1,4,0,9.0,8.0,23.0,13.0,1.0,False
28.0,4.0,1.0,3.0,0.0,0.0,0.0,0.0,0.0,0.0,0.0,0.0,0,0,0,0,0.0,0.0,0.0,0.0,7.0,False
6.0,1.0,1.0,1.0,21.0,69.76,0.3,3.33,20.93,232.53,0.02,12.92,3,0,1,0,4.0,7.0,13.0,11.0,1.0,False
4.0,1.0,1.0,1.0,5.0,11.61,0.67,1.5,7.74,17.41,0.0,0.97,2,0,0,0,3.0,2.0,3.0,2.0,1.0,False
29.0,5.0,5.0,2.0,108.0,578.62,0.04,23.74,24.38,13734.51,0.19,763.03,27,0,2,0,22.0,19.0,67.0,41.0,9.0,False
11.0,3.0,3.0,2.0,18.0,66.61,0.29,3.5,19.03,233.13,0.02,12.95,9,0,0,0,7.0,6.0,12.0,6.0,5.0,False
7.0,1.0,1.0,1.0,20.0,76.15,0.29,3.5,21.76,266.51,0.03,14.81,5,0,0,0,7.0,7.0,13.0,7.0,1.0,False
8.0,2.0,1.0,1.0,17.0,58.81,0.14,7.0,8.4,411.67,0.02,22.87,6,0,0,0,7.0,4.0,9.0,8.0,3.0,False
19.0,5.0,5.0,3.0,0.0,0.0,0.0,0.0,0.0,0.0,0.0,0.0,0,0,0,0,0.0,0.0,0.0,0.0,9.0,False
25.0,2.0,1.0,2.0,44.0,206.82,0.1,10.23,20.22,2115.2,0.07,117.51,17,2,3,0,15.0,11.0,29.0,15.0,3.0,False
24.0,3.0,1.0,3.0,45.0,197.65,0.2,5.0,39.53,988.27,0.07,54.9,18,0,4,0,7.0,14.0,25.0,20.0,5.0,False
40.0,4.0,1.0,2.0,149.0,776.21,0.03,30.6,25.37,23751.98,0.26,1319.55,31,3,3,0,17.0,20.0,77.0,72.0,7.0,False
18.0,6.0,3.0,6.0,0.0,0.0,0.0,0.0,0.0,0.0,0.0,0.0,0,0,0,0,0.0,0.0,0.0,0.0,11.0,True
46.0,5.0,1.0,2.0,72.0,372.23,0.07,14.0,26.59,5211.28,0.12,289.52,34,1,9,0,18.0,18.0,44.0,28.0,6.0,False
17.0,3.0,1.0,3.0,54.0,237.19,0.12,8.63,27.5,2045.72,0.08,113.65,14,0,1,0,9.0,12.0,31.0,23.0,5.0,False
32.0,5.0,3.0,3.0,97.0,480.56,0.05,18.82,25.53,9044.77,0.16,502.49,27,0,3,0,17.0,14.0,66.0,31.0,9.0,False
15.0,4.0,4.0,3.0,28.0,106.61,0.22,4.5,23.69,479.73,0.04,26.65,13,0,0,0,7.0,7.0,19.0,9.0,7.0,False
18.0,3.0,3.0,2.0,41.0,187.98,0.1,10.5,17.9,1973.83,0.06,109.66,13,1,2,0,14.0,10.0,26.0,15.0,5.0,False
18.0,5.0,1.0,1.0,54.0,186.81,0.06,17.5,10.67,3269.16,0.06,181.62,11,0,4,0,7.0,4.0,34.0,20.0,9.0,False
62.0,12.0,12.0,1.0,126.0,656.39,0.06,17.39,37.75,11412.25,0.22,634.01,39,19,4,0,15.0,22.0,75.0,51.0,23.0,False
4.0,1.0,1.0,1.0,6.0,15.51,0.5,2.0,7.75,31.02,0.01,1.72,2,0,0,0,4.0,2.0,4.0,2.0,1.0,False
4.0,1.0,1.0,1.0,10.0,31.7,0.4,2.5,12.68,79.25,0.01,4.4,2,0,0,0,5.0,4.0,6.0,4.0,1.0,False
14.0,3.0,3.0,1.0,25.0,102.19,0.11,9.17,11.15,936.71,0.03,52.04,10,0,2,0,11.0,6.0,15.0,10.0,5.0,False
27.0,5.0,5.0,2.0,54.0,244.27,0.13,7.79,31.35,1903.29,0.08,105.74,22,0,0,0,11.0,12.0,37.0,17.0,9.0,False
22.0,4.0,1.0,2.0,39.0,171.3,0.12,8.18,20.94,1401.55,0.06,77.86,16,0,4,0,10.0,11.0,21.0,18.0,7.0,False
4.0,1.0,1.0,1.0,4.0,8.0,0.67,1.5,5.33,12.0,0.0,0.67,2,0,0,0,3.0,1.0,3.0,1.0,1.0,False
24.0,3.0,1.0,3.0,70.0,346.79,0.11,9.16,37.87,3175.9,0.12,176.44,18,0,4,0,12.0,19.0,41.0,29.0,5.0,False
10.0,4.0,4.0,1.0,29.0,125.34,0.12,8.25,15.19,1034.02,0.04,57.45,8,0,0,0,12.0,8.0,18.0,11.0,7.0,False
40.0,7.0,1.0,6.0,113.0,631.1,0.07,14.1,44.76,8898.52,0.21,494.36,35,0,2,0,18.0,30.0,66.0,47.0,10.0,False
53.0,8.0,1.0,7.0,127.0,743.96,0.07,14.47,51.4,10767.89,0.25,598.22,48,0,5,0,20.0,38.0,72.0,55.0,15.0,False
39.0,5.0,1.0,5.0,0.0,0.0,0.0,0.0,0.0,0.0,0.0,0.0,0,0,0,0,0.0,0.0,0.0,0.0,9.0,False
132.0,24.0,24.0,21.0,0.0,0.0,0.0,0.0,0.0,0.0,0.0,0.0,0,0,0,0,0.0,0.0,0.0,0.0,47.0,False
56.0,5.0,1.0,4.0,153.0,840.25,0.05,20.33,41.32,17085.15,0.28,949.18,39,8,6,0,18.0,27.0,92.0,61.0,9.0,False
25.0,5.0,5.0,3.0,0.0,0.0,0.0,0.0,0.0,0.0,0.0,0.0,0,0,0,0,0.0,0.0,0.0,0.0,9.0,False
31.0,3.0,1.0,2.0,149.0,813.46,0.05,18.35,44.34,14923.78,0.27,829.1,22,0,7,0,18.0,26.0,96.0,53.0,5.0,False
5.0,1.0,1.0,1.0,0.0,0.0,0.0,0.0,0.0,0.0,0.0,0.0,0,0,0,0,0.0,0.0,0.0,0.0,1.0,False
138.0,1.0,1.0,1.0,751.0,4956.53,0.04,25.15,197.09,124650.94,1.65,6925.05,83,16,33,4,13.0,84.0,426.0,325.0,1.0,False
4.0,1.0,1.0,1.0,7.0,19.65,0.4,2.5,7.86,49.13,0.01,2.73,2,0,0,0,5.0,2.0,5.0,2.0,1.0,False
104.0,4.0,3.0,4.0,0.0,0.0,0.0,0.0,0.0,0.0,0.0,0.0,0,0,0,0,0.0,0.0,0.0,0.0,7.0,False
4.0,2.0,1.0,1.0,16.0,62.51,0.25,4.0,15.63,250.04,0.02,13.89,2,0,0,0,8.0,7.0,9.0,7.0,3.0,False
9.0,1.0,1.0,1.0,49.0,230.32,0.14,7.19,32.04,1655.44,0.08,91.97,8,0,1,0,10.0,16.0,26.0,23.0,1.0,False
32.0,14.0,11.0,1.0,0.0,0.0,0.0,0.0,0.0,0.0,0.0,0.0,0,0,0,0,0.0,0.0,0.0,0.0,27.0,False
21.0,2.0,1.0,2.0,60.0,294.41,0.14,7.0,42.06,2060.88,0.1,114.49,16,0,3,0,10.0,20.0,32.0,28.0,3.0,False
25.0,1.0,1.0,1.0,36.0,147.15,0.23,4.36,33.72,642.1,0.05,35.67,11,8,4,0,6.0,11.0,20.0,16.0,1.0,False
136.0,16.0,14.0,14.0,376.0,2416.28,0.03,38.16,63.32,92199.99,0.81,5122.22,95,18,20,1,29.0,57.0,226.0,150.0,31.0,False
10.0,2.0,1.0,1.0,26.0,114.2,0.14,7.31,15.62,835.09,0.04,46.39,7,0,1,0,13.0,8.0,17.0,9.0,3.0,False
15.0,4.0,4.0,2.0,46.0,205.13,0.06,15.75,13.02,3230.86,0.07,179.49,13,0,0,0,14.0,8.0,28.0,18.0,7.0,False
28.0,3.0,1.0,3.0,47.0,162.59,0.1,10.2,15.94,1658.45,0.05,92.14,24,0,2,0,6.0,5.0,30.0,17.0,5.0,False
8.0,1.0,1.0,1.0,20.0,74.01,0.5,2.0,37.0,148.02,0.02,8.22,6,0,0,0,4.0,9.0,11.0,9.0,1.0,False
12.0,3.0,3.0,2.0,38.0,178.62,0.11,8.75,20.41,1562.9,0.06,86.83,8,0,2,0,14.0,12.0,23.0,15.0,5.0,False
9.0,5.0,5.0,2.0,0.0,0.0,0.0,0.0,0.0,0.0,0.0,0.0,0,0,0,0,0.0,0.0,0.0,0.0,9.0,False
31.0,6.0,4.0,5.0,102.0,539.11,0.04,22.63,23.82,12200.93,0.18,677.83,24,0,5,0,20.0,19.0,59.0,43.0,11.0,False
22.0,4.0,4.0,2.0,60.0,278.63,0.05,19.56,14.25,5448.79,0.09,302.71,17,1,1,0,16.0,9.0,38.0,22.0,7.0,False
5.0,1.0,1.0,1.0,13.0,41.21,0.42,2.4,17.17,98.9,0.01,5.49,3,0,0,0,4.0,5.0,7.0,6.0,1.0,False
7.0,2.0,1.0,1.0,19.0,68.11,0.13,7.5,9.08,510.86,0.02,28.38,5,0,0,0,9.0,3.0,14.0,5.0,3.0,False
27.0,4.0,3.0,3.0,43.0,188.87,0.09,11.0,17.17,2077.57,0.06,115.42,15,5,5,0,11.0,10.0,23.0,20.0,7.0,False
30.0,3.0,3.0,3.0,50.0,219.62,0.11,9.09,24.16,1996.51,0.07,110.92,21,0,7,0,10.0,11.0,30.0,20.0,5.0,False
29.0,8.0,8.0,3.0,116.0,574.69,0.05,20.63,27.86,11852.91,0.19,658.5,19,6,2,0,15.0,16.0,72.0,44.0,15.0,False
16.0,4.0,3.0,1.0,0.0,0.0,0.0,0.0,0.0,0.0,0.0,0.0,0,0,0,0,0.0,0.0,0.0,0.0,7.0,False
39.0,3.0,1.0,2.0,117.0,634.87,0.07,14.22,44.64,9029.3,0.21,501.63,25,7,4,0,16.0,27.0,69.0,48.0,5.0,False
37.0,12.0,3.0,3.0,102.0,569.67,0.05,18.48,30.83,10526.44,0.19,584.8,28,6,1,0,25.0,23.0,68.0,34.0,21.0,False
21.0,6.0,1.0,4.0,90.0,445.88,0.05,18.75,23.78,8360.2,0.15,464.46,17,0,1,1,15.0,16.0,50.0,40.0,11.0,False
7.0,1.0,1.0,1.0,3.0,4.75,0.0,0.0,0.0,0.0,0.0,0.0,2,1,0,0,3.0,0.0,3.0,0.0,1.0,False
11.0,2.0,1.0,2.0,41.0,187.98,0.1,10.5,17.9,1973.83,0.06,109.66,8,0,0,0,14.0,10.0,26.0,15.0,3.0,False
28.0,1.0,1.0,1.0,89.0,418.34,0.11,8.74,47.89,3654.32,0.14,203.02,19,0,5,0,9.0,17.0,56.0,33.0,1.0,False
92.0,13.0,1.0,2.0,156.0,856.73,0.04,22.31,38.4,19115.77,0.29,1061.99,72,0,17,0,21.0,24.0,105.0,51.0,14.0,False
25.0,9.0,6.0,2.0,86.0,413.43,0.03,28.8,14.36,11906.86,0.14,661.49,20,1,2,0,18.0,10.0,54.0,32.0,17.0,False
66.0,10.0,3.0,9.0,247.0,1434.42,0.04,26.7,53.72,38298.92,0.48,2127.72,49,4,10,1,21.0,35.0,158.0,89.0,19.0,False
44.0,4.0,1.0,4.0,149.0,827.63,0.06,16.77,49.34,13882.89,0.28,771.27,33,2,7,0,16.0,31.0,84.0,65.0,7.0,False
89.0,8.0,1.0,5.0,171.0,944.53,0.05,21.69,43.55,20486.51,0.31,1138.14,62,13,12,0,17.0,29.0,97.0,74.0,15.0,False
19.0,3.0,3.0,2.0,44.0,204.33,0.1,9.75,20.96,1992.21,0.07,110.68,12,2,3,0,13.0,12.0,26.0,18.0,5.0,False
5.0,1.0,1.0,1.0,13.0,43.19,0.5,2.0,21.59,86.37,0.01,4.8,3,0,0,0,4.0,6.0,7.0,6.0,1.0,False
45.0,4.0,1.0,2.0,0.0,0.0,0.0,0.0,0.0,0.0,0.0,0.0,0,0,0,0,0.0,0.0,0.0,0.0,7.0,False
12.0,3.0,3.0,2.0,30.0,131.77,0.11,8.94,14.74,1177.69,0.04,65.43,10,0,0,0,13.0,8.0,19.0,11.0,5.0,False
7.0,2.0,1.0,1.0,15.0,55.51,0.18,5.63,9.87,312.22,0.02,17.35,5,0,0,0,9.0,4.0,10.0,5.0,3.0,False
59.0,16.0,13.0,5.0,164.0,900.66,0.03,29.2,30.84,26299.39,0.3,1461.08,46,2,9,0,20.0,25.0,91.0,73.0,31.0,False
17.0,2.0,1.0,1.0,33.0,144.95,0.11,9.33,15.53,1352.83,0.05,75.16,7,3,4,0,12.0,9.0,19.0,14.0,3.0,False
16.0,3.0,1.0,3.0,40.0,169.92,0.11,9.0,18.88,1529.25,0.06,84.96,12,0,2,0,9.0,10.0,20.0,20.0,5.0,False
25.0,5.0,1.0,1.0,117.0,536.44,0.07,14.75,36.37,7912.5,0.18,439.58,21,1,1,0,8.0,16.0,58.0,59.0,9.0,False
18.0,3.0,3.0,1.0,42.0,189.99,0.08,12.44,15.27,2364.32,0.06,131.35,11,0,3,1,14.0,9.0,26.0,16.0,5.0,False
19.0,4.0,3.0,2.0,46.0,208.08,0.08,13.22,15.74,2751.33,0.07,152.85,13,0,4,0,14.0,9.0,29.0,17.0,7.0,False
47.0,6.0,4.0,4.0,189.0,1072.09,0.05,21.5,49.86,23049.9,0.36,1280.55,42,2,3,0,17.0,34.0,103.0,86.0,11.0,False
9.0,2.0,1.0,2.0,14.0,48.43,0.28,3.6,13.45,174.36,0.02,9.69,5,1,1,0,6.0,5.0,8.0,6.0,3.0,False
57.0,6.0,5.0,5.0,126.0,695.97,0.05,20.58,33.82,14323.04,0.23,795.72,33,13,7,1,21.0,25.0,77.0,49.0,11.0,False
5.0,1.0,1.0,1.0,6.0,15.51,0.5,2.0,7.75,31.02,0.01,1.72,2,0,1,0,4.0,2.0,4.0,2.0,1.0,False
4.0,1.0,1.0,1.0,6.0,15.51,0.5,2.0,7.75,31.02,0.01,1.72,2,0,0,0,4.0,2.0,4.0,2.0,1.0,False
19.0,1.0,1.0,1.0,117.0,590.19,0.12,8.44,69.95,4979.76,0.2,276.65,14,0,3,0,9.0,24.0,72.0,45.0,1.0,False
11.0,3.0,1.0,2.0,25.0,106.2,0.13,7.56,14.04,803.12,0.04,44.62,8,0,1,0,11.0,8.0,14.0,11.0,5.0,False
29.0,5.0,3.0,4.0,51.0,252.66,0.1,10.31,24.5,2605.6,0.08,144.76,15,10,4,0,15.0,16.0,29.0,22.0,9.0,False
17.0,1.0,1.0,1.0,16.0,48.0,0.67,1.5,32.0,72.0,0.02,4.0,6,5,4,0,3.0,5.0,11.0,5.0,1.0,False
34.0,2.0,1.0,2.0,79.0,391.38,0.13,7.77,50.35,3042.1,0.13,169.01,18,7,7,0,9.0,22.0,41.0,38.0,3.0,False
8.0,1.0,1.0,1.0,27.0,89.69,0.12,8.25,10.87,739.96,0.03,41.11,5,0,1,0,6.0,4.0,16.0,11.0,1.0,False
19.0,2.0,1.0,2.0,43.0,188.87,0.09,11.38,16.6,2148.39,0.06,119.36,11,0,2,0,13.0,8.0,29.0,14.0,3.0,False
56.0,8.0,1.0,6.0,152.0,808.93,0.05,19.8,40.86,16016.87,0.27,889.83,42,6,5,0,15.0,25.0,86.0,66.0,15.0,False
206.0,22.0,1.0,22.0,608.0,3907.17,0.02,48.77,80.11,190569.02,1.3,10587.17,173,1,30,0,24.0,62.0,356.0,252.0,43.0,False
79.0,7.0,5.0,7.0,151.0,798.1,0.05,21.64,36.89,17267.89,0.27,959.33,55,13,9,0,17.0,22.0,95.0,56.0,13.0,False
34.0,5.0,1.0,5.0,114.0,589.37,0.05,20.58,28.64,12128.64,0.2,673.81,23,5,4,0,17.0,19.0,68.0,46.0,9.0,False
4.0,1.0,1.0,1.0,5.0,11.61,0.67,1.5,7.74,17.41,0.0,0.97,4,0,0,0,3.0,2.0,3.0,2.0,1.0,False
14.0,2.0,1.0,1.0,44.0,146.16,0.05,18.67,7.83,2728.41,0.05,151.58,11,0,0,1,7.0,3.0,28.0,16.0,3.0,False
33.0,1.0,1.0,1.0,84.0,430.86,0.13,7.79,55.3,3357.12,0.14,186.51,21,0,7,0,11.0,24.0,50.0,34.0,1.0,False
109.0,12.0,6.0,6.0,0.0,0.0,0.0,0.0,0.0,0.0,0.0,0.0,0,0,0,0,0.0,0.0,0.0,0.0,23.0,False
76.0,12.0,7.0,8.0,317.0,1880.04,0.02,43.46,43.26,81705.68,0.63,4539.2,67,0,7,0,24.0,37.0,183.0,134.0,23.0,False
67.0,6.0,1.0,2.0,333.0,1849.68,0.02,51.11,36.19,94539.1,0.62,5252.17,49,3,13,0,20.0,27.0,195.0,138.0,11.0,False
14.0,3.0,1.0,2.0,35.0,151.27,0.1,9.78,15.47,1479.06,0.05,82.17,10,0,2,0,11.0,9.0,19.0,16.0,5.0,False
88.0,9.0,1.0,6.0,269.0,1588.95,0.04,24.31,65.34,38633.74,0.53,2146.32,71,0,15,0,17.0,43.0,146.0,123.0,17.0,False
18.0,3.0,1.0,3.0,41.0,182.84,0.16,6.25,29.25,1142.73,0.06,63.48,15,0,1,0,10.0,12.0,26.0,15.0,5.0,False
30.0,5.0,5.0,1.0,68.0,343.02,0.05,20.77,16.52,7124.24,0.11,395.79,27,0,1,0,20.0,13.0,43.0,27.0,9.0,False
17.0,3.0,1.0,2.0,39.0,171.3,0.09,11.33,15.11,1941.4,0.06,107.86,8,3,3,1,12.0,9.0,22.0,17.0,5.0,False
12.0,2.0,1.0,1.0,17.0,62.91,0.25,4.0,15.73,251.63,0.02,13.98,10,0,0,0,8.0,5.0,12.0,5.0,3.0,False
16.0,6.0,6.0,2.0,61.0,267.93,0.05,21.25,12.61,5693.54,0.09,316.31,13,0,1,0,15.0,6.0,44.0,17.0,11.0,False
11.0,2.0,1.0,2.0,20.0,71.7,0.17,6.0,11.95,430.2,0.02,23.9,7,0,2,0,8.0,4.0,14.0,6.0,3.0,False
17.0,2.0,1.0,2.0,43.0,204.46,0.1,10.0,20.45,2044.6,0.07,113.59,16,0,1,0,15.0,12.0,27.0,16.0,3.0,False
19.0,3.0,1.0,3.0,45.0,203.56,0.15,6.54,31.13,1330.97,0.07,73.94,16,0,1,0,10.0,13.0,28.0,17.0,5.0,False
54.0,10.0,10.0,4.0,180.0,988.53,0.04,27.04,36.56,26728.43,0.33,1484.91,41,4,7,0,19.0,26.0,106.0,74.0,19.0,False
29.0,7.0,1.0,7.0,52.0,220.89,0.23,4.38,50.38,968.53,0.07,53.81,26,1,0,0,6.0,13.0,33.0,19.0,13.0,False
75.0,7.0,5.0,3.0,111.0,555.0,0.04,27.64,20.08,15341.79,0.19,852.32,34,12,25,1,18.0,14.0,68.0,43.0,13.0,False
4.0,1.0,1.0,1.0,12.0,41.51,0.29,3.5,11.86,145.3,0.01,8.07,2,0,0,0,7.0,4.0,8.0,4.0,1.0,False
37.0,14.0,14.0,13.0,160.0,845.66,0.06,17.64,47.94,14917.52,0.28,828.75,32,0,2,1,14.0,25.0,97.0,63.0,27.0,False
19.0,3.0,1.0,3.0,125.0,625.0,0.07,14.32,43.65,8948.86,0.21,497.16,13,0,3,0,10.0,22.0,62.0,63.0,5.0,False
11.0,2.0,1.0,2.0,25.0,102.19,0.12,8.57,11.92,875.88,0.03,48.66,7,0,2,0,10.0,7.0,13.0,12.0,3.0,False
24.0,5.0,1.0,5.0,100.0,504.44,0.07,13.71,36.78,6918.03,0.17,384.33,21,0,1,0,12.0,21.0,52.0,48.0,9.0,False
26.0,2.0,1.0,2.0,74.0,343.65,0.22,4.5,76.37,1546.4,0.11,85.91,20,1,3,0,5.0,20.0,38.0,36.0,3.0,False
17.0,3.0,1.0,3.0,35.0,145.95,0.14,7.0,20.85,1021.63,0.05,56.76,14,1,0,0,9.0,9.0,21.0,14.0,5.0,False
15.0,4.0,4.0,1.0,0.0,0.0,0.0,0.0,0.0,0.0,0.0,0.0,0,0,0,0,0.0,0.0,0.0,0.0,7.0,False
42.0,1.0,1.0,1.0,104.0,463.78,0.08,13.33,34.78,6183.75,0.15,343.54,27,8,5,0,10.0,12.0,72.0,32.0,1.0,False
6.0,1.0,1.0,1.0,4.0,8.0,0.67,1.5,5.33,12.0,0.0,0.67,2,0,0,0,3.0,1.0,3.0,1.0,1.0,False
27.0,5.0,1.0,5.0,0.0,0.0,0.0,0.0,0.0,0.0,0.0,0.0,0,0,0,0,0.0,0.0,0.0,0.0,6.0,False
35.0,10.0,5.0,7.0,142.0,739.74,0.03,29.84,24.79,22075.47,0.25,1226.41,27,2,3,1,18.0,19.0,79.0,63.0,19.0,False
57.0,14.0,13.0,6.0,222.0,1336.97,0.03,34.43,38.83,46034.98,0.45,2557.5,46,0,9,0,28.0,37.0,132.0,91.0,27.0,False
6.0,1.0,1.0,1.0,8.0,20.68,0.5,2.0,10.34,41.36,0.01,2.3,2,0,1,0,4.0,2.0,6.0,2.0,1.0,False
8.0,2.0,1.0,2.0,13.0,43.19,0.17,5.83,7.4,251.91,0.01,14.0,6,0,2,0,7.0,3.0,8.0,5.0,3.0,False
33.0,10.0,1.0,9.0,168.0,847.46,0.04,23.71,35.74,20096.87,0.28,1116.49,30,0,1,0,12.0,21.0,85.0,83.0,19.0,False
17.0,16.0,16.0,16.0,126.0,577.71,0.06,15.71,36.76,9078.23,0.19,504.35,14,0,0,1,10.0,14.0,82.0,44.0,31.0,False
131.0,42.0,37.0,25.0,670.0,4247.7,0.02,63.11,67.31,268068.45,1.42,14892.69,115,12,1,0,26.0,55.0,403.0,267.0,83.0,False
74.0,12.0,1.0,8.0,181.0,1041.63,0.04,26.71,39.0,27821.73,0.35,1545.65,54,0,12,2,23.0,31.0,109.0,72.0,21.0,False
25.0,3.0,3.0,1.0,68.0,330.34,0.06,16.62,19.88,5488.77,0.11,304.93,15,1,6,0,16.0,13.0,41.0,27.0,5.0,False
4.0,1.0,1.0,1.0,5.0,11.61,0.67,1.5,7.74,17.41,0.0,0.97,2,0,0,0,3.0,2.0,3.0,2.0,1.0,False
19.0,3.0,1.0,3.0,38.0,166.91,0.14,7.33,22.76,1223.99,0.06,68.0,13,0,4,0,12.0,9.0,27.0,11.0,5.0,False
23.0,3.0,1.0,2.0,126.0,661.24,0.05,19.8,33.4,13092.53,0.22,727.36,18,0,3,0,18.0,20.0,82.0,44.0,5.0,False
47.0,7.0,5.0,2.0,181.0,840.54,0.02,47.81,17.58,40188.22,0.28,2232.68,40,0,5,0,17.0,8.0,136.0,45.0,13.0,False
9.0,2.0,1.0,2.0,34.0,146.95,0.17,5.73,25.66,841.6,0.05,46.76,5,0,1,1,9.0,11.0,20.0,14.0,3.0,False
12.0,3.0,3.0,2.0,29.0,125.34,0.1,10.21,12.27,1280.22,0.04,71.12,8,0,2,0,13.0,7.0,18.0,11.0,5.0,False
55.0,4.0,1.0,3.0,128.0,676.53,0.06,16.0,42.28,10824.5,0.23,601.36,22,12,19,0,13.0,26.0,64.0,64.0,7.0,False
12.0,1.0,1.0,1.0,34.0,141.78,0.15,6.5,21.81,921.55,0.05,51.2,7,0,3,0,9.0,9.0,21.0,13.0,1.0,False
23.0,3.0,1.0,3.0,87.0,446.25,0.1,10.17,43.86,4540.08,0.15,252.23,19,0,1,0,12.0,23.0,48.0,39.0,5.0,False
34.0,6.0,1.0,5.0,0.0,0.0,0.0,0.0,0.0,0.0,0.0,0.0,0,0,0,0,0.0,0.0,0.0,0.0,11.0,False
31.0,5.0,1.0,5.0,96.0,503.8,0.06,17.81,28.29,8972.46,0.17,498.47,22,1,5,0,17.0,21.0,52.0,44.0,9.0,False
14.0,2.0,1.0,2.0,20.0,74.01,0.4,2.5,29.6,185.02,0.02,10.28,8,2,2,0,5.0,8.0,12.0,8.0,3.0,False
16.0,1.0,1.0,1.0,65.0,265.69,0.21,4.77,55.71,1267.11,0.09,70.4,11,0,3,0,4.0,13.0,34.0,31.0,1.0,False
4.0,1.0,1.0,1.0,7.0,19.65,0.5,2.0,9.83,39.3,0.01,2.18,2,0,0,0,4.0,3.0,4.0,3.0,1.0,False
29.0,6.0,1.0,1.0,74.0,325.03,0.03,29.0,11.21,9425.91,0.11,523.65,24,0,2,1,14.0,7.0,45.0,29.0,11.0,False
80.0,28.0,26.0,27.0,0.0,0.0,0.0,0.0,0.0,0.0,0.0,0.0,0,0,0,0,0.0,0.0,0.0,0.0,55.0,False
14.0,3.0,3.0,2.0,25.0,100.0,0.16,6.43,15.56,642.86,0.03,35.71,13,0,1,0,9.0,7.0,15.0,10.0,5.0,False
12.0,3.0,3.0,1.0,29.0,120.93,0.06,17.5,6.91,2116.24,0.04,117.57,9,0,1,0,15.0,3.0,22.0,7.0,5.0,False
4.0,1.0,1.0,1.0,12.0,39.86,0.4,2.5,15.95,99.66,0.01,5.54,2,0,0,0,5.0,5.0,7.0,5.0,1.0,False
4.0,2.0,1.0,1.0,14.0,51.81,0.29,3.5,14.8,181.32,0.02,10.07,2,0,0,0,7.0,6.0,8.0,6.0,3.0,False
18.0,3.0,3.0,2.0,36.0,160.54,0.1,10.5,15.29,1685.67,0.05,93.65,12,0,4,0,14.0,8.0,24.0,12.0,5.0,False
24.0,3.0,1.0,3.0,58.0,269.34,0.14,7.03,38.31,1893.82,0.09,105.21,17,0,2,3,9.0,16.0,33.0,25.0,5.0,False
20.0,3.0,1.0,2.0,91.0,459.04,0.08,11.79,38.94,5411.84,0.15,300.66,15,0,3,0,14.0,19.0,59.0,32.0,5.0,False
15.0,3.0,1.0,3.0,45.0,206.32,0.11,9.5,21.72,1960.07,0.07,108.89,10,0,3,0,12.0,12.0,26.0,19.0,5.0,False
24.0,2.0,1.0,2.0,13.0,44.97,0.23,4.38,10.28,196.76,0.01,10.93,3,14,4,1,7.0,4.0,8.0,5.0,3.0,False
11.0,1.0,1.0,1.0,19.0,70.31,0.29,3.43,20.51,241.06,0.02,13.39,6,0,3,0,6.0,7.0,11.0,8.0,1.0,False
39.0,6.0,1.0,1.0,80.0,371.51,0.05,19.73,18.83,7328.85,0.12,407.16,28,3,5,0,14.0,11.0,49.0,31.0,11.0,False
48.0,4.0,4.0,3.0,155.0,807.47,0.06,18.07,44.69,14589.43,0.27,810.52,32,0,14,0,15.0,22.0,102.0,53.0,7.0,False
43.0,12.0,8.0,7.0,167.0,888.76,0.04,22.5,39.5,19997.14,0.3,1110.95,20,15,4,2,15.0,25.0,92.0,75.0,23.0,False
96.0,15.0,9.0,9.0,334.0,2157.45,0.02,50.92,42.37,109857.36,0.72,6103.19,70,9,14,1,38.0,50.0,200.0,134.0,27.0,True
5.0,1.0,1.0,1.0,9.0,25.27,0.5,2.0,12.63,50.53,0.01,2.81,3,0,0,0,4.0,3.0,6.0,3.0,1.0,False
5.0,1.0,1.0,1.0,12.0,41.51,0.33,3.0,13.84,124.54,0.01,6.92,3,0,0,0,6.0,5.0,7.0,5.0,1.0,False
22.0,4.0,1.0,4.0,71.0,341.32,0.08,12.38,27.58,4223.86,0.11,234.66,19,0,1,0,12.0,16.0,38.0,33.0,7.0,False
29.0,11.0,8.0,3.0,108.0,544.79,0.03,33.08,16.47,18020.13,0.18,1001.12,26,0,1,0,20.0,13.0,65.0,43.0,21.0,False
20.0,2.0,1.0,2.0,64.0,304.31,0.12,8.59,35.41,2615.19,0.1,145.29,14,0,4,0,11.0,16.0,39.0,25.0,3.0,False
140.0,20.0,1.0,2.0,259.0,1608.25,0.04,27.27,58.97,43861.32,0.54,2436.74,113,1,23,1,30.0,44.0,179.0,80.0,21.0,False
108.0,1.0,1.0,1.0,468.0,2848.93,0.04,22.71,125.42,64711.47,0.95,3595.08,85,9,12,0,12.0,56.0,256.0,212.0,1.0,False
11.0,3.0,1.0,3.0,40.0,169.92,0.11,9.0,18.88,1529.25,0.06,84.96,9,0,0,0,9.0,10.0,20.0,20.0,5.0,False
25.0,4.0,1.0,4.0,53.0,262.57,0.1,10.13,25.91,2660.73,0.09,147.82,21,0,0,0,16.0,15.0,34.0,19.0,5.0,False
6.0,1.0,1.0,1.0,16.0,44.92,0.25,4.0,11.23,179.67,0.01,9.98,2,0,0,2,4.0,3.0,10.0,6.0,1.0,False
117.0,6.0,1.0,4.0,0.0,0.0,0.0,0.0,0.0,0.0,0.0,0.0,0,0,0,0,0.0,0.0,0.0,0.0,11.0,False
5.0,1.0,1.0,1.0,6.0,15.51,0.5,2.0,7.75,31.02,0.01,1.72,2,0,1,0,4.0,2.0,4.0,2.0,1.0,False
18.0,5.0,5.0,3.0,64.0,307.67,0.04,24.28,12.67,7469.56,0.1,414.98,13,0,3,0,19.0,9.0,41.0,23.0,9.0,False
35.0,5.0,1.0,2.0,102.0,479.44,0.03,30.0,15.98,14383.35,0.16,799.07,30,3,2,0,15.0,11.0,58.0,44.0,9.0,False
7.0,2.0,1.0,1.0,24.0,100.08,0.23,4.4,22.75,440.34,0.03,24.46,4,0,1,0,8.0,10.0,13.0,11.0,3.0,False
17.0,2.0,1.0,2.0,44.0,193.26,0.11,9.35,20.67,1807.0,0.06,100.39,14,0,1,0,11.0,10.0,27.0,17.0,3.0,False
8.0,2.0,1.0,2.0,25.0,100.0,0.15,6.5,15.38,650.0,0.03,36.11,5,0,1,0,8.0,8.0,12.0,13.0,3.0,False
19.0,13.0,13.0,11.0,0.0,0.0,0.0,0.0,0.0,0.0,0.0,0.0,0,0,0,0,0.0,0.0,0.0,0.0,25.0,False
73.0,23.0,23.0,20.0,310.0,1838.53,0.03,32.43,56.68,59634.32,0.61,3313.02,53,7,11,0,22.0,39.0,195.0,115.0,45.0,False
26.0,1.0,1.0,1.0,68.0,340.0,0.21,4.76,71.43,1618.4,0.11,89.91,13,7,3,0,7.0,25.0,34.0,34.0,1.0,False
39.0,4.0,1.0,2.0,64.0,320.0,0.08,12.5,25.6,4000.0,0.11,222.22,30,0,7,0,16.0,16.0,39.0,25.0,5.0,False
18.0,5.0,4.0,4.0,69.0,324.33,0.06,16.36,19.82,5307.22,0.11,294.85,10,3,3,0,15.0,11.0,45.0,24.0,9.0,False
10.0,4.0,1.0,4.0,49.0,211.77,0.13,8.0,26.47,1694.2,0.07,94.12,7,0,1,0,8.0,12.0,25.0,24.0,7.0,False
15.0,2.0,1.0,2.0,54.0,240.81,0.1,10.5,22.93,2528.5,0.08,140.47,9,0,4,0,11.0,11.0,33.0,21.0,3.0,False
20.0,4.0,4.0,2.0,44.0,199.04,0.11,8.73,22.81,1737.05,0.07,96.5,18,0,0,0,12.0,11.0,28.0,16.0,7.0,False
17.0,2.0,1.0,1.0,52.0,235.23,0.08,12.35,19.05,2905.03,0.08,161.39,12,0,3,0,13.0,10.0,33.0,19.0,3.0,False
28.0,1.0,1.0,1.0,96.0,475.6,0.11,9.29,51.22,4416.31,0.16,245.35,18,0,8,0,10.0,21.0,57.0,39.0,1.0,False
138.0,66.0,63.0,59.0,721.0,4645.36,0.02,44.86,103.54,208407.84,1.55,11578.21,129,2,5,0,21.0,66.0,439.0,282.0,131.0,False
59.0,7.0,1.0,1.0,144.0,720.0,0.04,26.06,27.63,18760.0,0.24,1042.22,46,0,6,0,14.0,18.0,77.0,67.0,13.0,False
19.0,3.0,1.0,3.0,40.0,163.5,0.18,5.6,29.2,915.59,0.05,50.87,16,0,1,0,7.0,10.0,24.0,16.0,5.0,False
13.0,2.0,1.0,1.0,41.0,177.2,0.09,11.25,15.75,1993.49,0.06,110.75,8,0,3,0,12.0,8.0,26.0,15.0,3.0,False
20.0,3.0,1.0,2.0,48.0,240.0,0.11,9.0,26.67,2160.0,0.08,120.0,18,0,0,0,16.0,16.0,30.0,18.0,4.0,False
4.0,2.0,1.0,1.0,16.0,60.92,0.29,3.5,17.41,213.21,0.02,11.85,2,0,0,0,7.0,7.0,9.0,7.0,3.0,False
15.0,1.0,1.0,1.0,68.0,330.34,0.09,11.67,28.32,3854.0,0.11,214.11,10,0,3,0,14.0,15.0,43.0,25.0,1.0,False
52.0,13.0,13.0,13.0,171.0,949.83,0.06,17.81,53.34,16913.19,0.32,939.62,38,1,6,5,16.0,31.0,102.0,69.0,25.0,False
4.0,1.0,1.0,1.0,9.0,27.0,0.5,2.0,13.5,54.0,0.01,3.0,2,0,0,0,4.0,4.0,5.0,4.0,1.0,False
14.0,4.0,3.0,1.0,0.0,0.0,0.0,0.0,0.0,0.0,0.0,0.0,0,0,0,0,0.0,0.0,0.0,0.0,7.0,False
18.0,3.0,1.0,1.0,48.0,220.08,0.07,14.17,15.53,3117.77,0.07,173.21,11,4,1,0,15.0,9.0,31.0,17.0,5.0,False
19.0,4.0,1.0,4.0,60.0,250.2,0.06,15.63,16.01,3909.3,0.08,217.18,15,0,2,0,10.0,8.0,35.0,25.0,7.0,False
20.0,6.0,1.0,3.0,58.0,265.93,0.06,15.4,17.27,4095.29,0.09,227.52,16,0,2,0,14.0,10.0,36.0,22.0,11.0,False
74.0,15.0,13.0,4.0,205.0,1174.22,0.04,28.55,41.13,33520.42,0.39,1862.25,59,2,11,0,21.0,32.0,118.0,87.0,29.0,False
43.0,5.0,1.0,3.0,99.0,485.78,0.07,15.29,31.76,7429.61,0.16,412.76,34,2,5,0,13.0,17.0,59.0,40.0,9.0,False
14.0,3.0,3.0,1.0,28.0,116.76,0.09,11.0,10.61,1284.34,0.04,71.35,10,0,2,0,12.0,6.0,17.0,11.0,5.0,False
13.0,2.0,1.0,2.0,37.0,165.0,0.14,7.0,23.57,1154.99,0.05,64.17,8,0,2,0,11.0,11.0,23.0,14.0,3.0,False
13.0,4.0,4.0,2.0,31.0,131.69,0.08,13.0,10.13,1711.91,0.04,95.11,10,0,1,0,13.0,6.0,19.0,12.0,7.0,False
83.0,9.0,7.0,6.0,0.0,0.0,0.0,0.0,0.0,0.0,0.0,0.0,0,0,0,0,0.0,0.0,0.0,0.0,17.0,False
14.0,2.0,1.0,1.0,21.0,87.57,0.2,5.0,17.51,437.84,0.03,24.32,12,0,0,0,10.0,8.0,13.0,8.0,3.0,False
54.0,7.0,1.0,7.0,122.0,662.0,0.05,19.08,34.7,12631.04,0.22,701.72,45,0,7,0,18.0,25.0,69.0,53.0,13.0,False
6.0,1.0,1.0,1.0,0.0,0.0,0.0,0.0,0.0,0.0,0.0,0.0,0,0,0,0,0.0,0.0,0.0,0.0,1.0,False
50.0,13.0,5.0,1.0,188.0,1000.52,0.03,39.81,25.13,39830.32,0.33,2212.8,41,2,4,0,19.0,21.0,100.0,88.0,25.0,False
69.0,4.0,1.0,4.0,298.0,1730.59,0.04,22.32,77.55,38621.74,0.58,2145.65,59,3,4,1,15.0,41.0,176.0,122.0,7.0,False
48.0,1.0,1.0,1.0,245.0,1544.43,0.11,9.14,168.98,14115.6,0.51,784.2,33,1,12,0,11.0,68.0,132.0,113.0,1.0,False
16.0,5.0,4.0,5.0,71.0,351.75,0.09,10.83,32.47,3810.6,0.12,211.7,10,0,4,0,13.0,18.0,41.0,30.0,9.0,False
17.0,3.0,3.0,2.0,41.0,187.98,0.1,10.5,17.9,1973.83,0.06,109.66,12,1,2,0,14.0,10.0,26.0,15.0,5.0,False
14.0,1.0,1.0,1.0,23.0,87.57,0.5,2.0,43.78,175.14,0.03,9.73,8,3,3,0,4.0,10.0,13.0,10.0,1.0,False
16.0,4.0,1.0,1.0,37.0,136.92,0.1,9.6,14.26,1314.4,0.05,73.02,13,0,1,0,8.0,5.0,25.0,12.0,7.0,False
185.0,19.0,1.0,7.0,760.0,4719.18,0.02,64.06,73.65,302377.38,1.57,16798.74,158,3,20,2,20.0,54.0,414.0,346.0,37.0,False
39.0,4.0,1.0,4.0,116.0,574.69,0.07,14.03,40.98,8059.98,0.19,447.78,27,6,2,0,11.0,20.0,65.0,51.0,7.0,False
25.0,9.0,9.0,4.0,94.0,461.25,0.04,26.25,17.57,12107.75,0.15,672.65,17,2,3,0,18.0,12.0,59.0,35.0,17.0,False
206.0,16.0,10.0,9.0,558.0,3640.15,0.03,33.19,109.66,120832.68,1.21,6712.93,106,24,74,0,20.0,72.0,319.0,239.0,31.0,False
12.0,2.0,1.0,1.0,30.0,114.22,0.21,4.88,23.43,556.83,0.04,30.93,6,0,4,0,6.0,8.0,17.0,13.0,3.0,False
7.0,2.0,1.0,2.0,25.0,102.19,0.26,3.85,26.54,393.42,0.03,21.86,5,0,0,0,7.0,10.0,14.0,11.0,3.0,False
6.0,1.0,1.0,1.0,9.0,23.26,0.5,2.0,11.63,46.53,0.01,2.58,3,0,1,0,3.0,3.0,5.0,4.0,1.0,False
12.0,1.0,1.0,1.0,31.0,114.71,0.1,9.6,11.95,1101.25,0.04,61.18,7,0,3,0,8.0,5.0,19.0,12.0,1.0,False
15.0,1.0,1.0,1.0,41.0,164.0,0.24,4.09,40.09,670.91,0.05,37.27,9,0,4,0,5.0,11.0,23.0,18.0,1.0,False
7.0,1.0,1.0,1.0,16.0,57.36,0.25,4.0,14.34,229.44,0.02,12.75,4,0,1,0,8.0,4.0,12.0,4.0,1.0,False
32.0,4.0,1.0,4.0,87.0,438.86,0.07,14.74,29.78,6467.44,0.15,359.3,26,1,3,0,14.0,19.0,47.0,40.0,7.0,False
15.0,1.0,1.0,1.0,32.0,130.8,0.24,4.09,31.97,535.09,0.04,29.73,6,4,3,0,6.0,11.0,17.0,15.0,1.0,False
86.0,16.0,16.0,5.0,262.0,1421.68,0.02,48.19,29.5,68511.5,0.47,3806.19,66,4,11,2,22.0,21.0,170.0,92.0,31.0,False
61.0,1.0,1.0,1.0,255.0,1153.51,0.01,79.69,14.48,91920.19,0.38,5106.68,43,2,13,0,15.0,8.0,170.0,85.0,1.0,False
14.0,1.0,1.0,1.0,39.0,156.0,0.1,10.0,15.6,1560.0,0.05,86.67,9,0,3,0,10.0,6.0,27.0,12.0,1.0,False
23.0,3.0,1.0,3.0,70.0,350.0,0.09,11.63,30.09,4071.05,0.12,226.17,20,0,3,0,13.0,19.0,36.0,34.0,5.0,False
23.0,8.0,7.0,8.0,60.0,302.66,0.11,8.75,34.59,2648.31,0.1,147.13,14,0,4,2,15.0,18.0,39.0,21.0,15.0,False
9.0,1.0,1.0,1.0,0.0,0.0,0.0,0.0,0.0,0.0,0.0,0.0,0,0,0,0,0.0,0.0,0.0,0.0,1.0,False
4.0,1.0,1.0,1.0,4.0,8.0,0.67,1.5,5.33,12.0,0.0,0.67,2,0,0,0,3.0,1.0,3.0,1.0,1.0,False
30.0,4.0,1.0,3.0,128.0,676.53,0.05,21.91,30.87,14824.86,0.23,823.6,24,0,4,0,16.0,23.0,65.0,63.0,7.0,False
16.0,2.0,1.0,2.0,31.0,111.13,0.17,6.0,18.52,666.8,0.04,37.04,12,0,2,0,6.0,6.0,19.0,12.0,3.0,False
5.0,1.0,1.0,1.0,4.0,8.0,0.67,1.5,5.33,12.0,0.0,0.67,2,0,1,0,3.0,1.0,3.0,1.0,1.0,False
39.0,6.0,4.0,5.0,112.0,603.94,0.05,19.83,30.46,11973.76,0.2,665.21,29,0,8,0,19.0,23.0,64.0,48.0,11.0,False
7.0,3.0,3.0,2.0,17.0,60.94,0.17,6.0,10.16,365.67,0.02,20.31,5,0,0,0,8.0,4.0,11.0,6.0,5.0,False
44.0,2.0,1.0,2.0,90.0,423.04,0.06,15.86,26.68,6708.2,0.14,372.68,19,12,5,0,12.0,14.0,53.0,37.0,3.0,False
72.0,5.0,1.0,1.0,269.0,1421.77,0.02,44.18,32.18,62806.83,0.47,3489.27,50,9,8,0,19.0,20.0,176.0,93.0,9.0,False
5.0,1.0,1.0,1.0,15.0,51.89,0.34,2.92,17.79,151.35,0.02,8.41,3,0,0,0,5.0,6.0,8.0,7.0,1.0,False
12.0,1.0,1.0,1.0,37.0,136.92,0.21,4.69,29.21,641.8,0.05,35.66,8,0,2,0,5.0,8.0,22.0,15.0,1.0,False
13.0,1.0,1.0,1.0,29.0,107.31,0.32,3.11,34.49,333.86,0.04,18.55,6,3,2,0,4.0,9.0,15.0,14.0,1.0,False
4.0,1.0,1.0,1.0,9.0,27.0,0.5,2.0,13.5,54.0,0.01,3.0,2,0,0,0,4.0,4.0,5.0,4.0,1.0,False
18.0,6.0,5.0,3.0,209.0,1112.28,0.03,33.15,33.56,36868.91,0.37,2048.27,13,0,2,1,23.0,17.0,160.0,49.0,11.0,False
19.0,4.0,1.0,4.0,53.0,252.01,0.1,9.75,25.85,2457.09,0.08,136.5,16,0,0,0,13.0,14.0,32.0,21.0,5.0,False
81.0,15.0,10.0,14.0,266.0,1485.6,0.05,20.43,72.72,30348.69,0.5,1686.04,72,4,2,1,13.0,35.0,156.0,110.0,29.0,True
15.0,1.0,1.0,1.0,0.0,0.0,0.0,0.0,0.0,0.0,0.0,0.0,0,0,0,0,0.0,0.0,0.0,0.0,1.0,False
11.0,2.0,1.0,2.0,33.0,128.93,0.13,7.43,17.36,957.75,0.04,53.21,8,0,1,0,8.0,7.0,20.0,13.0,3.0,False
58.0,11.0,6.0,7.0,225.0,1300.81,0.03,36.31,35.82,47232.71,0.43,2624.04,54,0,2,0,26.0,29.0,144.0,81.0,21.0,True
6.0,1.0,1.0,1.0,23.0,89.86,0.4,2.5,35.94,224.65,0.03,12.48,3,0,0,0,5.0,10.0,13.0,10.0,1.0,False
50.0,17.0,15.0,8.0,157.0,798.73,0.04,24.5,32.6,19568.93,0.27,1087.16,45,0,3,0,14.0,20.0,87.0,70.0,33.0,False
96.0,19.0,1.0,19.0,0.0,0.0,0.0,0.0,0.0,0.0,0.0,0.0,0,0,0,0,0.0,0.0,0.0,0.0,21.0,False
42.0,15.0,1.0,1.0,100.0,432.19,0.08,12.33,35.04,5330.38,0.14,296.13,38,0,2,0,8.0,12.0,63.0,37.0,29.0,False
13.0,2.0,1.0,2.0,25.0,102.19,0.2,5.06,20.19,517.32,0.03,28.74,8,0,3,0,9.0,8.0,16.0,9.0,3.0,False
26.0,8.0,4.0,6.0,80.0,366.8,0.06,15.65,23.43,5741.78,0.12,318.99,20,1,3,0,11.0,13.0,43.0,37.0,15.0,False
67.0,18.0,12.0,5.0,0.0,0.0,0.0,0.0,0.0,0.0,0.0,0.0,0,0,0,0,0.0,0.0,0.0,0.0,35.0,False
58.0,10.0,1.0,4.0,98.0,528.45,0.05,19.97,26.46,10555.04,0.18,586.39,43,7,6,0,23.0,19.0,65.0,33.0,17.0,False
49.0,6.0,1.0,4.0,146.0,742.77,0.04,24.08,30.85,17885.11,0.25,993.62,39,2,6,0,15.0,19.0,85.0,61.0,11.0,True
12.0,1.0,1.0,1.0,0.0,0.0,0.0,0.0,0.0,0.0,0.0,0.0,0,0,0,0,0.0,0.0,0.0,0.0,1.0,True
19.0,2.0,1.0,2.0,52.0,241.48,0.21,4.86,49.68,1173.86,0.08,65.2,14,0,3,0,7.0,18.0,27.0,25.0,3.0,False
150.0,20.0,16.0,16.0,382.0,2428.58,0.03,34.76,69.87,84414.26,0.81,4689.68,103,25,19,0,24.0,58.0,214.0,168.0,39.0,False
17.0,8.0,7.0,4.0,97.0,493.48,0.04,24.07,20.5,11876.51,0.16,659.81,12,0,3,0,19.0,15.0,59.0,38.0,15.0,False
7.0,2.0,1.0,2.0,25.0,102.19,0.26,3.85,26.54,393.42,0.03,21.86,5,0,0,0,7.0,10.0,14.0,11.0,3.0,False
22.0,2.0,1.0,2.0,61.0,283.28,0.08,12.46,22.73,3530.05,0.09,196.11,12,0,8,0,12.0,13.0,34.0,27.0,3.0,False
6.0,1.0,1.0,1.0,23.0,85.11,0.41,2.44,34.82,208.05,0.03,11.56,4,0,0,0,4.0,9.0,12.0,11.0,1.0,False
46.0,7.0,6.0,5.0,69.0,320.43,0.11,9.33,34.33,2990.64,0.11,166.15,38,2,4,0,10.0,15.0,41.0,28.0,13.0,False
13.0,1.0,1.0,1.0,37.0,148.0,0.19,5.4,27.41,799.2,0.05,44.4,11,0,0,0,6.0,10.0,19.0,18.0,1.0,False
8.0,1.0,1.0,1.0,22.0,83.76,0.29,3.5,23.93,293.17,0.03,16.29,6,0,0,0,7.0,7.0,15.0,7.0,1.0,False
42.0,10.0,5.0,4.0,135.0,749.87,0.04,25.0,29.99,18746.74,0.25,1041.49,35,0,5,0,25.0,22.0,91.0,44.0,19.0,False
14.0,4.0,1.0,4.0,48.0,217.13,0.09,10.54,20.6,2288.92,0.07,127.16,11,0,1,0,11.0,12.0,25.0,23.0,7.0,False
18.0,2.0,1.0,2.0,32.0,133.44,0.14,7.07,18.87,943.59,0.04,52.42,11,0,5,0,11.0,7.0,23.0,9.0,3.0,False
4.0,1.0,1.0,1.0,9.0,27.0,0.33,3.0,9.0,81.0,0.01,4.5,2,0,0,0,6.0,2.0,7.0,2.0,1.0,False
22.0,3.0,1.0,3.0,59.0,277.33,0.1,10.5,26.41,2911.92,0.09,161.77,10,4,4,1,13.0,13.0,38.0,21.0,5.0,False
99.0,7.0,1.0,6.0,0.0,0.0,0.0,0.0,0.0,0.0,0.0,0.0,0,0,0,0,0.0,0.0,0.0,0.0,13.0,False
5.0,1.0,1.0,1.0,10.0,31.7,0.19,5.25,6.04,166.42,0.01,9.25,3,0,0,0,7.0,2.0,7.0,3.0,1.0,False
42.0,5.0,1.0,4.0,0.0,0.0,0.0,0.0,0.0,0.0,0.0,0.0,0,0,0,0,0.0,0.0,0.0,0.0,9.0,False
18.0,4.0,3.0,2.0,39.0,162.63,0.06,18.0,9.03,2927.29,0.05,162.63,13,0,3,0,12.0,6.0,21.0,18.0,7.0,False
15.0,2.0,1.0,2.0,36.0,155.59,0.17,5.73,27.17,891.1,0.05,49.51,10,0,3,0,9.0,11.0,22.0,14.0,3.0,False
4.0,1.0,1.0,1.0,9.0,27.0,0.4,2.5,10.8,67.5,0.01,3.75,2,0,0,0,5.0,3.0,6.0,3.0,1.0,False
28.0,2.0,1.0,2.0,101.0,495.6,0.08,12.74,38.91,6312.33,0.17,350.68,23,0,3,0,11.0,19.0,57.0,44.0,3.0,False
54.0,5.0,1.0,1.0,50.0,208.5,0.06,17.0,12.26,3544.44,0.07,196.91,21,1,30,0,12.0,6.0,33.0,17.0,9.0,False
4.0,1.0,1.0,1.0,10.0,31.7,0.4,2.5,12.68,79.25,0.01,4.4,2,0,0,0,5.0,4.0,6.0,4.0,1.0,False
40.0,11.0,5.0,6.0,0.0,0.0,0.0,0.0,0.0,0.0,0.0,0.0,0,0,0,0,0.0,0.0,0.0,0.0,21.0,False
8.0,2.0,1.0,1.0,18.0,66.61,0.18,5.63,11.84,374.67,0.02,20.81,5,0,1,0,9.0,4.0,13.0,5.0,3.0,False
4.0,1.0,1.0,1.0,6.0,15.51,0.4,2.5,6.2,38.77,0.01,2.15,2,0,0,0,5.0,1.0,5.0,1.0,1.0,False
46.0,11.0,10.0,9.0,143.0,766.13,0.04,23.75,32.25,18195.59,0.26,1010.87,38,0,6,0,19.0,22.0,88.0,55.0,21.0,False
14.0,2.0,1.0,2.0,46.0,213.62,0.1,10.18,20.98,2175.01,0.07,120.83,9,0,2,0,14.0,11.0,30.0,16.0,3.0,False
43.0,14.0,10.0,1.0,132.0,687.65,0.04,26.92,25.55,18509.19,0.23,1028.29,38,0,2,0,18.0,18.0,86.0,51.0,27.0,False
51.0,8.0,6.0,6.0,137.0,752.38,0.04,25.6,29.39,19261.03,0.25,1070.06,40,1,7,0,20.0,25.0,73.0,64.0,15.0,False
43.0,6.0,4.0,6.0,74.0,376.47,0.09,11.2,33.61,4216.49,0.13,234.25,20,8,11,2,14.0,20.0,42.0,32.0,11.0,False
4.0,1.0,1.0,1.0,6.0,15.51,0.4,2.5,6.2,38.77,0.01,2.15,2,0,0,0,5.0,1.0,5.0,1.0,1.0,False
16.0,2.0,1.0,2.0,0.0,0.0,0.0,0.0,0.0,0.0,0.0,0.0,0,0,0,0,0.0,0.0,0.0,0.0,3.0,False
6.0,1.0,1.0,1.0,21.0,79.95,0.36,2.78,28.78,222.1,0.03,12.34,4,0,0,0,5.0,9.0,11.0,10.0,1.0,False
42.0,9.0,9.0,7.0,213.0,1202.14,0.03,29.73,40.44,35734.62,0.4,1985.26,34,0,8,0,19.0,31.0,116.0,97.0,17.0,False
7.0,3.0,1.0,3.0,28.0,106.61,0.12,8.1,13.16,863.51,0.04,47.97,4,0,1,0,9.0,5.0,19.0,9.0,5.0,False
30.0,5.0,1.0,5.0,102.0,539.11,0.06,17.1,31.53,9218.8,0.18,512.15,26,0,2,0,19.0,20.0,66.0,36.0,6.0,False
14.0,5.0,1.0,4.0,0.0,0.0,0.0,0.0,0.0,0.0,0.0,0.0,0,0,0,0,0.0,0.0,0.0,0.0,9.0,False
4.0,1.0,1.0,1.0,4.0,8.0,0.67,1.5,5.33,12.0,0.0,0.67,2,0,0,0,3.0,1.0,3.0,1.0,1.0,False
79.0,35.0,34.0,33.0,431.0,2650.54,0.03,31.97,82.9,84740.85,0.88,4707.83,72,0,5,0,19.0,52.0,256.0,175.0,69.0,False
9.0,1.0,1.0,1.0,21.0,77.71,0.33,3.0,25.9,233.13,0.03,12.95,6,0,1,0,6.0,7.0,14.0,7.0,1.0,False
19.0,8.0,8.0,2.0,65.0,330.69,0.06,17.14,19.29,5668.89,0.11,314.94,14,0,3,0,20.0,14.0,41.0,24.0,15.0,False
10.0,2.0,1.0,2.0,10.0,30.0,0.4,2.5,12.0,75.0,0.01,4.17,8,1,1,0,5.0,3.0,7.0,3.0,3.0,False
51.0,31.0,28.0,28.0,330.0,1890.21,0.03,37.73,50.09,71326.03,0.63,3962.56,44,1,4,0,21.0,32.0,215.0,115.0,61.0,True
70.0,13.0,9.0,2.0,0.0,0.0,0.0,0.0,0.0,0.0,0.0,0.0,0,0,0,0,0.0,0.0,0.0,0.0,25.0,False
74.0,12.0,1.0,12.0,0.0,0.0,0.0,0.0,0.0,0.0,0.0,0.0,0,0,0,0,0.0,0.0,0.0,0.0,20.0,False
29.0,3.0,1.0,2.0,71.0,367.06,0.16,6.15,59.65,2258.86,0.12,125.49,19,3,5,0,10.0,26.0,39.0,32.0,5.0,False
73.0,1.0,1.0,1.0,0.0,0.0,0.0,0.0,0.0,0.0,0.0,0.0,0,0,0,0,0.0,0.0,0.0,0.0,1.0,False
4.0,1.0,1.0,1.0,4.0,8.0,0.67,1.5,5.33,12.0,0.0,0.67,2,0,0,0,3.0,1.0,3.0,1.0,1.0,False
15.0,10.0,10.0,10.0,0.0,0.0,0.0,0.0,0.0,0.0,0.0,0.0,0,0,0,0,0.0,0.0,0.0,0.0,19.0,False
39.0,5.0,5.0,4.0,211.0,1219.87,0.05,18.38,66.39,22415.05,0.41,1245.28,29,1,9,0,15.0,40.0,113.0,98.0,9.0,False
4.0,1.0,1.0,1.0,13.0,41.21,0.5,2.0,20.6,82.42,0.01,4.58,2,0,0,0,4.0,5.0,8.0,5.0,1.0,False
14.0,1.0,1.0,1.0,40.0,169.92,0.23,4.38,38.75,745.02,0.06,41.39,9,0,3,0,6.0,13.0,21.0,19.0,1.0,False
31.0,5.0,3.0,4.0,51.0,236.84,0.08,12.46,19.01,2950.59,0.08,163.92,17,9,3,0,13.0,12.0,28.0,23.0,9.0,False
11.0,1.0,1.0,1.0,24.0,79.73,0.15,6.75,11.81,538.15,0.03,29.9,6,0,2,0,6.0,4.0,15.0,9.0,1.0,False
31.0,7.0,5.0,5.0,116.0,590.15,0.07,14.86,39.72,8767.88,0.2,487.1,26,0,3,0,13.0,21.0,68.0,48.0,13.0,False
20.0,2.0,1.0,2.0,77.0,398.08,0.09,11.14,35.75,4433.21,0.13,246.29,17,0,3,0,14.0,22.0,42.0,35.0,3.0,False
9.0,1.0,1.0,1.0,20.0,74.01,0.18,5.6,13.22,414.45,0.02,23.02,5,0,2,0,8.0,5.0,13.0,7.0,1.0,False
38.0,9.0,7.0,9.0,121.0,656.58,0.04,22.43,29.27,14728.24,0.22,818.24,31,0,4,0,21.0,22.0,76.0,47.0,17.0,False
17.0,2.0,1.0,1.0,43.0,185.84,0.13,7.5,24.78,1393.82,0.06,77.43,13,0,1,0,10.0,10.0,28.0,15.0,3.0,False
4.0,1.0,1.0,1.0,4.0,8.0,0.67,1.5,5.33,12.0,0.0,0.67,2,0,0,0,3.0,1.0,3.0,1.0,1.0,False
32.0,4.0,4.0,4.0,79.0,408.42,0.09,11.07,36.89,4521.84,0.14,251.21,23,1,5,0,15.0,21.0,48.0,31.0,7.0,False
12.0,2.0,1.0,2.0,35.0,158.32,0.23,4.27,37.11,675.52,0.05,37.53,9,0,1,0,8.0,15.0,19.0,16.0,3.0,False
5.0,1.0,1.0,1.0,21.0,72.65,0.35,2.86,25.43,207.57,0.02,11.53,3,0,0,0,4.0,7.0,11.0,10.0,1.0,False
6.0,1.0,1.0,1.0,19.0,74.23,0.19,5.25,14.14,389.71,0.02,21.65,4,0,0,0,9.0,6.0,12.0,7.0,1.0,False
8.0,1.0,1.0,1.0,22.0,83.76,0.36,2.78,30.15,232.67,0.03,12.93,5,0,1,0,5.0,9.0,12.0,10.0,1.0,False
74.0,11.0,1.0,2.0,165.0,801.57,0.02,40.38,19.85,32363.26,0.27,1797.96,53,0,19,0,17.0,12.0,108.0,57.0,18.0,False
17.0,7.0,7.0,7.0,65.0,294.03,0.08,12.55,23.44,3688.76,0.1,204.93,9,1,2,1,12.0,11.0,42.0,23.0,13.0,False
55.0,8.0,4.0,6.0,98.0,531.77,0.1,9.9,53.73,5262.73,0.18,292.37,37,6,9,1,14.0,29.0,57.0,41.0,15.0,False
40.0,11.0,1.0,2.0,88.0,477.51,0.07,14.32,33.35,6837.09,0.16,379.84,38,0,0,0,21.0,22.0,58.0,30.0,13.0,False
349.0,73.0,50.0,28.0,1117.0,7904.8,0.02,64.5,122.55,509896.73,2.63,28327.6,308,18,20,1,28.0,107.0,631.0,493.0,145.0,False
35.0,6.0,1.0,3.0,114.0,559.39,0.03,30.0,18.65,16781.57,0.19,932.31,25,0,5,0,18.0,12.0,74.0,40.0,11.0,False
43.0,11.0,11.0,2.0,102.0,527.33,0.04,23.75,22.2,12524.14,0.18,695.79,35,1,5,0,20.0,16.0,64.0,38.0,21.0,False
4.0,1.0,1.0,1.0,5.0,11.61,0.67,1.5,7.74,17.41,0.0,0.97,2,0,0,0,3.0,2.0,3.0,2.0,1.0,False
29.0,5.0,5.0,1.0,68.0,311.78,0.07,14.77,21.1,4605.8,0.1,255.88,19,4,3,0,13.0,11.0,43.0,25.0,9.0,False
44.0,3.0,1.0,1.0,180.0,1010.65,0.08,12.88,78.46,13018.74,0.34,723.26,38,0,4,0,11.0,38.0,91.0,89.0,5.0,False
4.0,1.0,1.0,1.0,6.0,15.51,0.5,2.0,7.75,31.02,0.01,1.72,2,0,0,0,4.0,2.0,4.0,2.0,1.0,False
10.0,2.0,1.0,2.0,26.0,108.42,0.14,7.0,15.49,758.93,0.04,42.16,6,0,0,0,12.0,6.0,19.0,7.0,3.0,False
7.0,1.0,1.0,1.0,13.0,41.21,0.42,2.4,17.17,98.9,0.01,5.49,4,0,1,0,4.0,5.0,7.0,6.0,1.0,False
4.0,1.0,1.0,1.0,4.0,8.0,0.67,1.5,5.33,12.0,0.0,0.67,2,0,0,0,3.0,1.0,3.0,1.0,1.0,False
11.0,4.0,4.0,4.0,42.0,181.52,0.15,6.67,27.23,1210.14,0.06,67.23,7,0,2,0,8.0,12.0,22.0,20.0,7.0,False
51.0,12.0,5.0,8.0,222.0,1294.9,0.02,49.71,26.05,64375.11,0.43,3576.39,44,0,5,0,29.0,28.0,126.0,96.0,23.0,False
41.0,4.0,1.0,4.0,157.0,857.13,0.06,17.14,50.0,14693.67,0.29,816.32,30,0,9,0,16.0,28.0,97.0,60.0,7.0,False
4.0,1.0,1.0,1.0,5.0,11.61,0.67,1.5,7.74,17.41,0.0,0.97,2,0,0,0,3.0,2.0,3.0,2.0,1.0,False
4.0,1.0,1.0,1.0,9.0,28.53,0.33,3.0,9.51,85.59,0.01,4.75,2,0,0,0,6.0,3.0,6.0,3.0,1.0,False
8.0,9.0,7.0,3.0,365.0,1825.0,0.02,55.0,33.18,100375.0,0.61,5576.39,3,0,0,0,20.0,12.0,299.0,66.0,17.0,False
27.0,1.0,1.0,1.0,130.0,666.81,0.08,12.0,55.57,8001.68,0.22,444.54,17,0,5,0,12.0,23.0,84.0,46.0,1.0,False
255.0,37.0,9.0,33.0,567.0,3822.41,0.02,49.6,77.06,189602.1,1.27,10533.45,208,2,43,0,34.0,73.0,354.0,213.0,60.0,False
11.0,2.0,1.0,2.0,21.0,79.95,0.16,6.25,12.79,499.72,0.03,27.76,9,0,0,0,10.0,4.0,16.0,5.0,3.0,False
128.0,33.0,33.0,21.0,686.0,4272.97,0.02,51.53,82.92,220183.61,1.42,12232.42,112,6,8,0,24.0,51.0,467.0,219.0,65.0,False
19.0,3.0,1.0,3.0,47.0,223.48,0.13,8.0,27.93,1787.84,0.07,99.32,15,0,2,0,12.0,15.0,27.0,20.0,5.0,False
14.0,4.0,3.0,2.0,37.0,171.82,0.11,8.91,19.29,1530.78,0.06,85.04,10,0,2,0,14.0,11.0,23.0,14.0,7.0,False
6.0,1.0,1.0,1.0,23.0,79.57,0.32,3.14,25.32,250.07,0.03,13.89,3,0,0,0,4.0,7.0,12.0,11.0,1.0,False
40.0,5.0,1.0,5.0,99.0,503.66,0.07,15.05,33.47,7580.07,0.17,421.11,33,1,4,0,14.0,20.0,56.0,43.0,9.0,False
6.0,1.0,1.0,1.0,9.0,27.0,0.5,2.0,13.5,54.0,0.01,3.0,3,0,1,0,4.0,4.0,5.0,4.0,1.0,False
7.0,2.0,1.0,1.0,20.0,78.14,0.18,5.71,13.67,446.5,0.03,24.81,4,0,1,0,8.0,7.0,10.0,10.0,3.0,False
4.0,1.0,1.0,1.0,8.0,24.0,0.4,2.5,9.6,60.0,0.01,3.33,2,0,0,0,5.0,3.0,5.0,3.0,1.0,False
7.0,1.0,1.0,1.0,18.0,62.27,0.34,2.92,21.35,181.62,0.02,10.09,4,0,1,0,5.0,6.0,11.0,7.0,1.0,False
